time,deal,sym,type,dir,vol,price,order,comm,swap,profit,bal,comment
2026-01-02 23:00:00,2,XAUUSD,sell,in,0.1,4331.45,2,-0.35,0.0,0.0,9999.65,QQX 11 Late Sell B L1
2026-01-02 23:03:00,3,XAUUSD,buy,out,0.1,4329.32,3,-0.35,0.0,21.3,10020.6,
2026-01-02 23:10:00,4,XAUUSD,sell,in,0.1,4329.71,4,-0.35,0.0,0.0,10020.25,QQX 11 Late Sell B L1
2026-01-05 01:02:00,5,XAUUSD,sell,in,0.1,4353.5,5,-0.35,0.0,0.0,10019.9,QQX 11 Late Sell B L2
2026-01-05 01:06:00,6,XAUUSD,sell,in,0.1,4363.3,6,-0.35,0.0,0.0,10019.55,QQX 11 Late Sell B L3
2026-01-05 01:13:00,7,XAUUSD,sell,in,0.1,4368.89,7,-0.35,0.0,0.0,10019.2,QQX 11 Late Sell B L4
2026-01-05 01:51:00,8,XAUUSD,sell,in,0.1,4374.79,8,-0.35,0.0,0.0,10018.85,QQX 11 Late Sell B L5
2026-01-05 02:19:00,9,XAUUSD,sell,in,0.1,4382.45,9,-0.35,0.0,0.0,10018.5,QQX 11 Late Sell B L6
2026-01-05 10:17:19,10,XAUUSD,buy,out,0.1,4428.97,10,-0.35,0.0,-465.2,9552.95,
2026-01-05 10:17:19,11,XAUUSD,buy,out,0.1,4428.97,11,-0.35,0.0,-541.8,9010.8,
2026-01-05 10:17:19,12,XAUUSD,buy,out,0.1,4428.97,12,-0.35,0.0,-600.8,8409.65,
2026-01-05 10:17:19,13,XAUUSD,buy,out,0.1,4428.97,13,-0.35,0.0,-656.7,7752.6,
2026-01-05 10:17:19,14,XAUUSD,buy,out,0.1,4428.97,14,-0.35,0.0,-754.7,6997.55,
2026-01-05 10:17:19,15,XAUUSD,buy,out,0.1,4428.97,15,-0.35,4.12,-992.6,6008.72,
2026-01-05 22:00:00,16,XAUUSD,buy,in,0.06,4439.88,16,-0.21,0.0,0.0,6008.51,QQX 08 Late Buy A L1
2026-01-05 22:00:00,17,XAUUSD,buy,in,0.06,4439.88,17,-0.21,0.0,0.0,6008.3,QQX 09 Late Buy B L1
2026-01-05 22:01:00,18,XAUUSD,sell,out,0.06,4440.85,18,-0.21,0.0,5.82,6013.91,
2026-01-05 22:02:00,19,XAUUSD,sell,out,0.06,4442.65,19,-0.21,0.0,16.62,6030.32,
2026-01-05 22:04:00,20,XAUUSD,buy,in,0.06,4443.33,20,-0.21,0.0,0.0,6030.11,QQX 08 Late Buy A L1
2026-01-05 22:06:00,21,XAUUSD,buy,in,0.06,4442.79,21,-0.21,0.0,0.0,6029.9,QQX 09 Late Buy B L1
2026-01-05 22:09:00,22,XAUUSD,buy,in,0.06,4440.66,22,-0.21,0.0,0.0,6029.69,QQX 08 Late Buy A L2
2026-01-05 22:12:00,23,XAUUSD,sell,out,0.06,4443.93,23,-0.21,0.0,19.62,6049.1,
2026-01-05 22:12:00,24,XAUUSD,sell,out,0.06,4443.93,24,-0.21,0.0,3.6,6052.49,
2026-01-05 22:12:00,25,XAUUSD,sell,out,0.06,4443.93,25,-0.21,0.0,6.84,6059.12,
2026-01-05 22:36:00,26,XAUUSD,buy,in,0.06,4442.79,26,-0.21,0.0,0.0,6058.91,QQX 08 Late Buy A L1
2026-01-05 22:36:00,27,XAUUSD,buy,in,0.06,4442.79,27,-0.21,0.0,0.0,6058.7,QQX 09 Late Buy B L1
2026-01-05 22:41:00,28,XAUUSD,buy,in,0.06,4438.78,28,-0.21,0.0,0.0,6058.49,QQX 08 Late Buy A L2
2026-01-05 22:41:00,29,XAUUSD,buy,in,0.06,4438.78,29,-0.21,0.0,0.0,6058.28,QQX 09 Late Buy B L2
2026-01-05 22:47:00,30,XAUUSD,sell,out,0.06,4441.83,30,-0.21,0.0,18.3,6076.37,
2026-01-05 22:47:00,31,XAUUSD,sell,out,0.06,4441.83,31,-0.21,0.0,-5.76,6070.4,
2026-01-05 22:48:00,32,XAUUSD,sell,out,0.06,4442.89,32,-0.21,0.0,24.66,6094.85,
2026-01-05 22:48:00,33,XAUUSD,sell,out,0.06,4442.89,33,-0.21,0.0,0.6,6095.24,
2026-01-05 22:48:00,34,XAUUSD,buy,in,0.06,4442.94,34,-0.21,0.0,0.0,6095.03,QQX 09 Late Buy B L1
2026-01-05 22:50:00,35,XAUUSD,buy,in,0.06,4440.67,35,-0.21,0.0,0.0,6094.82,QQX 09 Late Buy B L2
2026-01-05 22:52:00,36,XAUUSD,buy,in,0.06,4441.94,36,-0.21,0.0,0.0,6094.61,QQX 08 Late Buy A L1
2026-01-05 22:53:00,37,XAUUSD,sell,out,0.06,4443.01,37,-0.21,0.0,6.42,6100.82,
2026-01-05 22:53:00,38,XAUUSD,sell,out,0.06,4443.01,38,-0.21,0.0,14.04,6114.65,
2026-01-05 22:53:00,39,XAUUSD,sell,out,0.06,4443.01,39,-0.21,0.0,0.42,6114.86,
2026-01-05 22:54:00,40,XAUUSD,buy,in,0.06,4440.84,40,-0.21,0.0,0.0,6114.65,QQX 09 Late Buy B L1
2026-01-05 22:55:00,41,XAUUSD,sell,out,0.06,4442.11,41,-0.21,0.0,7.62,6122.06,
2026-01-05 22:56:00,42,XAUUSD,buy,in,0.06,4441.86,42,-0.21,0.0,0.0,6121.85,QQX 08 Late Buy A L1
2026-01-05 22:58:00,43,XAUUSD,sell,out,0.06,4444.16,43,-0.21,0.0,13.8,6135.44,
2026-01-05 23:20:00,44,XAUUSD,buy,in,0.06,4444.0,44,-0.21,0.0,0.0,6135.23,QQX 08 Late Buy A L1
2026-01-05 23:24:00,45,XAUUSD,buy,in,0.06,4444.38,45,-0.21,0.0,0.0,6135.02,QQX 09 Late Buy B L1
2026-01-05 23:28:00,46,XAUUSD,sell,out,0.06,4445.37,46,-0.21,0.0,8.22,6143.03,
2026-01-05 23:28:00,47,XAUUSD,sell,out,0.06,4445.37,47,-0.21,0.0,5.94,6148.76,
2026-01-06 03:00:00,48,XAUUSD,buy,in,0.06,4436.7,48,-0.21,0.0,0.0,6148.55,QQX 01 Asia Momentum Buy L1
2026-01-06 03:02:00,49,XAUUSD,sell,out,0.06,4438.07,49,-0.21,0.0,8.22,6156.56,
2026-01-06 03:15:00,50,XAUUSD,buy,in,0.06,4441.89,50,-0.21,0.0,0.0,6156.35,QQX 01 Asia Momentum Buy L1
2026-01-06 03:16:00,51,XAUUSD,sell,out,0.06,4443.36,51,-0.21,0.0,8.82,6164.96,
2026-01-06 03:30:00,52,XAUUSD,buy,in,0.06,4435.07,52,-0.21,0.0,0.0,6164.75,QQX 01 Asia Momentum Buy L1
2026-01-06 03:36:00,53,XAUUSD,sell,out,0.06,4436.78,53,-0.21,0.0,10.26,6174.8,
2026-01-06 03:45:00,54,XAUUSD,buy,in,0.06,4439.32,54,-0.21,0.0,0.0,6174.59,QQX 01 Asia Momentum Buy L1
2026-01-06 03:48:00,55,XAUUSD,sell,out,0.06,4441.36,55,-0.21,0.0,12.24,6186.62,
2026-01-06 22:00:00,56,XAUUSD,buy,in,0.06,4481.45,56,-0.21,0.0,0.0,6186.41,QQX 08 Late Buy A L1
2026-01-06 22:00:00,57,XAUUSD,buy,in,0.06,4481.45,57,-0.21,0.0,0.0,6186.2,QQX 09 Late Buy B L1
2026-01-06 22:03:00,58,XAUUSD,sell,out,0.06,4482.46,58,-0.21,0.0,6.06,6192.05,
2026-01-06 22:04:00,59,XAUUSD,sell,out,0.06,4483.1,59,-0.21,0.0,9.9,6201.74,
2026-01-06 22:06:00,60,XAUUSD,buy,in,0.06,4483.56,60,-0.21,0.0,0.0,6201.53,QQX 09 Late Buy B L1
2026-01-06 22:08:00,61,XAUUSD,buy,in,0.06,4483.0,61,-0.21,0.0,0.0,6201.32,QQX 08 Late Buy A L1
2026-01-06 22:13:00,62,XAUUSD,sell,out,0.06,4484.33,62,-0.21,0.0,7.98,6209.09,
2026-01-06 22:14:00,63,XAUUSD,sell,out,0.06,4486.19,63,-0.21,0.0,15.78,6224.66,
2026-01-06 22:32:00,64,XAUUSD,buy,in,0.06,4484.62,64,-0.21,0.0,0.0,6224.45,QQX 08 Late Buy A L1
2026-01-06 22:36:00,65,XAUUSD,buy,in,0.06,4484.59,65,-0.21,0.0,0.0,6224.24,QQX 09 Late Buy B L1
2026-01-06 22:37:00,66,XAUUSD,sell,out,0.06,4485.83,66,-0.21,0.0,7.26,6231.29,
2026-01-06 22:37:00,67,XAUUSD,sell,out,0.06,4485.83,67,-0.21,0.0,7.44,6238.52,
2026-01-07 03:15:00,68,XAUUSD,buy,in,0.06,4471.13,68,-0.21,0.0,0.0,6238.31,QQX 01 Asia Momentum Buy L1
2026-01-07 03:16:00,69,XAUUSD,sell,out,0.06,4474.79,69,-0.21,0.0,21.96,6260.06,
2026-01-07 03:30:00,70,XAUUSD,buy,in,0.06,4477.28,70,-0.21,0.0,0.0,6259.85,QQX 01 Asia Momentum Buy L1
2026-01-07 03:33:00,71,XAUUSD,buy,in,0.06,4472.73,71,-0.21,0.0,0.0,6259.64,QQX 01 Asia Momentum Buy L2
2026-01-07 03:34:00,72,XAUUSD,buy,in,0.06,4469.93,72,-0.21,0.0,0.0,6259.43,QQX 01 Asia Momentum Buy L3
2026-01-07 03:35:00,73,XAUUSD,buy,in,0.06,4467.08,73,-0.21,0.0,0.0,6259.22,QQX 01 Asia Momentum Buy L4
2026-01-07 03:57:00,74,XAUUSD,buy,in,0.06,4464.4,74,-0.21,0.0,0.0,6259.01,QQX 01 Asia Momentum Buy L5
2026-01-07 04:01:00,75,XAUUSD,buy,in,0.06,4461.27,75,-0.21,0.0,0.0,6258.8,QQX 01 Asia Momentum Buy L6
2026-01-07 04:10:00,76,XAUUSD,sell,out,0.06,4470.68,76,-0.21,0.0,56.46,6315.05,
2026-01-07 04:10:00,77,XAUUSD,sell,out,0.06,4470.68,77,-0.21,0.0,37.68,6352.52,
2026-01-07 04:10:00,78,XAUUSD,sell,out,0.06,4470.68,78,-0.21,0.0,21.6,6373.91,
2026-01-07 04:10:00,79,XAUUSD,sell,out,0.06,4470.68,79,-0.21,0.0,4.5,6378.2,
2026-01-07 04:10:00,80,XAUUSD,sell,out,0.06,4470.68,80,-0.21,0.0,-12.3,6365.69,
2026-01-07 04:10:00,81,XAUUSD,sell,out,0.06,4470.68,81,-0.21,0.0,-39.6,6325.88,
2026-01-07 04:15:00,82,XAUUSD,buy,in,0.06,4472.41,82,-0.21,0.0,0.0,6325.67,QQX 01 Asia Momentum Buy L1
2026-01-07 04:16:00,83,XAUUSD,sell,out,0.06,4473.78,83,-0.21,0.0,8.22,6333.68,
2026-01-07 04:30:00,84,XAUUSD,buy,in,0.06,4473.9,84,-0.21,0.0,0.0,6333.47,QQX 01 Asia Momentum Buy L1
2026-01-07 04:32:00,85,XAUUSD,sell,out,0.06,4476.02,85,-0.21,0.0,12.72,6345.98,
2026-01-07 04:45:00,86,XAUUSD,buy,in,0.06,4475.99,86,-0.21,0.0,0.0,6345.77,QQX 01 Asia Momentum Buy L1
2026-01-07 04:55:00,87,XAUUSD,sell,out,0.06,4478.19,87,-0.21,0.0,13.2,6358.76,
2026-01-07 22:56:00,88,XAUUSD,buy,in,0.06,4455.74,88,-0.21,0.0,0.0,6358.55,QQX 08 Late Buy A L1
2026-01-07 22:58:00,89,XAUUSD,buy,in,0.06,4453.34,89,-0.21,0.0,0.0,6358.34,QQX 08 Late Buy A L2
2026-01-07 23:00:00,90,XAUUSD,buy,in,0.06,4452.07,90,-0.21,0.0,0.0,6358.13,QQX 09 Late Buy B L1
2026-01-07 23:03:00,91,XAUUSD,sell,out,0.06,4454.34,91,-0.21,0.0,13.62,6371.54,
2026-01-07 23:06:00,92,XAUUSD,buy,in,0.06,4452.91,92,-0.21,0.0,0.0,6371.33,QQX 09 Late Buy B L1
2026-01-07 23:10:00,93,XAUUSD,sell,in,0.06,4452.94,93,-0.21,0.0,0.0,6371.12,QQX 11 Late Sell B L1
2026-01-07 23:13:00,94,XAUUSD,sell,out,0.06,4454.04,94,-0.21,0.0,6.78,6377.69,
2026-01-07 23:18:00,95,XAUUSD,buy,in,0.06,4454.06,95,-0.21,0.0,0.0,6377.48,QQX 09 Late Buy B L1
2026-01-07 23:51:00,96,XAUUSD,sell,out,0.06,4455.34,96,-0.21,0.0,7.68,6384.95,
2026-01-07 23:53:00,97,XAUUSD,sell,out,0.06,4455.64,97,-0.21,0.0,13.8,6398.54,
2026-01-07 23:53:00,98,XAUUSD,sell,out,0.06,4455.64,98,-0.21,0.0,-0.6,6397.73,
2026-01-07 23:56:00,99,XAUUSD,buy,in,0.06,4455.47,99,-0.21,0.0,0.0,6397.52,QQX 08 Late Buy A L1
2026-01-08 01:02:00,100,XAUUSD,sell,out,0.06,4460.96,100,-0.21,-10.76,32.94,6419.49,
2026-01-08 01:02:00,101,XAUUSD,sell,in,0.06,4460.96,101,-0.21,0.0,0.0,6419.28,QQX 11 Late Sell B L2
2026-01-08 02:27:00,102,XAUUSD,buy,out,0.06,4455.16,102,-0.21,0.0,34.8,6453.87,
2026-01-08 02:27:00,103,XAUUSD,buy,out,0.06,4455.16,103,-0.21,7.42,-13.32,6447.76,
2026-01-08 22:00:00,104,XAUUSD,buy,in,0.06,4452.28,104,-0.21,0.0,0.0,6447.55,QQX 08 Late Buy A L1
2026-01-08 22:00:00,105,XAUUSD,buy,in,0.06,4452.28,105,-0.21,0.0,0.0,6447.34,QQX 09 Late Buy B L1
2026-01-08 22:01:00,106,XAUUSD,sell,out,0.06,4453.6,106,-0.21,0.0,7.92,6455.05,
2026-01-08 22:01:00,107,XAUUSD,sell,out,0.06,4453.6,107,-0.21,0.0,7.92,6462.76,
2026-01-09 03:00:00,108,XAUUSD,buy,in,0.06,4462.44,108,-0.21,0.0,0.0,6462.55,QQX 01 Asia Momentum Buy L1
2026-01-09 03:01:00,109,XAUUSD,sell,out,0.06,4464.16,109,-0.21,0.0,10.32,6472.66,
2026-01-09 03:15:00,110,XAUUSD,buy,in,0.06,4459.27,110,-0.21,0.0,0.0,6472.45,QQX 01 Asia Momentum Buy L1
2026-01-09 03:16:00,111,XAUUSD,sell,out,0.06,4460.84,111,-0.21,0.0,9.42,6481.66,
2026-01-09 03:30:00,112,XAUUSD,buy,in,0.06,4457.46,112,-0.21,0.0,0.0,6481.45,QQX 01 Asia Momentum Buy L1
2026-01-09 03:35:00,113,XAUUSD,sell,out,0.06,4459.74,113,-0.21,0.0,13.68,6494.92,
2026-01-09 03:45:00,114,XAUUSD,buy,in,0.06,4462.78,114,-0.21,0.0,0.0,6494.71,QQX 01 Asia Momentum Buy L1
2026-01-09 03:47:00,115,XAUUSD,sell,out,0.06,4465.62,115,-0.21,0.0,17.04,6511.54,
2026-01-09 20:00:00,116,XAUUSD,buy,in,0.07,4484.67,116,-0.25,0.0,0.0,6511.29,QQX 06 NY Trend Buy L1
2026-01-09 20:01:00,117,XAUUSD,sell,out,0.07,4487.55,117,-0.25,0.0,20.16,6531.2,
2026-01-09 20:15:00,118,XAUUSD,buy,in,0.07,4492.97,118,-0.25,0.0,0.0,6530.95,QQX 06 NY Trend Buy L1
2026-01-09 20:18:00,119,XAUUSD,sell,out,0.07,4494.15,119,-0.25,0.0,8.26,6538.96,
2026-01-09 20:30:00,120,XAUUSD,buy,in,0.07,4491.57,120,-0.25,0.0,0.0,6538.71,QQX 06 NY Trend Buy L1
2026-01-09 20:31:00,121,XAUUSD,sell,out,0.07,4496.35,121,-0.25,0.0,33.46,6571.92,
2026-01-09 22:44:00,122,XAUUSD,buy,in,0.07,4502.81,122,-0.25,0.0,0.0,6571.67,QQX 08 Late Buy A L1
2026-01-09 22:45:00,123,XAUUSD,sell,out,0.07,4504.17,123,-0.25,0.0,9.52,6580.94,
2026-01-09 23:44:00,124,XAUUSD,buy,in,0.07,4506.67,124,-0.25,0.0,0.0,6580.69,QQX 08 Late Buy A L1
2026-01-09 23:45:00,125,XAUUSD,sell,out,0.07,4510.02,125,-0.25,0.0,23.45,6603.89,
2026-01-12 20:15:00,126,XAUUSD,buy,in,0.07,4608.49,126,-0.25,0.0,0.0,6603.64,QQX 06 NY Trend Buy L1
2026-01-12 20:17:00,127,XAUUSD,buy,in,0.07,4604.01,127,-0.25,0.0,0.0,6603.39,QQX 06 NY Trend Buy L2
2026-01-12 20:27:00,128,XAUUSD,buy,in,0.07,4601.7,128,-0.25,0.0,0.0,6603.14,QQX 06 NY Trend Buy L3
2026-01-12 20:33:00,129,XAUUSD,sell,out,0.07,4605.86,129,-0.25,0.0,29.12,6632.01,
2026-01-12 20:33:00,130,XAUUSD,sell,out,0.07,4605.86,130,-0.25,0.0,12.95,6644.71,
2026-01-12 20:33:00,131,XAUUSD,sell,out,0.07,4605.86,131,-0.25,0.0,-18.41,6626.05,
2026-01-12 20:45:00,132,XAUUSD,buy,in,0.07,4606.01,132,-0.25,0.0,0.0,6625.8,QQX 06 NY Trend Buy L1
2026-01-12 20:46:00,133,XAUUSD,sell,out,0.07,4608.66,133,-0.25,0.0,18.55,6644.1,
2026-01-12 22:00:00,134,XAUUSD,buy,in,0.07,4611.27,134,-0.25,0.0,0.0,6643.85,QQX 08 Late Buy A L1
2026-01-12 22:00:00,135,XAUUSD,buy,in,0.07,4611.27,135,-0.25,0.0,0.0,6643.6,QQX 09 Late Buy B L1
2026-01-12 22:02:00,136,XAUUSD,buy,in,0.07,4607.77,136,-0.25,0.0,0.0,6643.35,QQX 08 Late Buy A L2
2026-01-12 22:02:00,137,XAUUSD,buy,in,0.07,4607.77,137,-0.25,0.0,0.0,6643.1,QQX 09 Late Buy B L2
2026-01-12 22:05:00,138,XAUUSD,buy,in,0.07,4604.13,138,-0.25,0.0,0.0,6642.85,QQX 08 Late Buy A L3
2026-01-12 22:05:00,139,XAUUSD,buy,in,0.07,4604.13,139,-0.25,0.0,0.0,6642.6,QQX 09 Late Buy B L3
2026-01-12 22:10:00,140,XAUUSD,buy,in,0.07,4600.62,140,-0.25,0.0,0.0,6642.35,QQX 08 Late Buy A L4
2026-01-12 22:10:00,141,XAUUSD,buy,in,0.07,4600.62,141,-0.25,0.0,0.0,6642.1,QQX 09 Late Buy B L4
2026-01-12 22:43:00,142,XAUUSD,buy,in,0.07,4596.51,142,-0.25,0.0,0.0,6641.85,QQX 08 Late Buy A L5
2026-01-12 22:43:00,143,XAUUSD,buy,in,0.07,4596.51,143,-0.25,0.0,0.0,6641.6,QQX 09 Late Buy B L5
2026-01-12 22:45:00,144,XAUUSD,buy,in,0.07,4593.01,144,-0.25,0.0,0.0,6641.35,QQX 08 Late Buy A L6
2026-01-12 22:45:00,145,XAUUSD,buy,in,0.07,4593.01,145,-0.25,0.0,0.0,6641.1,QQX 09 Late Buy B L6
2026-01-12 23:45:00,146,XAUUSD,buy,in,0.07,4590.82,146,-0.25,0.0,0.0,6640.85,QQX 08 Late Buy A L7
2026-01-13 01:02:00,147,XAUUSD,sell,out,0.07,4602.66,147,-0.25,-4.19,82.88,6719.29,
2026-01-13 01:02:00,148,XAUUSD,sell,out,0.07,4602.66,148,-0.25,-4.19,67.55,6782.4,
2026-01-13 01:02:00,149,XAUUSD,sell,out,0.07,4602.66,149,-0.25,-4.19,43.05,6821.01,
2026-01-13 01:02:00,150,XAUUSD,sell,out,0.07,4602.66,150,-0.25,-4.19,14.28,6830.85,
2026-01-13 01:02:00,151,XAUUSD,sell,out,0.07,4602.66,151,-0.25,-4.19,-10.29,6816.12,
2026-01-13 01:02:00,152,XAUUSD,sell,out,0.07,4602.66,152,-0.25,-4.19,-35.77,6775.91,
2026-01-13 01:02:00,153,XAUUSD,sell,out,0.07,4602.66,153,-0.25,-4.19,-60.27,6711.2,
2026-01-13 01:03:00,154,XAUUSD,sell,out,0.07,4603.36,154,-0.25,-4.19,72.45,6779.21,
2026-01-13 01:03:00,155,XAUUSD,sell,out,0.07,4603.36,155,-0.25,-4.19,47.95,6822.72,
2026-01-13 01:03:00,156,XAUUSD,sell,out,0.07,4603.36,156,-0.25,-4.19,19.18,6837.46,
2026-01-13 01:03:00,157,XAUUSD,sell,out,0.07,4603.36,157,-0.25,-4.19,-5.39,6827.63,
2026-01-13 01:03:00,158,XAUUSD,sell,out,0.07,4603.36,158,-0.25,-4.19,-30.87,6792.32,
2026-01-13 01:03:00,159,XAUUSD,sell,out,0.07,4603.36,159,-0.25,-4.19,-55.37,6732.51,
2026-01-13 03:00:00,160,XAUUSD,buy,in,0.07,4587.5,160,-0.25,0.0,0.0,6732.26,QQX 01 Asia Momentum Buy L1
2026-01-13 03:03:00,161,XAUUSD,buy,in,0.07,4582.84,161,-0.25,0.0,0.0,6732.01,QQX 01 Asia Momentum Buy L2
2026-01-13 03:07:00,162,XAUUSD,sell,out,0.07,4588.62,162,-0.25,0.0,40.46,6772.22,
2026-01-13 03:07:00,163,XAUUSD,sell,out,0.07,4588.62,163,-0.25,0.0,7.84,6779.81,
2026-01-13 03:15:00,164,XAUUSD,buy,in,0.07,4592.58,164,-0.25,0.0,0.0,6779.56,QQX 01 Asia Momentum Buy L1
2026-01-13 03:16:00,165,XAUUSD,sell,out,0.07,4594.25,165,-0.25,0.0,11.69,6791.0,
2026-01-13 03:30:00,166,XAUUSD,buy,in,0.07,4581.77,166,-0.25,0.0,0.0,6790.75,QQX 01 Asia Momentum Buy L1
2026-01-13 03:32:00,167,XAUUSD,buy,in,0.07,4577.26,167,-0.25,0.0,0.0,6790.5,QQX 01 Asia Momentum Buy L2
2026-01-13 03:37:00,168,XAUUSD,sell,out,0.07,4581.62,168,-0.25,0.0,30.52,6820.77,
2026-01-13 03:37:00,169,XAUUSD,sell,out,0.07,4581.62,169,-0.25,0.0,-1.05,6819.47,
2026-01-13 03:45:00,170,XAUUSD,buy,in,0.07,4583.28,170,-0.25,0.0,0.0,6819.22,QQX 01 Asia Momentum Buy L1
2026-01-13 03:46:00,171,XAUUSD,sell,out,0.07,4585.19,171,-0.25,0.0,13.37,6832.34,
2026-01-13 04:00:00,172,XAUUSD,buy,in,0.07,4577.83,172,-0.25,0.0,0.0,6832.09,QQX 01 Asia Momentum Buy L1
2026-01-13 04:01:00,173,XAUUSD,sell,out,0.07,4582.06,173,-0.25,0.0,29.61,6861.45,
2026-01-13 04:15:00,174,XAUUSD,buy,in,0.07,4586.62,174,-0.25,0.0,0.0,6861.2,QQX 01 Asia Momentum Buy L1
2026-01-13 04:30:00,175,XAUUSD,buy,in,0.07,4583.83,175,-0.25,0.0,0.0,6860.95,QQX 01 Asia Momentum Buy L2
2026-01-13 04:32:00,176,XAUUSD,sell,out,0.07,4587.48,176,-0.25,0.0,25.55,6886.25,
2026-01-13 04:32:00,177,XAUUSD,sell,out,0.07,4587.48,177,-0.25,0.0,6.02,6892.02,
2026-01-13 04:45:00,178,XAUUSD,buy,in,0.07,4589.27,178,-0.25,0.0,0.0,6891.77,QQX 01 Asia Momentum Buy L1
2026-01-13 04:46:00,179,XAUUSD,sell,out,0.07,4592.28,179,-0.25,0.0,21.07,6912.59,
2026-01-13 19:15:00,180,XAUUSD,buy,in,0.07,4608.49,180,-0.25,0.0,0.0,6912.34,QQX 06 NY Trend Buy L1
2026-01-13 19:19:00,181,XAUUSD,sell,out,0.07,4609.61,181,-0.25,0.0,7.84,6919.93,
2026-01-13 19:45:00,182,XAUUSD,buy,in,0.07,4604.52,182,-0.25,0.0,0.0,6919.68,QQX 06 NY Trend Buy L1
2026-01-13 19:46:00,183,XAUUSD,sell,out,0.07,4605.73,183,-0.25,0.0,8.47,6927.9,
2026-01-13 20:00:00,184,XAUUSD,buy,in,0.07,4590.33,184,-0.25,0.0,0.0,6927.65,QQX 06 NY Trend Buy L1
2026-01-13 20:03:00,185,XAUUSD,sell,out,0.07,4592.3,185,-0.25,0.0,13.79,6941.19,
2026-01-13 20:15:00,186,XAUUSD,buy,in,0.07,4594.6,186,-0.25,0.0,0.0,6940.94,QQX 06 NY Trend Buy L1
2026-01-13 20:17:00,187,XAUUSD,buy,in,0.07,4591.82,187,-0.25,0.0,0.0,6940.69,QQX 06 NY Trend Buy L2
2026-01-13 20:19:00,188,XAUUSD,buy,in,0.07,4588.39,188,-0.25,0.0,0.0,6940.44,QQX 06 NY Trend Buy L3
2026-01-13 20:22:00,189,XAUUSD,buy,in,0.07,4582.55,189,-0.25,0.0,0.0,6940.19,QQX 06 NY Trend Buy L4
2026-01-13 20:26:00,190,XAUUSD,sell,out,0.07,4590.94,190,-0.25,0.0,58.73,6998.67,
2026-01-13 20:26:00,191,XAUUSD,sell,out,0.07,4590.94,191,-0.25,0.0,17.85,7016.27,
2026-01-13 20:26:00,192,XAUUSD,sell,out,0.07,4590.94,192,-0.25,0.0,-6.16,7009.86,
2026-01-13 20:26:00,193,XAUUSD,sell,out,0.07,4590.94,193,-0.25,0.0,-25.62,6983.99,
2026-01-13 20:30:00,194,XAUUSD,buy,in,0.07,4591.82,194,-0.25,0.0,0.0,6983.74,QQX 06 NY Trend Buy L1
2026-01-13 20:32:00,195,XAUUSD,sell,out,0.07,4594.66,195,-0.25,0.0,19.88,7003.37,
2026-01-13 20:45:00,196,XAUUSD,buy,in,0.07,4600.41,196,-0.25,0.0,0.0,7003.12,QQX 06 NY Trend Buy L1
2026-01-13 20:47:00,197,XAUUSD,sell,out,0.07,4602.07,197,-0.25,0.0,11.62,7014.49,
2026-01-14 19:00:00,198,XAUUSD,buy,in,0.07,4617.26,198,-0.25,0.0,0.0,7014.24,QQX 06 NY Trend Buy L1
2026-01-14 19:02:00,199,XAUUSD,sell,out,0.07,4618.97,199,-0.25,0.0,11.97,7025.96,
2026-01-14 19:15:00,200,XAUUSD,buy,in,0.07,4615.77,200,-0.25,0.0,0.0,7025.71,QQX 06 NY Trend Buy L1
2026-01-14 19:19:00,201,XAUUSD,buy,in,0.07,4612.74,201,-0.25,0.0,0.0,7025.46,QQX 06 NY Trend Buy L2
2026-01-14 19:22:00,202,XAUUSD,buy,in,0.07,4609.47,202,-0.25,0.0,0.0,7025.21,QQX 06 NY Trend Buy L3
2026-01-14 19:26:00,203,XAUUSD,buy,in,0.07,4606.5,203,-0.25,0.0,0.0,7024.96,QQX 06 NY Trend Buy L4
2026-01-14 19:42:00,204,XAUUSD,buy,in,0.07,4603.9,204,-0.25,0.0,0.0,7024.71,QQX 06 NY Trend Buy L5
2026-01-14 19:50:00,205,XAUUSD,sell,out,0.07,4611.06,205,-0.25,0.0,50.12,7074.58,
2026-01-14 19:50:00,206,XAUUSD,sell,out,0.07,4611.06,206,-0.25,0.0,31.92,7106.25,
2026-01-14 19:50:00,207,XAUUSD,sell,out,0.07,4611.06,207,-0.25,0.0,11.13,7117.13,
2026-01-14 19:50:00,208,XAUUSD,sell,out,0.07,4611.06,208,-0.25,0.0,-11.76,7105.12,
2026-01-14 19:50:00,209,XAUUSD,sell,out,0.07,4611.06,209,-0.25,0.0,-32.97,7071.9,
2026-01-14 20:00:00,210,XAUUSD,buy,in,0.07,4613.91,210,-0.25,0.0,0.0,7071.65,QQX 06 NY Trend Buy L1
2026-01-14 20:01:00,211,XAUUSD,sell,out,0.07,4615.47,211,-0.25,0.0,10.92,7082.32,
2026-01-14 22:04:00,212,XAUUSD,buy,in,0.07,4634.41,212,-0.25,0.0,0.0,7082.07,QQX 08 Late Buy A L1
2026-01-14 22:05:00,213,XAUUSD,buy,in,0.07,4631.93,213,-0.25,0.0,0.0,7081.82,QQX 08 Late Buy A L2
2026-01-14 22:07:00,214,XAUUSD,buy,in,0.07,4628.69,214,-0.25,0.0,0.0,7081.57,QQX 08 Late Buy A L3
2026-01-14 22:08:00,215,XAUUSD,sell,out,0.07,4634.43,215,-0.25,0.0,40.18,7121.5,
2026-01-14 22:08:00,216,XAUUSD,sell,out,0.07,4634.43,216,-0.25,0.0,17.5,7138.75,
2026-01-14 22:08:00,217,XAUUSD,sell,out,0.07,4634.43,217,-0.25,0.0,0.14,7138.64,
2026-01-14 22:28:00,218,XAUUSD,buy,in,0.07,4633.59,218,-0.25,0.0,0.0,7138.39,QQX 08 Late Buy A L1
2026-01-14 22:35:00,219,XAUUSD,buy,in,0.07,4630.53,219,-0.25,0.0,0.0,7138.14,QQX 08 Late Buy A L2
2026-01-14 22:36:00,220,XAUUSD,buy,in,0.07,4631.03,220,-0.25,0.0,0.0,7137.89,QQX 09 Late Buy B L1
2026-01-14 22:37:00,221,XAUUSD,sell,out,0.07,4632.29,221,-0.25,0.0,8.82,7146.46,
2026-01-14 22:40:00,222,XAUUSD,sell,out,0.07,4633.8,222,-0.25,0.0,22.89,7169.1,
2026-01-14 22:40:00,223,XAUUSD,sell,out,0.07,4633.8,223,-0.25,0.0,1.47,7170.32,
2026-01-14 22:42:00,224,XAUUSD,buy,in,0.07,4631.8,224,-0.25,0.0,0.0,7170.07,QQX 09 Late Buy B L1
2026-01-14 22:44:00,225,XAUUSD,buy,in,0.07,4627.55,225,-0.25,0.0,0.0,7169.82,QQX 08 Late Buy A L1
2026-01-14 22:44:00,226,XAUUSD,buy,in,0.07,4627.55,226,-0.25,0.0,0.0,7169.57,QQX 09 Late Buy B L2
2026-01-14 22:47:00,227,XAUUSD,sell,out,0.07,4629.88,227,-0.25,0.0,16.31,7185.63,
2026-01-14 22:48:00,228,XAUUSD,buy,in,0.07,4630.03,228,-0.25,0.0,0.0,7185.38,QQX 08 Late Buy A L1
2026-01-14 22:51:00,229,XAUUSD,sell,out,0.07,4632.37,229,-0.25,0.0,16.38,7201.51,
2026-01-14 22:51:00,230,XAUUSD,sell,out,0.07,4632.37,230,-0.25,0.0,33.74,7235.0,
2026-01-14 22:51:00,231,XAUUSD,sell,out,0.07,4632.37,231,-0.25,0.0,3.99,7238.74,
2026-01-14 22:52:00,232,XAUUSD,buy,in,0.07,4631.93,232,-0.25,0.0,0.0,7238.49,QQX 08 Late Buy A L1
2026-01-14 22:54:00,233,XAUUSD,buy,in,0.07,4632.81,233,-0.25,0.0,0.0,7238.24,QQX 09 Late Buy B L1
2026-01-14 23:02:00,234,XAUUSD,buy,in,0.07,4629.96,234,-0.25,0.0,0.0,7237.99,QQX 09 Late Buy B L2
2026-01-14 23:12:00,235,XAUUSD,buy,in,0.07,4629.73,235,-0.25,0.0,0.0,7237.74,QQX 08 Late Buy A L2
2026-01-14 23:15:00,236,XAUUSD,buy,in,0.07,4624.61,236,-0.25,0.0,0.0,7237.49,QQX 08 Late Buy A L3
2026-01-14 23:15:00,237,XAUUSD,buy,in,0.07,4624.61,237,-0.25,0.0,0.0,7237.24,QQX 09 Late Buy B L3
2026-01-14 23:26:00,238,XAUUSD,buy,in,0.07,4622.11,238,-0.25,0.0,0.0,7236.99,QQX 08 Late Buy A L4
2026-01-14 23:26:00,239,XAUUSD,buy,in,0.07,4622.11,239,-0.25,0.0,0.0,7236.74,QQX 09 Late Buy B L4
2026-01-14 23:43:00,240,XAUUSD,buy,in,0.07,4618.72,240,-0.25,0.0,0.0,7236.49,QQX 08 Late Buy A L5
2026-01-14 23:43:00,241,XAUUSD,buy,in,0.07,4618.72,241,-0.25,0.0,0.0,7236.24,QQX 09 Late Buy B L5
2026-01-14 23:55:00,242,XAUUSD,sell,out,0.07,4627.0,242,-0.25,0.0,57.96,7293.95,
2026-01-14 23:55:00,243,XAUUSD,sell,out,0.07,4627.0,243,-0.25,0.0,34.23,7327.93,
2026-01-14 23:55:00,244,XAUUSD,sell,out,0.07,4627.0,244,-0.25,0.0,16.73,7344.41,
2026-01-14 23:55:00,245,XAUUSD,sell,out,0.07,4627.0,245,-0.25,0.0,-19.11,7325.05,
2026-01-14 23:55:00,246,XAUUSD,sell,out,0.07,4627.0,246,-0.25,0.0,-34.51,7290.29,
2026-01-14 23:55:00,247,XAUUSD,sell,out,0.07,4627.0,247,-0.25,0.0,57.96,7348.0,
2026-01-14 23:55:00,248,XAUUSD,sell,out,0.07,4627.0,248,-0.25,0.0,34.23,7381.98,
2026-01-14 23:55:00,249,XAUUSD,sell,out,0.07,4627.0,249,-0.25,0.0,16.73,7398.46,
2026-01-14 23:55:00,250,XAUUSD,sell,out,0.07,4627.0,250,-0.25,0.0,-20.72,7377.49,
2026-01-14 23:55:00,251,XAUUSD,sell,out,0.07,4627.0,251,-0.25,0.0,-40.67,7336.57,
2026-01-15 22:00:00,252,XAUUSD,buy,in,0.07,4616.04,252,-0.25,0.0,0.0,7336.32,QQX 08 Late Buy A L1
2026-01-15 22:00:00,253,XAUUSD,buy,in,0.07,4616.04,253,-0.25,0.0,0.0,7336.07,QQX 09 Late Buy B L1
2026-01-15 22:02:00,254,XAUUSD,buy,in,0.07,4613.2,254,-0.25,0.0,0.0,7335.82,QQX 08 Late Buy A L2
2026-01-15 22:02:00,255,XAUUSD,buy,in,0.07,4613.2,255,-0.25,0.0,0.0,7335.57,QQX 09 Late Buy B L2
2026-01-15 22:09:00,256,XAUUSD,buy,in,0.07,4610.87,256,-0.25,0.0,0.0,7335.32,QQX 08 Late Buy A L3
2026-01-15 22:09:00,257,XAUUSD,buy,in,0.07,4610.87,257,-0.25,0.0,0.0,7335.07,QQX 09 Late Buy B L3
2026-01-15 22:10:00,258,XAUUSD,buy,in,0.07,4605.95,258,-0.25,0.0,0.0,7334.82,QQX 08 Late Buy A L4
2026-01-15 22:10:00,259,XAUUSD,buy,in,0.07,4605.95,259,-0.25,0.0,0.0,7334.57,QQX 09 Late Buy B L4
2026-01-15 22:18:00,260,XAUUSD,buy,in,0.07,4601.94,260,-0.25,0.0,0.0,7334.32,QQX 08 Late Buy A L5
2026-01-15 22:18:00,261,XAUUSD,buy,in,0.07,4601.94,261,-0.25,0.0,0.0,7334.07,QQX 09 Late Buy B L5
2026-01-15 23:08:00,262,XAUUSD,sell,out,0.07,4611.25,262,-0.25,0.0,65.17,7398.99,
2026-01-15 23:08:00,263,XAUUSD,sell,out,0.07,4611.25,263,-0.25,0.0,37.1,7435.84,
2026-01-15 23:08:00,264,XAUUSD,sell,out,0.07,4611.25,264,-0.25,0.0,2.66,7438.25,
2026-01-15 23:08:00,265,XAUUSD,sell,out,0.07,4611.25,265,-0.25,0.0,-13.65,7424.35,
2026-01-15 23:08:00,266,XAUUSD,sell,out,0.07,4611.25,266,-0.25,0.0,-33.53,7390.57,
2026-01-15 23:08:00,267,XAUUSD,sell,out,0.07,4611.25,267,-0.25,0.0,65.17,7455.49,
2026-01-15 23:08:00,268,XAUUSD,sell,out,0.07,4611.25,268,-0.25,0.0,37.1,7492.34,
2026-01-15 23:08:00,269,XAUUSD,sell,out,0.07,4611.25,269,-0.25,0.0,2.66,7494.75,
2026-01-15 23:08:00,270,XAUUSD,sell,out,0.07,4611.25,270,-0.25,0.0,-13.65,7480.85,
2026-01-15 23:08:00,271,XAUUSD,sell,out,0.07,4611.25,271,-0.25,0.0,-33.53,7447.07,
2026-01-16 23:20:00,272,XAUUSD,sell,in,0.07,4598.06,272,-0.25,0.0,0.0,7446.82,QQX 11 Late Sell B L1
2026-01-16 23:23:00,273,XAUUSD,buy,out,0.07,4595.8,273,-0.25,0.0,15.82,7462.39,
2026-01-16 23:30:00,274,XAUUSD,sell,in,0.07,4592.45,274,-0.25,0.0,0.0,7462.14,QQX 11 Late Sell B L1
2026-01-19 01:02:00,275,XAUUSD,sell,in,0.07,4639.21,275,-0.25,0.0,0.0,7461.89,QQX 11 Late Sell B L2
2026-01-19 01:04:00,276,XAUUSD,sell,in,0.07,4646.12,276,-0.25,0.0,0.0,7461.64,QQX 11 Late Sell B L3
2026-01-19 01:06:00,277,XAUUSD,sell,in,0.07,4652.08,277,-0.25,0.0,0.0,7461.39,QQX 11 Late Sell B L4
2026-01-19 01:12:00,278,XAUUSD,sell,in,0.07,4658.02,278,-0.25,0.0,0.0,7461.14,QQX 11 Late Sell B L5
2026-01-19 01:17:00,279,XAUUSD,sell,in,0.07,4668.13,279,-0.25,0.0,0.0,7460.89,QQX 11 Late Sell B L6
2026-01-20 03:00:00,280,XAUUSD,buy,in,0.07,4660.62,280,-0.25,0.0,0.0,7460.64,QQX 01 Asia Momentum Buy L1
2026-01-20 03:01:00,281,XAUUSD,sell,out,0.07,4664.5,281,-0.25,0.0,27.16,7487.55,
2026-01-20 03:15:00,282,XAUUSD,buy,in,0.07,4670.33,282,-0.25,0.0,0.0,7487.3,QQX 01 Asia Momentum Buy L1
2026-01-20 03:19:00,283,XAUUSD,sell,out,0.07,4672.27,283,-0.25,0.0,13.58,7500.63,
2026-01-20 04:00:00,284,XAUUSD,buy,in,0.08,4669.74,284,-0.28,0.0,0.0,7500.35,QQX 01 Asia Momentum Buy L1
2026-01-20 04:01:00,285,XAUUSD,sell,out,0.08,4671.4,285,-0.28,0.0,13.28,7513.35,
2026-01-20 04:15:00,286,XAUUSD,buy,in,0.08,4666.21,286,-0.28,0.0,0.0,7513.07,QQX 01 Asia Momentum Buy L1
2026-01-20 04:19:00,287,XAUUSD,sell,out,0.08,4668.07,287,-0.28,0.0,14.88,7527.67,
2026-01-20 07:58:42,288,XAUUSD,buy,out,0.07,4714.88,288,-0.25,2.88,-327.25,7203.05,
2026-01-20 07:58:42,289,XAUUSD,buy,out,0.07,4714.88,289,-0.25,2.88,-398.02,6807.66,
2026-01-20 07:58:42,290,XAUUSD,buy,out,0.07,4714.88,290,-0.25,2.88,-439.6,6370.69,
2026-01-20 07:58:42,291,XAUUSD,buy,out,0.07,4714.88,291,-0.25,2.88,-481.32,5892.0,
2026-01-20 07:58:42,292,XAUUSD,buy,out,0.07,4714.88,292,-0.25,2.88,-529.69,5364.94,
2026-01-20 07:58:42,293,XAUUSD,buy,out,0.07,4714.88,293,-0.25,5.76,-857.01,4513.44,
2026-01-20 22:04:00,294,XAUUSD,buy,in,0.05,4760.31,294,-0.18,0.0,0.0,4513.26,QQX 08 Late Buy A L1
2026-01-20 22:05:00,295,XAUUSD,buy,in,0.05,4758.0,295,-0.18,0.0,0.0,4513.08,QQX 08 Late Buy A L2
2026-01-20 22:06:00,296,XAUUSD,buy,in,0.05,4756.82,296,-0.18,0.0,0.0,4512.9,QQX 09 Late Buy B L1
2026-01-20 22:09:00,297,XAUUSD,sell,out,0.05,4758.75,297,-0.18,0.0,9.65,4522.37,
2026-01-20 22:14:00,298,XAUUSD,sell,out,0.05,4760.97,298,-0.18,0.0,14.85,4537.04,
2026-01-20 22:14:00,299,XAUUSD,sell,out,0.05,4760.97,299,-0.18,0.0,3.3,4540.16,
2026-01-20 22:18:00,300,XAUUSD,buy,in,0.05,4758.76,300,-0.18,0.0,0.0,4539.98,QQX 09 Late Buy B L1
2026-01-20 22:19:00,301,XAUUSD,buy,in,0.05,4754.2,301,-0.18,0.0,0.0,4539.8,QQX 09 Late Buy B L2
2026-01-20 22:20:00,302,XAUUSD,buy,in,0.05,4755.9,302,-0.18,0.0,0.0,4539.62,QQX 08 Late Buy A L1
2026-01-20 22:22:00,303,XAUUSD,buy,in,0.05,4752.06,303,-0.18,0.0,0.0,4539.44,QQX 08 Late Buy A L2
2026-01-20 22:23:00,304,XAUUSD,buy,in,0.05,4750.86,304,-0.18,0.0,0.0,4539.26,QQX 09 Late Buy B L3
2026-01-20 22:24:00,305,XAUUSD,buy,in,0.05,4748.82,305,-0.18,0.0,0.0,4539.08,QQX 08 Late Buy A L3
2026-01-20 22:26:00,306,XAUUSD,sell,out,0.05,4754.38,306,-0.18,0.0,27.8,4566.7,
2026-01-20 22:26:00,307,XAUUSD,sell,out,0.05,4754.38,307,-0.18,0.0,11.6,4578.12,
2026-01-20 22:26:00,308,XAUUSD,sell,out,0.05,4754.38,308,-0.18,0.0,-7.6,4570.34,
2026-01-20 22:28:00,309,XAUUSD,buy,in,0.05,4750.7,309,-0.18,0.0,0.0,4570.16,QQX 08 Late Buy A L1
2026-01-20 22:32:00,310,XAUUSD,sell,out,0.05,4753.94,310,-0.18,0.0,16.2,4586.18,
2026-01-20 22:36:00,311,XAUUSD,buy,in,0.05,4753.61,311,-0.18,0.0,0.0,4586.0,QQX 08 Late Buy A L1
2026-01-20 22:40:00,312,XAUUSD,buy,in,0.05,4750.79,312,-0.18,0.0,0.0,4585.82,QQX 08 Late Buy A L2
2026-01-20 22:48:00,313,XAUUSD,sell,out,0.05,4754.43,313,-0.18,0.0,18.2,4603.84,
2026-01-20 22:48:00,314,XAUUSD,sell,out,0.05,4754.43,314,-0.18,0.0,4.1,4607.76,
2026-01-20 22:52:00,315,XAUUSD,buy,in,0.05,4753.61,315,-0.18,0.0,0.0,4607.58,QQX 08 Late Buy A L1
2026-01-20 22:55:00,316,XAUUSD,sell,out,0.05,4755.33,316,-0.18,0.0,8.6,4616.0,
2026-01-20 22:56:00,317,XAUUSD,buy,in,0.05,4756.7,317,-0.18,0.0,0.0,4615.82,QQX 08 Late Buy A L1
2026-01-20 22:56:00,318,XAUUSD,sell,out,0.05,4756.65,318,-0.18,0.0,28.95,4644.59,
2026-01-20 22:56:00,319,XAUUSD,sell,out,0.05,4756.65,319,-0.18,0.0,12.25,4656.66,
2026-01-20 22:56:00,320,XAUUSD,sell,out,0.05,4756.65,320,-0.18,0.0,-10.55,4645.93,
2026-01-20 23:00:00,321,XAUUSD,buy,in,0.05,4756.83,321,-0.18,0.0,0.0,4645.75,QQX 09 Late Buy B L1
2026-01-20 23:01:00,322,XAUUSD,sell,out,0.05,4757.86,322,-0.18,0.0,5.8,4651.37,
2026-01-20 23:01:00,323,XAUUSD,sell,out,0.05,4757.86,323,-0.18,0.0,5.15,4656.34,
2026-01-20 23:36:00,324,XAUUSD,buy,in,0.05,4757.75,324,-0.18,0.0,0.0,4656.16,QQX 08 Late Buy A L1
2026-01-20 23:36:00,325,XAUUSD,buy,in,0.05,4757.75,325,-0.18,0.0,0.0,4655.98,QQX 09 Late Buy B L1
2026-01-20 23:45:00,326,XAUUSD,sell,out,0.05,4759.36,326,-0.18,0.0,8.05,4663.85,
2026-01-20 23:45:00,327,XAUUSD,sell,out,0.05,4759.36,327,-0.18,0.0,8.05,4671.72,
2026-01-21 19:00:00,328,XAUUSD,buy,in,0.05,4833.57,328,-0.18,0.0,0.0,4671.54,QQX 06 NY Trend Buy L1
2026-01-21 19:01:00,329,XAUUSD,buy,in,0.05,4830.43,329,-0.18,0.0,0.0,4671.36,QQX 06 NY Trend Buy L2
2026-01-21 19:02:00,330,XAUUSD,buy,in,0.05,4827.63,330,-0.18,0.0,0.0,4671.18,QQX 06 NY Trend Buy L3
2026-01-21 19:03:00,331,XAUUSD,buy,in,0.05,4822.91,331,-0.18,0.0,0.0,4671.0,QQX 06 NY Trend Buy L4
2026-01-21 19:04:00,332,XAUUSD,buy,in,0.05,4819.42,332,-0.18,0.0,0.0,4670.82,QQX 06 NY Trend Buy L5
2026-01-21 19:07:00,333,XAUUSD,sell,out,0.05,4828.17,333,-0.18,0.0,43.75,4714.39,
2026-01-21 19:07:00,334,XAUUSD,sell,out,0.05,4828.17,334,-0.18,0.0,26.3,4740.51,
2026-01-21 19:07:00,335,XAUUSD,sell,out,0.05,4828.17,335,-0.18,0.0,2.7,4743.03,
2026-01-21 19:07:00,336,XAUUSD,sell,out,0.05,4828.17,336,-0.18,0.0,-11.3,4731.55,
2026-01-21 19:07:00,337,XAUUSD,sell,out,0.05,4828.17,337,-0.18,0.0,-27.0,4704.37,
2026-01-21 19:15:00,338,XAUUSD,buy,in,0.05,4818.03,338,-0.18,0.0,0.0,4704.19,QQX 06 NY Trend Buy L1
2026-01-21 19:16:00,339,XAUUSD,buy,in,0.05,4815.22,339,-0.18,0.0,0.0,4704.01,QQX 06 NY Trend Buy L2
2026-01-21 19:17:00,340,XAUUSD,sell,out,0.05,4821.69,340,-0.18,0.0,32.35,4736.18,
2026-01-21 19:17:00,341,XAUUSD,sell,out,0.05,4821.69,341,-0.18,0.0,18.3,4754.3,
2026-01-21 19:30:00,342,XAUUSD,buy,in,0.05,4821.29,342,-0.18,0.0,0.0,4754.12,QQX 06 NY Trend Buy L1
2026-01-21 19:31:00,343,XAUUSD,buy,in,0.05,4815.69,343,-0.18,0.0,0.0,4753.94,QQX 06 NY Trend Buy L2
2026-01-21 19:32:00,344,XAUUSD,buy,in,0.05,4809.45,344,-0.18,0.0,0.0,4753.76,QQX 06 NY Trend Buy L3
2026-01-21 19:33:00,345,XAUUSD,buy,in,0.05,4805.3,345,-0.18,0.0,0.0,4753.58,QQX 06 NY Trend Buy L4
2026-01-21 19:38:00,346,XAUUSD,sell,out,0.05,4815.36,346,-0.18,0.0,50.3,4803.7,
2026-01-21 19:38:00,347,XAUUSD,sell,out,0.05,4815.36,347,-0.18,0.0,29.55,4833.07,
2026-01-21 19:38:00,348,XAUUSD,sell,out,0.05,4815.36,348,-0.18,0.0,-1.65,4831.24,
2026-01-21 19:38:00,349,XAUUSD,sell,out,0.05,4815.36,349,-0.18,0.0,-29.65,4801.41,
2026-01-21 19:45:00,350,XAUUSD,buy,in,0.05,4809.93,350,-0.18,0.0,0.0,4801.23,QQX 06 NY Trend Buy L1
2026-01-21 19:46:00,351,XAUUSD,sell,out,0.05,4812.09,351,-0.18,0.0,10.8,4811.85,
2026-01-21 20:00:00,352,XAUUSD,buy,in,0.05,4826.07,352,-0.18,0.0,0.0,4811.67,QQX 06 NY Trend Buy L1
2026-01-21 20:02:00,353,XAUUSD,sell,out,0.05,4827.5,353,-0.18,0.0,7.15,4818.64,
2026-01-21 20:15:00,354,XAUUSD,buy,in,0.05,4825.69,354,-0.18,0.0,0.0,4818.46,QQX 06 NY Trend Buy L1
2026-01-21 20:18:00,355,XAUUSD,buy,in,0.05,4823.16,355,-0.18,0.0,0.0,4818.28,QQX 06 NY Trend Buy L2
2026-01-21 20:22:00,356,XAUUSD,sell,out,0.05,4828.31,356,-0.18,0.0,25.75,4843.85,
2026-01-21 20:22:00,357,XAUUSD,sell,out,0.05,4828.31,357,-0.18,0.0,13.1,4856.77,
2026-01-21 20:30:00,358,XAUUSD,buy,in,0.05,4834.22,358,-0.18,0.0,0.0,4856.59,QQX 06 NY Trend Buy L1
2026-01-21 20:31:00,359,XAUUSD,sell,out,0.05,4836.31,359,-0.18,0.0,10.45,4866.86,
2026-01-21 20:45:00,360,XAUUSD,buy,in,0.05,4837.76,360,-0.18,0.0,0.0,4866.68,QQX 06 NY Trend Buy L1
2026-01-21 20:48:00,361,XAUUSD,sell,out,0.05,4840.49,361,-0.18,0.0,13.65,4880.15,
2026-01-21 23:00:00,362,XAUUSD,sell,in,0.05,4826.56,362,-0.18,0.0,0.0,4879.97,QQX 11 Late Sell B L1
2026-01-21 23:01:00,363,XAUUSD,buy,out,0.05,4818.13,363,-0.18,0.0,42.15,4921.94,
2026-01-21 23:10:00,364,XAUUSD,sell,in,0.05,4818.63,364,-0.18,0.0,0.0,4921.76,QQX 11 Late Sell B L1
2026-01-21 23:16:00,365,XAUUSD,sell,in,0.05,4825.78,365,-0.18,0.0,0.0,4921.58,QQX 11 Late Sell B L2
2026-01-21 23:20:00,366,XAUUSD,sell,in,0.05,4831.94,366,-0.18,0.0,0.0,4921.4,QQX 11 Late Sell B L3
2026-01-21 23:37:00,367,XAUUSD,sell,in,0.05,4839.17,367,-0.18,0.0,0.0,4921.22,QQX 11 Late Sell B L4
2026-01-22 01:03:00,368,XAUUSD,buy,out,0.05,4825.32,368,-0.18,6.18,69.25,4996.47,
2026-01-22 01:03:00,369,XAUUSD,buy,out,0.05,4825.32,369,-0.18,6.18,33.1,5035.57,
2026-01-22 01:03:00,370,XAUUSD,buy,out,0.05,4825.32,370,-0.18,6.18,2.3,5043.87,
2026-01-22 01:03:00,371,XAUUSD,buy,out,0.05,4825.32,371,-0.18,6.18,-33.45,5016.42,
2026-01-22 22:00:00,372,XAUUSD,buy,in,0.05,4911.89,372,-0.18,0.0,0.0,5016.24,QQX 08 Late Buy A L1
2026-01-22 22:01:00,373,XAUUSD,sell,out,0.05,4914.39,373,-0.18,0.0,12.5,5028.56,
2026-01-22 23:00:00,374,XAUUSD,buy,in,0.05,4917.17,374,-0.18,0.0,0.0,5028.38,QQX 08 Late Buy A L1
2026-01-22 23:06:00,375,XAUUSD,sell,out,0.05,4918.39,375,-0.18,0.0,6.1,5034.3,
2026-01-23 20:45:00,376,XAUUSD,buy,in,0.05,4964.57,376,-0.18,0.0,0.0,5034.12,QQX 06 NY Trend Buy L1
2026-01-23 20:49:00,377,XAUUSD,buy,in,0.05,4961.93,377,-0.18,0.0,0.0,5033.94,QQX 06 NY Trend Buy L2
2026-01-23 20:50:00,378,XAUUSD,buy,in,0.05,4958.67,378,-0.18,0.0,0.0,5033.76,QQX 06 NY Trend Buy L3
2026-01-23 20:51:00,379,XAUUSD,sell,out,0.05,4964.22,379,-0.18,0.0,27.75,5061.33,
2026-01-23 20:51:00,380,XAUUSD,sell,out,0.05,4964.22,380,-0.18,0.0,11.45,5072.6,
2026-01-23 20:51:00,381,XAUUSD,sell,out,0.05,4964.22,381,-0.18,0.0,-1.75,5070.67,
2026-01-23 22:04:00,382,XAUUSD,buy,in,0.05,4978.57,382,-0.18,0.0,0.0,5070.49,QQX 08 Late Buy A L1
2026-01-23 22:05:00,383,XAUUSD,sell,out,0.05,4980.94,383,-0.18,0.0,11.85,5082.16,
2026-01-23 22:08:00,384,XAUUSD,buy,in,0.05,4973.48,384,-0.18,0.0,0.0,5081.98,QQX 08 Late Buy A L1
2026-01-23 22:10:00,385,XAUUSD,sell,out,0.05,4978.54,385,-0.18,0.0,25.3,5107.1,
2026-01-23 22:12:00,386,XAUUSD,buy,in,0.05,4978.97,386,-0.18,0.0,0.0,5106.92,QQX 08 Late Buy A L1
2026-01-23 22:15:00,387,XAUUSD,sell,out,0.05,4981.34,387,-0.18,0.0,11.85,5118.59,
2026-01-23 22:32:00,388,XAUUSD,buy,in,0.05,4978.31,388,-0.18,0.0,0.0,5118.41,QQX 08 Late Buy A L1
2026-01-23 22:33:00,389,XAUUSD,sell,out,0.05,4979.72,389,-0.18,0.0,7.05,5125.28,
2026-01-23 22:36:00,390,XAUUSD,buy,in,0.05,4977.63,390,-0.18,0.0,0.0,5125.1,QQX 08 Late Buy A L1
2026-01-23 22:36:00,391,XAUUSD,buy,in,0.05,4977.63,391,-0.18,0.0,0.0,5124.92,QQX 09 Late Buy B L1
2026-01-23 22:37:00,392,XAUUSD,sell,out,0.05,4979.46,392,-0.18,0.0,9.15,5133.89,
2026-01-23 22:37:00,393,XAUUSD,sell,out,0.05,4979.46,393,-0.18,0.0,9.15,5142.86,
2026-01-23 22:52:00,394,XAUUSD,buy,in,0.05,4980.27,394,-0.18,0.0,0.0,5142.68,QQX 08 Late Buy A L1
2026-01-23 22:56:00,395,XAUUSD,sell,out,0.05,4982.37,395,-0.18,0.0,10.5,5153.0,
2026-01-23 23:18:00,396,XAUUSD,buy,in,0.05,4980.53,396,-0.18,0.0,0.0,5152.82,QQX 09 Late Buy B L1
2026-01-23 23:20:00,397,XAUUSD,buy,in,0.05,4979.27,397,-0.18,0.0,0.0,5152.64,QQX 08 Late Buy A L1
2026-01-23 23:23:00,398,XAUUSD,sell,out,0.05,4981.39,398,-0.18,0.0,10.6,5163.06,
2026-01-23 23:24:00,399,XAUUSD,buy,in,0.05,4981.47,399,-0.18,0.0,0.0,5162.88,QQX 08 Late Buy A L1
2026-01-23 23:25:00,400,XAUUSD,sell,out,0.05,4982.2,400,-0.18,0.0,8.35,5171.05,
2026-01-23 23:28:00,401,XAUUSD,sell,out,0.05,4983.37,401,-0.18,0.0,9.5,5180.37,
2026-01-23 23:36:00,402,XAUUSD,buy,in,0.05,4981.33,402,-0.18,0.0,0.0,5180.19,QQX 08 Late Buy A L1
2026-01-23 23:40:00,403,XAUUSD,sell,out,0.05,4982.57,403,-0.18,0.0,6.2,5186.21,
2026-01-26 19:30:00,404,XAUUSD,buy,in,0.05,5088.63,404,-0.18,0.0,0.0,5186.03,QQX 06 NY Trend Buy L1
2026-01-26 19:31:00,405,XAUUSD,buy,in,0.05,5083.76,405,-0.18,0.0,0.0,5185.85,QQX 06 NY Trend Buy L2
2026-01-26 19:32:00,406,XAUUSD,sell,out,0.05,5089.5,406,-0.18,0.0,28.7,5214.37,
2026-01-26 19:32:00,407,XAUUSD,sell,out,0.05,5089.5,407,-0.18,0.0,4.35,5218.54,
2026-01-26 20:15:00,408,XAUUSD,buy,in,0.05,5078.55,408,-0.18,0.0,0.0,5218.36,QQX 06 NY Trend Buy L1
2026-01-26 20:16:00,409,XAUUSD,sell,out,0.05,5083.92,409,-0.18,0.0,26.85,5245.03,
2026-01-26 20:30:00,410,XAUUSD,buy,in,0.05,5085.4,410,-0.18,0.0,0.0,5244.85,QQX 06 NY Trend Buy L1
2026-01-26 20:32:00,411,XAUUSD,buy,in,0.05,5077.19,411,-0.18,0.0,0.0,5244.67,QQX 06 NY Trend Buy L2
2026-01-26 20:34:00,412,XAUUSD,buy,in,0.05,5073.38,412,-0.18,0.0,0.0,5244.49,QQX 06 NY Trend Buy L3
2026-01-26 20:36:00,413,XAUUSD,buy,in,0.05,5069.02,413,-0.18,0.0,0.0,5244.31,QQX 06 NY Trend Buy L4
2026-01-26 20:41:00,414,XAUUSD,buy,in,0.05,5065.57,414,-0.18,0.0,0.0,5244.13,QQX 06 NY Trend Buy L5
2026-01-26 20:42:00,415,XAUUSD,buy,in,0.05,5062.71,415,-0.18,0.0,0.0,5243.95,QQX 06 NY Trend Buy L6
2026-01-26 20:49:00,416,XAUUSD,sell,out,0.05,5075.38,416,-0.18,0.0,63.35,5307.12,
2026-01-26 20:49:00,417,XAUUSD,sell,out,0.05,5075.38,417,-0.18,0.0,49.05,5355.99,
2026-01-26 20:49:00,418,XAUUSD,sell,out,0.05,5075.38,418,-0.18,0.0,31.8,5387.61,
2026-01-26 20:49:00,419,XAUUSD,sell,out,0.05,5075.38,419,-0.18,0.0,10.0,5397.43,
2026-01-26 20:49:00,420,XAUUSD,sell,out,0.05,5075.38,420,-0.18,0.0,-9.05,5388.2,
2026-01-26 20:49:00,421,XAUUSD,sell,out,0.05,5075.38,421,-0.18,0.0,-50.1,5337.92,
2026-01-27 19:45:00,422,XAUUSD,buy,in,0.05,5081.92,422,-0.18,0.0,0.0,5337.74,QQX 06 NY Trend Buy L1
2026-01-27 19:50:00,423,XAUUSD,buy,in,0.05,5078.67,423,-0.18,0.0,0.0,5337.56,QQX 06 NY Trend Buy L2
2026-01-27 19:52:00,424,XAUUSD,sell,out,0.05,5082.94,424,-0.18,0.0,21.35,5358.73,
2026-01-27 19:52:00,425,XAUUSD,sell,out,0.05,5082.94,425,-0.18,0.0,5.1,5363.65,
2026-01-27 20:00:00,426,XAUUSD,buy,in,0.05,5081.25,426,-0.18,0.0,0.0,5363.47,QQX 06 NY Trend Buy L1
2026-01-27 20:01:00,427,XAUUSD,sell,out,0.05,5084.47,427,-0.18,0.0,16.1,5379.39,
2026-01-27 20:15:00,428,XAUUSD,buy,in,0.05,5081.68,428,-0.18,0.0,0.0,5379.21,QQX 06 NY Trend Buy L1
2026-01-27 20:16:00,429,XAUUSD,sell,out,0.05,5083.24,429,-0.18,0.0,7.8,5386.83,
2026-01-27 20:30:00,430,XAUUSD,buy,in,0.05,5085.09,430,-0.18,0.0,0.0,5386.65,QQX 06 NY Trend Buy L1
2026-01-27 20:31:00,431,XAUUSD,sell,out,0.05,5088.92,431,-0.18,0.0,19.15,5405.62,
2026-01-28 20:45:00,432,XAUUSD,buy,in,0.05,5273.85,432,-0.18,0.0,0.0,5405.44,QQX 06 NY Trend Buy L1
2026-01-28 20:47:00,433,XAUUSD,sell,out,0.05,5275.39,433,-0.18,0.0,7.7,5412.96,
2026-01-29 23:00:00,434,XAUUSD,sell,in,0.05,5394.93,434,-0.18,0.0,0.0,5412.78,QQX 11 Late Sell B L1
2026-01-29 23:02:00,435,XAUUSD,sell,in,0.05,5401.9,435,-0.18,0.0,0.0,5412.6,QQX 11 Late Sell B L2
2026-01-29 23:07:00,436,XAUUSD,buy,out,0.05,5385.75,436,-0.18,0.0,80.75,5493.17,
2026-01-29 23:07:00,437,XAUUSD,buy,out,0.05,5385.75,437,-0.18,0.0,45.9,5538.89,
2026-01-29 23:10:00,438,XAUUSD,sell,in,0.06,5388.36,438,-0.21,0.0,0.0,5538.68,QQX 11 Late Sell B L1
2026-01-29 23:14:00,439,XAUUSD,buy,out,0.06,5385.66,439,-0.21,0.0,16.2,5554.67,
2026-01-29 23:20:00,440,XAUUSD,sell,in,0.06,5395.37,440,-0.21,0.0,0.0,5554.46,QQX 11 Late Sell B L1
2026-01-29 23:25:00,441,XAUUSD,sell,in,0.06,5405.07,441,-0.21,0.0,0.0,5554.25,QQX 11 Late Sell B L2
2026-01-29 23:27:00,442,XAUUSD,sell,in,0.06,5415.51,442,-0.21,0.0,0.0,5554.04,QQX 11 Late Sell B L3
2026-01-29 23:28:00,443,XAUUSD,sell,in,0.06,5424.03,443,-0.21,0.0,0.0,5553.83,QQX 11 Late Sell B L4
2026-01-29 23:32:00,444,XAUUSD,buy,out,0.06,5405.13,444,-0.21,0.0,113.4,5667.02,
2026-01-29 23:32:00,445,XAUUSD,buy,out,0.06,5405.13,445,-0.21,0.0,62.28,5729.09,
2026-01-29 23:32:00,446,XAUUSD,buy,out,0.06,5405.13,446,-0.21,0.0,-0.36,5728.52,
2026-01-29 23:32:00,447,XAUUSD,buy,out,0.06,5405.13,447,-0.21,0.0,-58.56,5669.75,
2026-01-29 23:40:00,448,XAUUSD,sell,in,0.06,5402.0,448,-0.21,0.0,0.0,5669.54,QQX 11 Late Sell B L1
2026-01-29 23:41:00,449,XAUUSD,buy,out,0.06,5399.92,449,-0.21,0.0,12.48,5681.81,
2026-01-29 23:50:00,450,XAUUSD,sell,in,0.06,5395.38,450,-0.21,0.0,0.0,5681.6,QQX 11 Late Sell B L1
2026-01-29 23:51:00,451,XAUUSD,buy,out,0.06,5391.4,451,-0.21,0.0,23.88,5705.27,
2026-02-02 23:10:00,452,XAUUSD,sell,in,0.06,4663.49,452,-0.21,0.0,0.0,5705.06,QQX 11 Late Sell B L1
2026-02-02 23:13:00,453,XAUUSD,sell,in,0.06,4675.36,453,-0.21,0.0,0.0,5704.85,QQX 11 Late Sell B L2
2026-02-02 23:22:00,454,XAUUSD,buy,out,0.06,4665.68,454,-0.21,0.0,58.08,5762.72,
2026-02-02 23:22:00,455,XAUUSD,buy,out,0.06,4665.68,455,-0.21,0.0,-13.14,5749.37,
2026-02-02 23:30:00,456,XAUUSD,sell,in,0.06,4681.12,456,-0.21,0.0,0.0,5749.16,QQX 11 Late Sell B L1
2026-02-02 23:31:00,457,XAUUSD,buy,out,0.06,4675.22,457,-0.21,0.0,35.4,5784.35,
2026-02-02 23:40:00,458,XAUUSD,sell,in,0.06,4679.78,458,-0.21,0.0,0.0,5784.14,QQX 11 Late Sell B L1
2026-02-02 23:41:00,459,XAUUSD,buy,out,0.06,4674.52,459,-0.21,0.0,31.56,5815.49,
2026-02-02 23:50:00,460,XAUUSD,sell,in,0.06,4664.94,460,-0.21,0.0,0.0,5815.28,QQX 11 Late Sell B L1
2026-02-02 23:51:00,461,XAUUSD,buy,out,0.06,4657.06,461,-0.21,0.0,47.28,5862.35,
2026-02-03 04:45:00,462,XAUUSD,buy,in,0.06,4754.48,462,-0.21,0.0,0.0,5862.14,QQX 01 Asia Momentum Buy L1
2026-02-03 04:48:00,463,XAUUSD,sell,out,0.06,4756.66,463,-0.21,0.0,13.08,5875.01,
2026-02-03 19:45:00,464,XAUUSD,buy,in,0.06,4921.61,464,-0.21,0.0,0.0,5874.8,QQX 06 NY Trend Buy L1
2026-02-03 19:46:00,465,XAUUSD,buy,in,0.06,4916.3,465,-0.21,0.0,0.0,5874.59,QQX 06 NY Trend Buy L2
2026-02-03 19:47:00,466,XAUUSD,buy,in,0.06,4910.24,466,-0.21,0.0,0.0,5874.38,QQX 06 NY Trend Buy L3
2026-02-03 19:48:00,467,XAUUSD,sell,out,0.06,4925.14,467,-0.21,0.0,89.4,5963.57,
2026-02-03 19:48:00,468,XAUUSD,sell,out,0.06,4925.14,468,-0.21,0.0,53.04,6016.4,
2026-02-03 19:48:00,469,XAUUSD,sell,out,0.06,4925.14,469,-0.21,0.0,21.18,6037.37,
2026-02-03 20:00:00,470,XAUUSD,buy,in,0.06,4928.3,470,-0.21,0.0,0.0,6037.16,QQX 06 NY Trend Buy L1
2026-02-03 20:01:00,471,XAUUSD,sell,out,0.06,4931.87,471,-0.21,0.0,21.42,6058.37,
2026-02-03 20:30:00,472,XAUUSD,buy,in,0.06,4908.84,472,-0.21,0.0,0.0,6058.16,QQX 06 NY Trend Buy L1
2026-02-03 20:31:00,473,XAUUSD,sell,out,0.06,4917.11,473,-0.21,0.0,49.62,6107.57,
2026-02-03 20:45:00,474,XAUUSD,buy,in,0.06,4905.3,474,-0.21,0.0,0.0,6107.36,QQX 06 NY Trend Buy L1
2026-02-03 20:46:00,475,XAUUSD,sell,out,0.06,4912.74,475,-0.21,0.0,44.64,6151.79,
2026-02-03 22:00:00,476,XAUUSD,buy,in,0.06,4927.34,476,-0.21,0.0,0.0,6151.58,QQX 09 Late Buy B L1
2026-02-03 22:01:00,477,XAUUSD,buy,in,0.06,4922.03,477,-0.21,0.0,0.0,6151.37,QQX 09 Late Buy B L2
2026-02-03 22:02:00,478,XAUUSD,buy,in,0.06,4914.68,478,-0.21,0.0,0.0,6151.16,QQX 09 Late Buy B L3
2026-02-03 22:04:00,479,XAUUSD,buy,in,0.06,4911.04,479,-0.21,0.0,0.0,6150.95,QQX 09 Late Buy B L4
2026-02-03 22:06:00,480,XAUUSD,buy,in,0.06,4908.6,480,-0.21,0.0,0.0,6150.74,QQX 09 Late Buy B L5
2026-02-03 22:10:00,481,XAUUSD,sell,out,0.06,4918.29,481,-0.21,0.0,58.14,6208.67,
2026-02-03 22:10:00,482,XAUUSD,sell,out,0.06,4918.29,482,-0.21,0.0,43.5,6251.96,
2026-02-03 22:10:00,483,XAUUSD,sell,out,0.06,4918.29,483,-0.21,0.0,21.66,6273.41,
2026-02-03 22:10:00,484,XAUUSD,sell,out,0.06,4918.29,484,-0.21,0.0,-22.44,6250.76,
2026-02-03 22:10:00,485,XAUUSD,sell,out,0.06,4918.29,485,-0.21,0.0,-54.3,6196.25,
2026-02-03 22:12:00,486,XAUUSD,buy,in,0.06,4907.01,486,-0.21,0.0,0.0,6196.04,QQX 09 Late Buy B L1
2026-02-03 22:13:00,487,XAUUSD,sell,out,0.06,4910.52,487,-0.21,0.0,21.06,6216.89,
2026-02-03 22:18:00,488,XAUUSD,buy,in,0.06,4924.57,488,-0.21,0.0,0.0,6216.68,QQX 09 Late Buy B L1
2026-02-03 22:19:00,489,XAUUSD,sell,out,0.06,4929.2,489,-0.21,0.0,27.78,6244.25,
2026-02-03 22:24:00,490,XAUUSD,buy,in,0.06,4928.55,490,-0.21,0.0,0.0,6244.04,QQX 09 Late Buy B L1
2026-02-03 22:25:00,491,XAUUSD,sell,out,0.06,4936.14,491,-0.21,0.0,45.54,6289.37,
2026-02-03 23:48:00,492,XAUUSD,buy,in,0.06,4937.29,492,-0.21,0.0,0.0,6289.16,QQX 08 Late Buy A L1
2026-02-03 23:48:00,493,XAUUSD,buy,in,0.06,4937.29,493,-0.21,0.0,0.0,6288.95,QQX 09 Late Buy B L1
2026-02-03 23:49:00,494,XAUUSD,sell,out,0.06,4939.04,494,-0.21,0.0,10.5,6299.24,
2026-02-03 23:49:00,495,XAUUSD,sell,out,0.06,4939.04,495,-0.21,0.0,10.5,6309.53,
2026-02-03 23:52:00,496,XAUUSD,buy,in,0.06,4936.71,496,-0.21,0.0,0.0,6309.32,QQX 08 Late Buy A L1
2026-02-03 23:53:00,497,XAUUSD,sell,out,0.06,4938.14,497,-0.21,0.0,8.58,6317.69,
2026-02-03 23:56:00,498,XAUUSD,buy,in,0.06,4943.8,498,-0.21,0.0,0.0,6317.48,QQX 08 Late Buy A L1
2026-02-03 23:58:00,499,XAUUSD,sell,out,0.06,4946.2,499,-0.21,0.0,14.4,6331.67,
2026-02-04 23:00:00,500,XAUUSD,sell,in,0.06,4938.58,500,-0.21,0.0,0.0,6331.46,QQX 11 Late Sell B L1
2026-02-04 23:02:00,501,XAUUSD,sell,in,0.06,4945.02,501,-0.21,0.0,0.0,6331.25,QQX 11 Late Sell B L2
2026-02-04 23:15:00,502,XAUUSD,sell,in,0.06,4953.51,502,-0.21,0.0,0.0,6331.04,QQX 11 Late Sell B L3
2026-02-04 23:36:00,503,XAUUSD,sell,in,0.06,4961.0,503,-0.21,0.0,0.0,6330.83,QQX 11 Late Sell B L4
2026-02-04 23:37:00,504,XAUUSD,sell,in,0.06,4967.22,504,-0.21,0.0,0.0,6330.62,QQX 11 Late Sell B L5
2026-02-05 01:02:00,505,XAUUSD,sell,in,0.06,4988.9,505,-0.21,0.0,0.0,6330.41,QQX 11 Late Sell B L6
2026-02-05 03:15:00,506,XAUUSD,buy,in,0.06,4968.3,506,-0.21,0.0,0.0,6330.2,QQX 01 Asia Momentum Buy L1
2026-02-05 03:16:00,507,XAUUSD,buy,in,0.06,4955.02,507,-0.21,0.0,0.0,6329.99,QQX 01 Asia Momentum Buy L2
2026-02-05 03:16:00,508,XAUUSD,buy,out,0.06,4955.02,508,-0.21,0.0,203.28,6533.06,
2026-02-05 03:16:00,509,XAUUSD,buy,out,0.06,4955.02,509,-0.21,7.42,73.2,6613.47,
2026-02-05 03:16:00,510,XAUUSD,buy,out,0.06,4955.02,510,-0.21,7.42,35.88,6656.56,
2026-02-05 03:16:00,511,XAUUSD,buy,out,0.06,4955.02,511,-0.21,7.42,-9.06,6654.71,
2026-02-05 03:16:00,512,XAUUSD,buy,out,0.06,4955.02,512,-0.21,7.42,-60.0,6601.92,
2026-02-05 03:16:00,513,XAUUSD,buy,out,0.06,4955.02,513,-0.21,7.42,-98.64,6510.49,
2026-02-05 03:17:00,514,XAUUSD,buy,in,0.06,4950.7,514,-0.21,0.0,0.0,6510.28,QQX 01 Asia Momentum Buy L3
2026-02-05 03:20:00,515,XAUUSD,buy,in,0.06,4944.92,515,-0.21,0.0,0.0,6510.07,QQX 01 Asia Momentum Buy L4
2026-02-05 03:23:00,516,XAUUSD,sell,out,0.06,4958.58,516,-0.21,0.0,81.96,6591.82,
2026-02-05 03:23:00,517,XAUUSD,sell,out,0.06,4958.58,517,-0.21,0.0,47.28,6638.89,
2026-02-05 03:23:00,518,XAUUSD,sell,out,0.06,4958.58,518,-0.21,0.0,21.36,6660.04,
2026-02-05 03:23:00,519,XAUUSD,sell,out,0.06,4958.58,519,-0.21,0.0,-58.32,6601.51,
2026-02-06 22:00:00,520,XAUUSD,buy,in,0.07,4957.27,520,-0.25,0.0,0.0,6601.26,QQX 08 Late Buy A L1
2026-02-06 22:00:00,521,XAUUSD,buy,in,0.07,4957.27,521,-0.25,0.0,0.0,6601.01,QQX 09 Late Buy B L1
2026-02-06 22:02:00,522,XAUUSD,buy,in,0.07,4953.31,522,-0.25,0.0,0.0,6600.76,QQX 08 Late Buy A L2
2026-02-06 22:02:00,523,XAUUSD,buy,in,0.07,4953.31,523,-0.25,0.0,0.0,6600.51,QQX 09 Late Buy B L2
2026-02-06 22:06:00,524,XAUUSD,sell,out,0.07,4957.29,524,-0.25,0.0,27.86,6628.12,
2026-02-06 22:06:00,525,XAUUSD,sell,out,0.07,4957.29,525,-0.25,0.0,0.14,6628.01,
2026-02-06 22:06:00,526,XAUUSD,sell,out,0.07,4957.29,526,-0.25,0.0,27.86,6655.62,
2026-02-06 22:06:00,527,XAUUSD,sell,out,0.07,4957.29,527,-0.25,0.0,0.14,6655.51,
2026-02-06 22:08:00,528,XAUUSD,buy,in,0.07,4957.22,528,-0.25,0.0,0.0,6655.26,QQX 08 Late Buy A L1
2026-02-06 22:11:00,529,XAUUSD,buy,in,0.07,4952.78,529,-0.25,0.0,0.0,6655.01,QQX 08 Late Buy A L2
2026-02-06 22:12:00,530,XAUUSD,buy,in,0.07,4952.3,530,-0.25,0.0,0.0,6654.76,QQX 09 Late Buy B L1
2026-02-06 22:14:00,531,XAUUSD,sell,out,0.07,4953.41,531,-0.25,0.0,7.77,6662.28,
2026-02-06 22:17:00,532,XAUUSD,buy,in,0.07,4948.81,532,-0.25,0.0,0.0,6662.03,QQX 08 Late Buy A L3
2026-02-06 22:18:00,533,XAUUSD,buy,in,0.07,4950.31,533,-0.25,0.0,0.0,6661.78,QQX 09 Late Buy B L1
2026-02-06 22:20:00,534,XAUUSD,sell,out,0.07,4952.59,534,-0.25,0.0,15.96,6677.49,
2026-02-06 22:21:00,535,XAUUSD,sell,out,0.07,4955.9,535,-0.25,0.0,49.63,6726.87,
2026-02-06 22:21:00,536,XAUUSD,sell,out,0.07,4955.9,536,-0.25,0.0,21.84,6748.46,
2026-02-06 22:21:00,537,XAUUSD,sell,out,0.07,4955.9,537,-0.25,0.0,-9.24,6738.97,
2026-02-06 22:24:00,538,XAUUSD,buy,in,0.07,4953.92,538,-0.25,0.0,0.0,6738.72,QQX 08 Late Buy A L1
2026-02-06 22:24:00,539,XAUUSD,buy,in,0.07,4953.92,539,-0.25,0.0,0.0,6738.47,QQX 09 Late Buy B L1
2026-02-06 22:27:00,540,XAUUSD,sell,out,0.07,4955.88,540,-0.25,0.0,13.72,6751.94,
2026-02-06 22:27:00,541,XAUUSD,sell,out,0.07,4955.88,541,-0.25,0.0,13.72,6765.41,
2026-02-06 22:28:00,542,XAUUSD,buy,in,0.07,4954.66,542,-0.25,0.0,0.0,6765.16,QQX 08 Late Buy A L1
2026-02-06 22:30:00,543,XAUUSD,buy,in,0.07,4955.1,543,-0.25,0.0,0.0,6764.91,QQX 09 Late Buy B L1
2026-02-06 22:31:00,544,XAUUSD,buy,in,0.07,4948.13,544,-0.25,0.0,0.0,6764.66,QQX 08 Late Buy A L2
2026-02-06 22:31:00,545,XAUUSD,buy,in,0.07,4948.13,545,-0.25,0.0,0.0,6764.41,QQX 09 Late Buy B L2
2026-02-06 22:34:00,546,XAUUSD,buy,in,0.07,4943.73,546,-0.25,0.0,0.0,6764.16,QQX 08 Late Buy A L3
2026-02-06 22:34:00,547,XAUUSD,buy,in,0.07,4943.73,547,-0.25,0.0,0.0,6763.91,QQX 09 Late Buy B L3
2026-02-06 22:36:00,548,XAUUSD,buy,in,0.07,4941.44,548,-0.25,0.0,0.0,6763.66,QQX 08 Late Buy A L4
2026-02-06 22:37:00,549,XAUUSD,buy,in,0.07,4938.64,549,-0.25,0.0,0.0,6763.41,QQX 08 Late Buy A L5
2026-02-06 22:37:00,550,XAUUSD,buy,in,0.07,4938.64,550,-0.25,0.0,0.0,6763.16,QQX 09 Late Buy B L4
2026-02-06 22:41:00,551,XAUUSD,sell,out,0.07,4948.2,551,-0.25,0.0,66.92,6829.83,
2026-02-06 22:41:00,552,XAUUSD,sell,out,0.07,4948.2,552,-0.25,0.0,47.32,6876.9,
2026-02-06 22:41:00,553,XAUUSD,sell,out,0.07,4948.2,553,-0.25,0.0,31.29,6907.94,
2026-02-06 22:41:00,554,XAUUSD,sell,out,0.07,4948.2,554,-0.25,0.0,0.49,6908.18,
2026-02-06 22:41:00,555,XAUUSD,sell,out,0.07,4948.2,555,-0.25,0.0,-45.22,6862.71,
2026-02-06 22:41:00,556,XAUUSD,sell,out,0.07,4948.2,556,-0.25,0.0,66.92,6929.38,
2026-02-06 22:41:00,557,XAUUSD,sell,out,0.07,4948.2,557,-0.25,0.0,31.29,6960.42,
2026-02-06 22:41:00,558,XAUUSD,sell,out,0.07,4948.2,558,-0.25,0.0,0.49,6960.66,
2026-02-06 22:41:00,559,XAUUSD,sell,out,0.07,4948.2,559,-0.25,0.0,-48.3,6912.11,
2026-02-06 22:42:00,560,XAUUSD,buy,in,0.07,4948.55,560,-0.25,0.0,0.0,6911.86,QQX 09 Late Buy B L1
2026-02-06 22:44:00,561,XAUUSD,buy,in,0.07,4948.94,561,-0.25,0.0,0.0,6911.61,QQX 08 Late Buy A L1
2026-02-06 22:45:00,562,XAUUSD,buy,in,0.07,4944.23,562,-0.25,0.0,0.0,6911.36,QQX 08 Late Buy A L2
2026-02-06 22:45:00,563,XAUUSD,buy,in,0.07,4944.23,563,-0.25,0.0,0.0,6911.11,QQX 09 Late Buy B L2
2026-02-06 22:48:00,564,XAUUSD,buy,in,0.07,4941.65,564,-0.25,0.0,0.0,6910.86,QQX 08 Late Buy A L3
2026-02-06 22:48:00,565,XAUUSD,buy,in,0.07,4941.65,565,-0.25,0.0,0.0,6910.61,QQX 09 Late Buy B L3
2026-02-06 22:51:00,566,XAUUSD,sell,out,0.07,4948.28,566,-0.25,0.0,46.41,6956.77,
2026-02-06 22:51:00,567,XAUUSD,sell,out,0.07,4948.28,567,-0.25,0.0,28.35,6984.87,
2026-02-06 22:51:00,568,XAUUSD,sell,out,0.07,4948.28,568,-0.25,0.0,-4.62,6980.0,
2026-02-06 22:51:00,569,XAUUSD,sell,out,0.07,4948.28,569,-0.25,0.0,46.41,7026.16,
2026-02-06 22:51:00,570,XAUUSD,sell,out,0.07,4948.28,570,-0.25,0.0,28.35,7054.26,
2026-02-06 22:51:00,571,XAUUSD,sell,out,0.07,4948.28,571,-0.25,0.0,-1.89,7052.12,
2026-02-06 22:52:00,572,XAUUSD,buy,in,0.07,4950.6,572,-0.25,0.0,0.0,7051.87,QQX 08 Late Buy A L1
2026-02-06 22:53:00,573,XAUUSD,sell,out,0.07,4953.12,573,-0.25,0.0,17.64,7069.26,
2026-02-06 22:54:00,574,XAUUSD,buy,in,0.07,4952.91,574,-0.25,0.0,0.0,7069.01,QQX 09 Late Buy B L1
2026-02-06 22:56:00,575,XAUUSD,buy,in,0.07,4951.87,575,-0.25,0.0,0.0,7068.76,QQX 08 Late Buy A L1
2026-02-06 22:59:00,576,XAUUSD,buy,in,0.07,4949.57,576,-0.25,0.0,0.0,7068.51,QQX 08 Late Buy A L2
2026-02-06 22:59:00,577,XAUUSD,buy,in,0.07,4949.57,577,-0.25,0.0,0.0,7068.26,QQX 09 Late Buy B L2
2026-02-06 23:00:00,578,XAUUSD,sell,out,0.07,4953.31,578,-0.25,0.0,26.18,7094.19,
2026-02-06 23:00:00,579,XAUUSD,sell,out,0.07,4953.31,579,-0.25,0.0,10.08,7104.02,
2026-02-06 23:00:00,580,XAUUSD,sell,out,0.07,4953.31,580,-0.25,0.0,26.18,7129.95,
2026-02-06 23:00:00,581,XAUUSD,sell,out,0.07,4953.31,581,-0.25,0.0,2.8,7132.5,
2026-02-06 23:04:00,582,XAUUSD,buy,in,0.07,4951.02,582,-0.25,0.0,0.0,7132.25,QQX 08 Late Buy A L1
2026-02-06 23:06:00,583,XAUUSD,sell,out,0.07,4954.2,583,-0.25,0.0,22.26,7154.26,
2026-02-06 23:06:00,584,XAUUSD,buy,in,0.07,4954.28,584,-0.25,0.0,0.0,7154.01,QQX 09 Late Buy B L1
2026-02-06 23:07:00,585,XAUUSD,sell,out,0.07,4956.76,585,-0.25,0.0,17.36,7171.12,
2026-02-06 23:12:00,586,XAUUSD,buy,in,0.07,4954.16,586,-0.25,0.0,0.0,7170.87,QQX 08 Late Buy A L1
2026-02-06 23:12:00,587,XAUUSD,buy,in,0.07,4954.16,587,-0.25,0.0,0.0,7170.62,QQX 09 Late Buy B L1
2026-02-06 23:13:00,588,XAUUSD,buy,in,0.07,4947.11,588,-0.25,0.0,0.0,7170.37,QQX 08 Late Buy A L2
2026-02-06 23:13:00,589,XAUUSD,buy,in,0.07,4947.11,589,-0.25,0.0,0.0,7170.12,QQX 09 Late Buy B L2
2026-02-06 23:26:00,590,XAUUSD,sell,out,0.07,4952.7,590,-0.25,0.0,39.13,7209.0,
2026-02-06 23:26:00,591,XAUUSD,sell,out,0.07,4952.7,591,-0.25,0.0,-10.22,7198.53,
2026-02-06 23:26:00,592,XAUUSD,sell,out,0.07,4952.7,592,-0.25,0.0,39.13,7237.41,
2026-02-06 23:26:00,593,XAUUSD,sell,out,0.07,4952.7,593,-0.25,0.0,-10.22,7226.94,
2026-02-06 23:30:00,594,XAUUSD,buy,in,0.07,4954.08,594,-0.25,0.0,0.0,7226.69,QQX 09 Late Buy B L1
2026-02-06 23:32:00,595,XAUUSD,sell,out,0.07,4957.28,595,-0.25,0.0,22.4,7248.84,
2026-02-06 23:36:00,596,XAUUSD,buy,in,0.07,4954.67,596,-0.25,0.0,0.0,7248.59,QQX 08 Late Buy A L1
2026-02-06 23:36:00,597,XAUUSD,buy,in,0.07,4954.67,597,-0.25,0.0,0.0,7248.34,QQX 09 Late Buy B L1
2026-02-06 23:37:00,598,XAUUSD,sell,out,0.07,4958.06,598,-0.25,0.0,23.73,7271.82,
2026-02-06 23:37:00,599,XAUUSD,sell,out,0.07,4958.06,599,-0.25,0.0,23.73,7295.3,
2026-02-09 04:00:00,600,XAUUSD,buy,in,0.07,4982.67,600,-0.25,0.0,0.0,7295.05,QQX 01 Asia Momentum Buy L1
2026-02-09 04:01:00,601,XAUUSD,buy,in,0.07,4979.72,601,-0.25,0.0,0.0,7294.8,QQX 01 Asia Momentum Buy L2
2026-02-09 04:03:00,602,XAUUSD,buy,in,0.07,4974.0,602,-0.25,0.0,0.0,7294.55,QQX 01 Asia Momentum Buy L3
2026-02-09 04:07:00,603,XAUUSD,sell,out,0.07,4984.88,603,-0.25,0.0,76.16,7370.46,
2026-02-09 04:07:00,604,XAUUSD,sell,out,0.07,4984.88,604,-0.25,0.0,36.12,7406.33,
2026-02-09 04:07:00,605,XAUUSD,sell,out,0.07,4984.88,605,-0.25,0.0,15.47,7421.55,
2026-02-09 23:04:00,606,XAUUSD,buy,in,0.07,5075.54,606,-0.25,0.0,0.0,7421.3,QQX 08 Late Buy A L1
2026-02-09 23:07:00,607,XAUUSD,buy,in,0.07,5071.0,607,-0.25,0.0,0.0,7421.05,QQX 08 Late Buy A L2
2026-02-09 23:09:00,608,XAUUSD,buy,in,0.07,5067.09,608,-0.25,0.0,0.0,7420.8,QQX 08 Late Buy A L3
2026-02-09 23:12:00,609,XAUUSD,buy,in,0.07,5070.85,609,-0.25,0.0,0.0,7420.55,QQX 09 Late Buy B L1
2026-02-09 23:14:00,610,XAUUSD,buy,in,0.07,5068.01,610,-0.25,0.0,0.0,7420.3,QQX 09 Late Buy B L2
2026-02-09 23:15:00,611,XAUUSD,buy,in,0.07,5063.4,611,-0.25,0.0,0.0,7420.05,QQX 08 Late Buy A L4
2026-02-09 23:15:00,612,XAUUSD,buy,in,0.07,5063.4,612,-0.25,0.0,0.0,7419.8,QQX 09 Late Buy B L3
2026-02-09 23:29:00,613,XAUUSD,buy,in,0.07,5050.87,613,-0.25,0.0,0.0,7419.55,QQX 08 Late Buy A L5
2026-02-09 23:29:00,614,XAUUSD,buy,in,0.07,5050.87,614,-0.25,0.0,0.0,7419.3,QQX 09 Late Buy B L4
2026-02-09 23:50:00,615,XAUUSD,sell,out,0.07,5065.4,615,-0.25,0.0,101.71,7520.76,
2026-02-09 23:50:00,616,XAUUSD,sell,out,0.07,5065.4,616,-0.25,0.0,14.0,7534.51,
2026-02-09 23:50:00,617,XAUUSD,sell,out,0.07,5065.4,617,-0.25,0.0,-18.27,7515.99,
2026-02-09 23:50:00,618,XAUUSD,sell,out,0.07,5065.4,618,-0.25,0.0,-38.15,7477.59,
2026-02-09 23:54:00,619,XAUUSD,buy,in,0.07,5064.74,619,-0.25,0.0,0.0,7477.34,QQX 09 Late Buy B L1
2026-02-09 23:58:00,620,XAUUSD,buy,in,0.07,5060.54,620,-0.25,0.0,0.0,7477.09,QQX 09 Late Buy B L2
2026-02-10 01:02:00,621,XAUUSD,sell,out,0.07,5074.38,621,-0.25,-4.19,164.57,7637.22,
2026-02-10 01:02:00,622,XAUUSD,sell,out,0.07,5074.38,622,-0.25,-4.19,76.86,7709.64,
2026-02-10 01:02:00,623,XAUUSD,sell,out,0.07,5074.38,623,-0.25,-4.19,51.03,7756.23,
2026-02-10 01:02:00,624,XAUUSD,sell,out,0.07,5074.38,624,-0.25,-4.19,23.66,7775.45,
2026-02-10 01:02:00,625,XAUUSD,sell,out,0.07,5074.38,625,-0.25,-4.19,-8.12,7762.89,
2026-02-10 01:02:00,626,XAUUSD,sell,out,0.07,5074.38,626,-0.25,-4.19,96.88,7855.33,
2026-02-10 01:02:00,627,XAUUSD,sell,out,0.07,5074.38,627,-0.25,-4.19,67.48,7918.37,
2026-02-10 03:00:00,628,XAUUSD,buy,in,0.08,5019.02,628,-0.28,0.0,0.0,7918.09,QQX 01 Asia Momentum Buy L1
2026-02-10 03:01:00,629,XAUUSD,sell,out,0.08,5021.82,629,-0.28,0.0,22.4,7940.21,
2026-02-10 03:15:00,630,XAUUSD,buy,in,0.08,5031.4,630,-0.28,0.0,0.0,7939.93,QQX 01 Asia Momentum Buy L1
2026-02-10 03:16:00,631,XAUUSD,sell,out,0.08,5035.65,631,-0.28,0.0,34.0,7973.65,
2026-02-10 03:30:00,632,XAUUSD,buy,in,0.08,5017.04,632,-0.28,0.0,0.0,7973.37,QQX 01 Asia Momentum Buy L1
2026-02-10 03:31:00,633,XAUUSD,sell,out,0.08,5019.02,633,-0.28,0.0,15.84,7988.93,
2026-02-10 03:45:00,634,XAUUSD,buy,in,0.08,5029.03,634,-0.28,0.0,0.0,7988.65,QQX 01 Asia Momentum Buy L1
2026-02-10 03:48:00,635,XAUUSD,sell,out,0.08,5033.17,635,-0.28,0.0,33.12,8021.49,
2026-02-10 04:00:00,636,XAUUSD,buy,in,0.08,5032.84,636,-0.28,0.0,0.0,8021.21,QQX 01 Asia Momentum Buy L1
2026-02-10 04:04:00,637,XAUUSD,sell,out,0.08,5036.82,637,-0.28,0.0,31.84,8052.77,
2026-02-10 04:15:00,638,XAUUSD,buy,in,0.08,5042.16,638,-0.28,0.0,0.0,8052.49,QQX 01 Asia Momentum Buy L1
2026-02-10 04:16:00,639,XAUUSD,sell,out,0.08,5044.88,639,-0.28,0.0,21.76,8073.97,
2026-02-10 23:00:00,640,XAUUSD,sell,in,0.08,5030.2,640,-0.28,0.0,0.0,8073.69,QQX 11 Late Sell B L1
2026-02-10 23:04:00,641,XAUUSD,buy,in,0.08,5026.91,641,-0.28,0.0,0.0,8073.41,QQX 08 Late Buy A L1
2026-02-10 23:04:00,642,XAUUSD,buy,out,0.08,5026.91,642,-0.28,0.0,26.32,8099.45,
2026-02-10 23:05:00,643,XAUUSD,sell,out,0.08,5028.51,643,-0.28,0.0,12.8,8111.97,
2026-02-10 23:08:00,644,XAUUSD,buy,in,0.08,5027.65,644,-0.28,0.0,0.0,8111.69,QQX 08 Late Buy A L1
2026-02-10 23:10:00,645,XAUUSD,sell,in,0.08,5026.76,645,-0.28,0.0,0.0,8111.41,QQX 11 Late Sell B L1
2026-02-10 23:14:00,646,XAUUSD,sell,out,0.08,5029.14,646,-0.28,0.0,11.92,8123.05,
2026-02-10 23:20:00,647,XAUUSD,buy,in,0.08,5028.19,647,-0.28,0.0,0.0,8122.77,QQX 08 Late Buy A L1
2026-02-10 23:25:00,648,XAUUSD,buy,in,0.08,5025.77,648,-0.28,0.0,0.0,8122.49,QQX 08 Late Buy A L2
2026-02-10 23:26:00,649,XAUUSD,buy,out,0.08,5023.76,649,-0.28,0.0,24.0,8146.21,
2026-02-10 23:30:00,650,XAUUSD,sell,in,0.08,5026.17,650,-0.28,0.0,0.0,8145.93,QQX 11 Late Sell B L1
2026-02-10 23:32:00,651,XAUUSD,sell,out,0.08,5028.23,651,-0.28,0.0,19.68,8165.33,
2026-02-10 23:32:00,652,XAUUSD,sell,out,0.08,5028.23,652,-0.28,0.0,0.32,8165.37,
2026-02-10 23:36:00,653,XAUUSD,buy,in,0.08,5026.79,653,-0.28,0.0,0.0,8165.09,QQX 08 Late Buy A L1
2026-02-10 23:45:00,654,XAUUSD,buy,in,0.08,5024.43,654,-0.28,0.0,0.0,8164.81,QQX 08 Late Buy A L2
2026-02-10 23:46:00,655,XAUUSD,buy,out,0.08,5024.11,655,-0.28,0.0,16.48,8181.01,
2026-02-10 23:47:00,656,XAUUSD,buy,in,0.08,5020.61,656,-0.28,0.0,0.0,8180.73,QQX 08 Late Buy A L3
2026-02-10 23:51:00,657,XAUUSD,sell,out,0.08,5025.96,657,-0.28,0.0,42.8,8223.25,
2026-02-10 23:51:00,658,XAUUSD,sell,out,0.08,5025.96,658,-0.28,0.0,12.24,8235.21,
2026-02-10 23:51:00,659,XAUUSD,sell,out,0.08,5025.96,659,-0.28,0.0,-6.64,8228.29,
2026-02-11 04:15:00,660,XAUUSD,buy,in,0.08,5037.3,660,-0.28,0.0,0.0,8228.01,QQX 01 Asia Momentum Buy L1
2026-02-11 04:17:00,661,XAUUSD,sell,out,0.08,5041.54,661,-0.28,0.0,33.92,8261.65,
2026-02-11 20:15:00,662,XAUUSD,buy,in,0.08,5073.06,662,-0.28,0.0,0.0,8261.37,QQX 06 NY Trend Buy L1
2026-02-11 20:17:00,663,XAUUSD,sell,out,0.08,5075.7,663,-0.28,0.0,21.12,8282.21,
2026-02-11 20:30:00,664,XAUUSD,buy,in,0.08,5073.73,664,-0.28,0.0,0.0,8281.93,QQX 06 NY Trend Buy L1
2026-02-11 20:31:00,665,XAUUSD,sell,out,0.08,5076.81,665,-0.28,0.0,24.64,8306.29,
2026-02-11 22:00:00,666,XAUUSD,buy,in,0.08,5082.22,666,-0.28,0.0,0.0,8306.01,QQX 08 Late Buy A L1
2026-02-11 22:00:00,667,XAUUSD,buy,in,0.08,5082.22,667,-0.28,0.0,0.0,8305.73,QQX 09 Late Buy B L1
2026-02-11 22:01:00,668,XAUUSD,sell,out,0.08,5083.84,668,-0.28,0.0,12.96,8318.41,
2026-02-11 22:01:00,669,XAUUSD,sell,out,0.08,5083.84,669,-0.28,0.0,12.96,8331.09,
2026-02-11 22:04:00,670,XAUUSD,buy,in,0.08,5081.7,670,-0.28,0.0,0.0,8330.81,QQX 08 Late Buy A L1
2026-02-11 22:06:00,671,XAUUSD,buy,in,0.08,5080.96,671,-0.28,0.0,0.0,8330.53,QQX 09 Late Buy B L1
2026-02-11 22:08:00,672,XAUUSD,sell,out,0.08,5083.44,672,-0.28,0.0,13.92,8344.17,
2026-02-11 22:08:00,673,XAUUSD,sell,out,0.08,5083.44,673,-0.28,0.0,19.84,8363.73,
2026-02-11 22:24:00,674,XAUUSD,buy,in,0.08,5084.9,674,-0.28,0.0,0.0,8363.45,QQX 08 Late Buy A L1
2026-02-11 22:24:00,675,XAUUSD,buy,in,0.08,5084.9,675,-0.28,0.0,0.0,8363.17,QQX 09 Late Buy B L1
2026-02-11 22:27:00,676,XAUUSD,sell,out,0.08,5086.92,676,-0.28,0.0,16.16,8379.05,
2026-02-11 22:27:00,677,XAUUSD,sell,out,0.08,5086.92,677,-0.28,0.0,16.16,8394.93,
2026-02-11 22:28:00,678,XAUUSD,buy,in,0.08,5085.63,678,-0.28,0.0,0.0,8394.65,QQX 08 Late Buy A L1
2026-02-11 22:30:00,679,XAUUSD,buy,in,0.08,5085.09,679,-0.28,0.0,0.0,8394.37,QQX 09 Late Buy B L1
2026-02-11 22:32:00,680,XAUUSD,buy,in,0.08,5081.9,680,-0.28,0.0,0.0,8394.09,QQX 08 Late Buy A L2
2026-02-11 22:32:00,681,XAUUSD,buy,in,0.08,5081.9,681,-0.28,0.0,0.0,8393.81,QQX 09 Late Buy B L2
2026-02-11 22:34:00,682,XAUUSD,buy,in,0.08,5079.23,682,-0.28,0.0,0.0,8393.53,QQX 08 Late Buy A L3
2026-02-11 22:34:00,683,XAUUSD,buy,in,0.08,5079.23,683,-0.28,0.0,0.0,8393.25,QQX 09 Late Buy B L3
2026-02-11 22:37:00,684,XAUUSD,sell,out,0.08,5083.71,684,-0.28,0.0,35.84,8428.81,
2026-02-11 22:37:00,685,XAUUSD,sell,out,0.08,5083.71,685,-0.28,0.0,14.48,8443.01,
2026-02-11 22:37:00,686,XAUUSD,sell,out,0.08,5083.71,686,-0.28,0.0,-15.36,8427.37,
2026-02-11 22:37:00,687,XAUUSD,sell,out,0.08,5083.71,687,-0.28,0.0,35.84,8462.93,
2026-02-11 22:37:00,688,XAUUSD,sell,out,0.08,5083.71,688,-0.28,0.0,14.48,8477.13,
2026-02-11 22:37:00,689,XAUUSD,sell,out,0.08,5083.71,689,-0.28,0.0,-11.04,8465.81,
2026-02-11 22:40:00,690,XAUUSD,buy,in,0.08,5085.22,690,-0.28,0.0,0.0,8465.53,QQX 08 Late Buy A L1
2026-02-11 22:42:00,691,XAUUSD,buy,in,0.08,5084.27,691,-0.28,0.0,0.0,8465.25,QQX 09 Late Buy B L1
2026-02-11 22:43:00,692,XAUUSD,sell,out,0.08,5086.93,692,-0.28,0.0,13.68,8478.65,
2026-02-11 22:43:00,693,XAUUSD,sell,out,0.08,5086.93,693,-0.28,0.0,21.28,8499.65,
2026-02-11 23:04:00,694,XAUUSD,buy,in,0.08,5085.44,694,-0.28,0.0,0.0,8499.37,QQX 08 Late Buy A L1
2026-02-11 23:06:00,695,XAUUSD,sell,out,0.08,5087.0,695,-0.28,0.0,12.48,8511.57,
2026-02-11 23:28:00,696,XAUUSD,buy,in,0.09,5084.8,696,-0.32,0.0,0.0,8511.25,QQX 08 Late Buy A L1
2026-02-11 23:30:00,697,XAUUSD,buy,in,0.09,5082.31,697,-0.32,0.0,0.0,8510.93,QQX 08 Late Buy A L2
2026-02-11 23:30:00,698,XAUUSD,buy,in,0.09,5082.31,698,-0.32,0.0,0.0,8510.61,QQX 09 Late Buy B L1
2026-02-11 23:31:00,699,XAUUSD,sell,out,0.09,5084.16,699,-0.32,0.0,16.65,8526.94,
2026-02-11 23:33:00,700,XAUUSD,buy,in,0.09,5073.69,700,-0.32,0.0,0.0,8526.62,QQX 08 Late Buy A L3
2026-02-11 23:36:00,701,XAUUSD,buy,in,0.09,5077.59,701,-0.32,0.0,0.0,8526.3,QQX 09 Late Buy B L1
2026-02-11 23:39:00,702,XAUUSD,sell,out,0.09,5081.28,702,-0.32,0.0,33.21,8559.19,
2026-02-11 23:42:00,703,XAUUSD,buy,in,0.09,5078.94,703,-0.32,0.0,0.0,8558.87,QQX 09 Late Buy B L1
2026-02-11 23:46:00,704,XAUUSD,sell,out,0.09,5080.04,704,-0.32,0.0,9.9,8568.45,
2026-02-11 23:48:00,705,XAUUSD,buy,in,0.09,5078.44,705,-0.32,0.0,0.0,8568.13,QQX 09 Late Buy B L1
2026-02-11 23:49:00,706,XAUUSD,sell,out,0.09,5079.92,706,-0.32,0.0,13.32,8581.13,
2026-02-11 23:53:00,707,XAUUSD,sell,out,0.09,5084.04,707,-0.32,0.0,93.15,8673.96,
2026-02-11 23:53:00,708,XAUUSD,sell,out,0.09,5084.04,708,-0.32,0.0,15.57,8689.21,
2026-02-11 23:53:00,709,XAUUSD,sell,out,0.09,5084.04,709,-0.32,0.0,-6.84,8682.05,
2026-02-11 23:54:00,710,XAUUSD,buy,in,0.09,5082.3,710,-0.32,0.0,0.0,8681.73,QQX 09 Late Buy B L1
2026-02-11 23:56:00,711,XAUUSD,buy,in,0.09,5081.11,711,-0.32,0.0,0.0,8681.41,QQX 08 Late Buy A L1
2026-02-11 23:58:00,712,XAUUSD,sell,out,0.09,5082.64,712,-0.32,0.0,13.77,8694.86,
2026-02-12 01:02:00,713,XAUUSD,sell,out,0.09,5098.26,713,-0.32,-16.15,143.64,8822.03,
2026-02-12 03:00:00,714,XAUUSD,buy,in,0.09,5063.06,714,-0.32,0.0,0.0,8821.71,QQX 01 Asia Momentum Buy L1
2026-02-12 03:02:00,715,XAUUSD,buy,in,0.09,5059.82,715,-0.32,0.0,0.0,8821.39,QQX 01 Asia Momentum Buy L2
2026-02-12 03:03:00,716,XAUUSD,buy,in,0.09,5056.7,716,-0.32,0.0,0.0,8821.07,QQX 01 Asia Momentum Buy L3
2026-02-12 03:05:00,717,XAUUSD,buy,in,0.09,5051.67,717,-0.32,0.0,0.0,8820.75,QQX 01 Asia Momentum Buy L4
2026-02-12 03:13:00,718,XAUUSD,buy,in,0.09,5048.32,718,-0.32,0.0,0.0,8820.43,QQX 01 Asia Momentum Buy L5
2026-02-12 03:18:00,719,XAUUSD,sell,out,0.09,5057.56,719,-0.32,0.0,83.16,8903.27,
2026-02-12 03:18:00,720,XAUUSD,sell,out,0.09,5057.56,720,-0.32,0.0,53.01,8955.96,
2026-02-12 03:18:00,721,XAUUSD,sell,out,0.09,5057.56,721,-0.32,0.0,7.74,8963.38,
2026-02-12 03:18:00,722,XAUUSD,sell,out,0.09,5057.56,722,-0.32,0.0,-20.34,8942.72,
2026-02-12 03:18:00,723,XAUUSD,sell,out,0.09,5057.56,723,-0.32,0.0,-49.5,8892.9,
2026-02-12 03:30:00,724,XAUUSD,buy,in,0.09,5058.89,724,-0.32,0.0,0.0,8892.58,QQX 01 Asia Momentum Buy L1
2026-02-12 03:38:00,725,XAUUSD,sell,out,0.09,5061.05,725,-0.32,0.0,19.44,8911.7,
2026-02-12 03:45:00,726,XAUUSD,buy,in,0.09,5061.16,726,-0.32,0.0,0.0,8911.38,QQX 01 Asia Momentum Buy L1
2026-02-12 03:47:00,727,XAUUSD,buy,in,0.09,5056.38,727,-0.32,0.0,0.0,8911.06,QQX 01 Asia Momentum Buy L2
2026-02-12 03:56:00,728,XAUUSD,sell,out,0.09,5061.67,728,-0.32,0.0,47.61,8958.35,
2026-02-12 03:56:00,729,XAUUSD,sell,out,0.09,5061.67,729,-0.32,0.0,4.59,8962.62,
2026-02-12 04:00:00,730,XAUUSD,buy,in,0.09,5063.64,730,-0.32,0.0,0.0,8962.3,QQX 01 Asia Momentum Buy L1
2026-02-12 04:01:00,731,XAUUSD,sell,out,0.09,5070.34,731,-0.32,0.0,60.3,9022.28,
2026-02-12 04:15:00,732,XAUUSD,buy,in,0.09,5068.6,732,-0.32,0.0,0.0,9021.96,QQX 01 Asia Momentum Buy L1
2026-02-12 04:20:00,733,XAUUSD,buy,in,0.09,5065.73,733,-0.32,0.0,0.0,9021.64,QQX 01 Asia Momentum Buy L2
2026-02-12 04:21:00,734,XAUUSD,sell,out,0.09,5068.84,734,-0.32,0.0,27.99,9049.31,
2026-02-12 04:21:00,735,XAUUSD,sell,out,0.09,5068.84,735,-0.32,0.0,2.16,9051.15,
2026-02-12 04:30:00,736,XAUUSD,buy,in,0.09,5066.84,736,-0.32,0.0,0.0,9050.83,QQX 01 Asia Momentum Buy L1
2026-02-12 04:36:00,737,XAUUSD,buy,in,0.09,5060.52,737,-0.32,0.0,0.0,9050.51,QQX 01 Asia Momentum Buy L2
2026-02-12 04:43:00,738,XAUUSD,buy,in,0.09,5057.14,738,-0.32,0.0,0.0,9050.19,QQX 01 Asia Momentum Buy L3
2026-02-12 04:51:00,739,XAUUSD,sell,out,0.09,5065.04,739,-0.32,0.0,71.1,9120.97,
2026-02-12 04:51:00,740,XAUUSD,sell,out,0.09,5065.04,740,-0.32,0.0,40.68,9161.33,
2026-02-12 04:51:00,741,XAUUSD,sell,out,0.09,5065.04,741,-0.32,0.0,-16.2,9144.81,
2026-02-13 22:00:00,742,XAUUSD,buy,in,0.09,5023.84,742,-0.32,0.0,0.0,9144.49,QQX 08 Late Buy A L1
2026-02-13 22:00:00,743,XAUUSD,buy,in,0.09,5023.84,743,-0.32,0.0,0.0,9144.17,QQX 09 Late Buy B L1
2026-02-13 22:01:00,744,XAUUSD,sell,out,0.09,5027.74,744,-0.32,0.0,35.1,9178.95,
2026-02-13 22:01:00,745,XAUUSD,sell,out,0.09,5027.74,745,-0.32,0.0,35.1,9213.73,
2026-02-13 22:04:00,746,XAUUSD,buy,in,0.09,5033.26,746,-0.32,0.0,0.0,9213.41,QQX 08 Late Buy A L1
2026-02-13 22:07:00,747,XAUUSD,buy,in,0.09,5030.75,747,-0.32,0.0,0.0,9213.09,QQX 08 Late Buy A L2
2026-02-13 22:18:00,748,XAUUSD,buy,in,0.09,5030.49,748,-0.32,0.0,0.0,9212.77,QQX 09 Late Buy B L1
2026-02-13 22:31:00,749,XAUUSD,buy,in,0.09,5026.97,749,-0.32,0.0,0.0,9212.45,QQX 08 Late Buy A L3
2026-02-13 22:31:00,750,XAUUSD,buy,in,0.09,5026.97,750,-0.32,0.0,0.0,9212.13,QQX 09 Late Buy B L2
2026-02-13 22:41:00,751,XAUUSD,sell,out,0.09,5033.29,751,-0.32,0.0,56.88,9268.69,
2026-02-13 22:41:00,752,XAUUSD,sell,out,0.09,5033.29,752,-0.32,0.0,22.86,9291.23,
2026-02-13 22:41:00,753,XAUUSD,sell,out,0.09,5033.29,753,-0.32,0.0,0.27,9291.18,
2026-02-13 22:41:00,754,XAUUSD,sell,out,0.09,5033.29,754,-0.32,0.0,56.88,9347.74,
2026-02-13 22:41:00,755,XAUUSD,sell,out,0.09,5033.29,755,-0.32,0.0,25.2,9372.62,
2026-02-13 22:44:00,756,XAUUSD,buy,in,0.09,5030.29,756,-0.32,0.0,0.0,9372.3,QQX 08 Late Buy A L1
2026-02-13 22:48:00,757,XAUUSD,buy,in,0.09,5027.82,757,-0.32,0.0,0.0,9371.98,QQX 08 Late Buy A L2
2026-02-13 22:48:00,758,XAUUSD,buy,in,0.09,5027.82,758,-0.32,0.0,0.0,9371.66,QQX 09 Late Buy B L1
2026-02-13 22:53:00,759,XAUUSD,buy,in,0.09,5024.1,759,-0.32,0.0,0.0,9371.34,QQX 08 Late Buy A L3
2026-02-13 22:53:00,760,XAUUSD,buy,in,0.09,5024.1,760,-0.32,0.0,0.0,9371.02,QQX 09 Late Buy B L2
2026-02-13 22:55:00,761,XAUUSD,sell,out,0.09,5027.81,761,-0.32,0.0,33.39,9404.09,
2026-02-13 22:55:00,762,XAUUSD,sell,out,0.09,5027.81,762,-0.32,0.0,-0.09,9403.68,
2026-02-13 22:58:00,763,XAUUSD,sell,out,0.09,5029.3,763,-0.32,0.0,46.8,9450.16,
2026-02-13 22:58:00,764,XAUUSD,sell,out,0.09,5029.3,764,-0.32,0.0,13.32,9463.16,
2026-02-13 22:58:00,765,XAUUSD,sell,out,0.09,5029.3,765,-0.32,0.0,-8.91,9453.93,
2026-02-13 23:12:00,766,XAUUSD,buy,in,0.09,5030.69,766,-0.32,0.0,0.0,9453.61,QQX 08 Late Buy A L1
2026-02-13 23:12:00,767,XAUUSD,buy,in,0.09,5030.69,767,-0.32,0.0,0.0,9453.29,QQX 09 Late Buy B L1
2026-02-13 23:15:00,768,XAUUSD,sell,out,0.09,5033.26,768,-0.32,0.0,23.13,9476.1,
2026-02-13 23:15:00,769,XAUUSD,sell,out,0.09,5033.26,769,-0.32,0.0,23.13,9498.91,
2026-02-13 23:24:00,770,XAUUSD,buy,in,0.09,5032.02,770,-0.32,0.0,0.0,9498.59,QQX 08 Late Buy A L1
2026-02-13 23:34:00,771,XAUUSD,sell,out,0.09,5035.04,771,-0.32,0.0,27.18,9525.45,
2026-02-16 03:00:00,772,XAUUSD,buy,in,0.1,5015.68,772,-0.35,0.0,0.0,9525.1,QQX 01 Asia Momentum Buy L1
2026-02-16 03:01:00,773,XAUUSD,buy,in,0.1,5010.2,773,-0.35,0.0,0.0,9524.75,QQX 01 Asia Momentum Buy L2
2026-02-16 03:04:00,774,XAUUSD,sell,out,0.1,5014.85,774,-0.35,0.0,46.5,9570.9,
2026-02-16 03:04:00,775,XAUUSD,sell,out,0.1,5014.85,775,-0.35,0.0,-8.3,9562.25,
2026-02-16 03:15:00,776,XAUUSD,buy,in,0.1,5023.2,776,-0.35,0.0,0.0,9561.9,QQX 01 Asia Momentum Buy L1
2026-02-16 03:19:00,777,XAUUSD,sell,out,0.1,5026.73,777,-0.35,0.0,35.3,9596.85,
2026-02-16 04:15:00,778,XAUUSD,buy,in,0.1,5022.15,778,-0.35,0.0,0.0,9596.5,QQX 01 Asia Momentum Buy L1
2026-02-16 04:17:00,779,XAUUSD,sell,out,0.1,5025.04,779,-0.35,0.0,28.9,9625.05,
2026-02-16 04:30:00,780,XAUUSD,buy,in,0.1,5019.64,780,-0.35,0.0,0.0,9624.7,QQX 01 Asia Momentum Buy L1
2026-02-16 04:31:00,781,XAUUSD,sell,out,0.1,5021.62,781,-0.35,0.0,19.8,9644.15,
2026-02-16 04:45:00,782,XAUUSD,buy,in,0.1,5002.57,782,-0.35,0.0,0.0,9643.8,QQX 01 Asia Momentum Buy L1
2026-02-16 04:48:00,783,XAUUSD,buy,in,0.1,4999.37,783,-0.35,0.0,0.0,9643.45,QQX 01 Asia Momentum Buy L2
2026-02-16 04:51:00,784,XAUUSD,buy,in,0.1,4995.72,784,-0.35,0.0,0.0,9643.1,QQX 01 Asia Momentum Buy L3
2026-02-16 05:02:00,785,XAUUSD,buy,in,0.1,4990.54,785,-0.35,0.0,0.0,9642.75,QQX 01 Asia Momentum Buy L4
2026-02-16 05:06:00,786,XAUUSD,sell,out,0.1,4999.68,786,-0.35,0.0,91.4,9733.8,
2026-02-16 05:06:00,787,XAUUSD,sell,out,0.1,4999.68,787,-0.35,0.0,39.6,9773.05,
2026-02-16 05:06:00,788,XAUUSD,sell,out,0.1,4999.68,788,-0.35,0.0,3.1,9775.8,
2026-02-16 05:06:00,789,XAUUSD,sell,out,0.1,4999.68,789,-0.35,0.0,-28.9,9746.55,
2026-02-17 23:20:00,790,XAUUSD,sell,in,0.1,4883.57,790,-0.35,0.0,0.0,9746.2,QQX 11 Late Sell B L1
2026-02-17 23:21:00,791,XAUUSD,buy,out,0.1,4881.12,791,-0.35,0.0,24.5,9770.35,
2026-02-17 23:30:00,792,XAUUSD,sell,in,0.1,4880.55,792,-0.35,0.0,0.0,9770.0,QQX 11 Late Sell B L1
2026-02-17 23:48:00,793,XAUUSD,buy,out,0.1,4877.91,793,-0.35,0.0,26.4,9796.05,
2026-02-18 22:00:00,794,XAUUSD,buy,in,0.1,4980.61,794,-0.35,0.0,0.0,9795.7,QQX 08 Late Buy A L1
2026-02-18 22:00:00,795,XAUUSD,buy,in,0.1,4980.61,795,-0.35,0.0,0.0,9795.35,QQX 09 Late Buy B L1
2026-02-18 22:01:00,796,XAUUSD,sell,out,0.1,4981.8,796,-0.35,0.0,11.9,9806.9,
2026-02-18 22:01:00,797,XAUUSD,sell,out,0.1,4981.8,797,-0.35,0.0,11.9,9818.45,
2026-02-18 22:04:00,798,XAUUSD,buy,in,0.1,4982.18,798,-0.35,0.0,0.0,9818.1,QQX 08 Late Buy A L1
2026-02-18 22:05:00,799,XAUUSD,sell,out,0.1,4984.11,799,-0.35,0.0,19.3,9837.05,
2026-02-18 22:06:00,800,XAUUSD,buy,in,0.1,4983.85,800,-0.35,0.0,0.0,9836.7,QQX 09 Late Buy B L1
2026-02-18 22:08:00,801,XAUUSD,buy,in,0.1,4981.69,801,-0.35,0.0,0.0,9836.35,QQX 08 Late Buy A L1
2026-02-18 22:09:00,802,XAUUSD,buy,in,0.1,4980.34,802,-0.35,0.0,0.0,9836.0,QQX 09 Late Buy B L2
2026-02-18 22:12:00,803,XAUUSD,buy,in,0.1,4978.04,803,-0.35,0.0,0.0,9835.65,QQX 08 Late Buy A L2
2026-02-18 22:13:00,804,XAUUSD,buy,in,0.1,4976.74,804,-0.35,0.0,0.0,9835.3,QQX 09 Late Buy B L3
2026-02-18 22:34:00,805,XAUUSD,sell,out,0.1,4981.44,805,-0.35,0.0,34.0,9868.95,
2026-02-18 22:34:00,806,XAUUSD,sell,out,0.1,4981.44,806,-0.35,0.0,-2.5,9866.1,
2026-02-18 22:34:00,807,XAUUSD,sell,out,0.1,4981.44,807,-0.35,0.0,47.0,9912.75,
2026-02-18 22:34:00,808,XAUUSD,sell,out,0.1,4981.44,808,-0.35,0.0,11.0,9923.4,
2026-02-18 22:34:00,809,XAUUSD,sell,out,0.1,4981.44,809,-0.35,0.0,-24.1,9898.95,
2026-02-18 22:36:00,810,XAUUSD,buy,in,0.1,4981.19,810,-0.35,0.0,0.0,9898.6,QQX 09 Late Buy B L1
2026-02-18 22:37:00,811,XAUUSD,sell,out,0.1,4982.62,811,-0.35,0.0,14.3,9912.55,
2026-02-18 22:42:00,812,XAUUSD,buy,in,0.1,4984.04,812,-0.35,0.0,0.0,9912.2,QQX 09 Late Buy B L1
2026-02-18 22:43:00,813,XAUUSD,sell,out,0.1,4985.65,813,-0.35,0.0,16.1,9927.95,
2026-02-18 22:48:00,814,XAUUSD,buy,in,0.1,4986.09,814,-0.35,0.0,0.0,9927.6,QQX 09 Late Buy B L1
2026-02-18 22:52:00,815,XAUUSD,buy,in,0.1,4984.46,815,-0.35,0.0,0.0,9927.25,QQX 08 Late Buy A L1
2026-02-18 22:54:00,816,XAUUSD,buy,in,0.1,4982.78,816,-0.35,0.0,0.0,9926.9,QQX 09 Late Buy B L2
2026-02-18 22:56:00,817,XAUUSD,buy,in,0.1,4981.1,817,-0.35,0.0,0.0,9926.55,QQX 08 Late Buy A L2
2026-02-18 22:59:00,818,XAUUSD,sell,out,0.1,4984.6,818,-0.35,0.0,35.0,9961.2,
2026-02-18 22:59:00,819,XAUUSD,sell,out,0.1,4984.6,819,-0.35,0.0,1.4,9962.25,
2026-02-18 23:02:00,820,XAUUSD,sell,out,0.1,4985.63,820,-0.35,0.0,28.5,9990.4,
2026-02-18 23:02:00,821,XAUUSD,sell,out,0.1,4985.63,821,-0.35,0.0,-4.6,9985.45,
2026-02-18 23:06:00,822,XAUUSD,buy,in,0.1,4983.5,822,-0.35,0.0,0.0,9985.1,QQX 09 Late Buy B L1
2026-02-18 23:08:00,823,XAUUSD,buy,in,0.1,4981.78,823,-0.35,0.0,0.0,9984.75,QQX 08 Late Buy A L1
2026-02-18 23:10:00,824,XAUUSD,sell,out,0.1,4983.1,824,-0.35,0.0,13.2,9997.6,
2026-02-18 23:12:00,825,XAUUSD,buy,in,0.1,4982.21,825,-0.35,0.0,0.0,9997.25,QQX 08 Late Buy A L1
2026-02-18 23:15:00,826,XAUUSD,buy,in,0.1,4981.01,826,-0.35,0.0,0.0,9996.9,QQX 09 Late Buy B L2
2026-02-18 23:21:00,827,XAUUSD,sell,out,0.1,4983.7,827,-0.35,0.0,14.9,10011.45,
2026-02-18 23:21:00,828,XAUUSD,sell,out,0.1,4983.7,828,-0.35,0.0,26.9,10038.0,
2026-02-18 23:21:00,829,XAUUSD,sell,out,0.1,4983.7,829,-0.35,0.0,2.0,10039.65,
2026-02-18 23:24:00,830,XAUUSD,buy,in,0.1,4983.86,830,-0.35,0.0,0.0,10039.3,QQX 08 Late Buy A L1
2026-02-18 23:24:00,831,XAUUSD,buy,in,0.1,4983.86,831,-0.35,0.0,0.0,10038.95,QQX 09 Late Buy B L1
2026-02-18 23:33:00,832,XAUUSD,buy,in,0.1,4981.08,832,-0.35,0.0,0.0,10038.6,QQX 08 Late Buy A L2
2026-02-18 23:33:00,833,XAUUSD,buy,in,0.1,4981.08,833,-0.35,0.0,0.0,10038.25,QQX 09 Late Buy B L2
2026-02-18 23:54:00,834,XAUUSD,buy,in,0.1,4978.68,834,-0.35,0.0,0.0,10037.9,QQX 08 Late Buy A L3
2026-02-18 23:55:00,835,XAUUSD,buy,in,0.1,4977.32,835,-0.35,0.0,0.0,10037.55,QQX 09 Late Buy B L3
2026-02-19 01:02:00,836,XAUUSD,buy,in,0.1,4968.26,836,-0.35,0.0,0.0,10037.2,QQX 08 Late Buy A L4
2026-02-19 01:02:00,837,XAUUSD,buy,in,0.1,4968.26,837,-0.35,0.0,0.0,10036.85,QQX 09 Late Buy B L4
2026-02-19 01:11:00,838,XAUUSD,sell,out,0.1,4978.92,838,-0.35,0.0,106.6,10143.1,
2026-02-19 01:11:00,839,XAUUSD,sell,out,0.1,4978.92,839,-0.35,-17.94,16.0,10140.81,
2026-02-19 01:11:00,840,XAUUSD,sell,out,0.1,4978.92,840,-0.35,-17.94,-21.6,10100.92,
2026-02-19 01:11:00,841,XAUUSD,sell,out,0.1,4978.92,841,-0.35,-17.94,-49.4,10033.23,
2026-02-19 01:25:00,842,XAUUSD,sell,out,0.1,4981.88,842,-0.35,0.0,136.2,10169.08,
2026-02-19 01:25:00,843,XAUUSD,sell,out,0.1,4981.88,843,-0.35,-17.94,32.0,10182.79,
2026-02-19 01:25:00,844,XAUUSD,sell,out,0.1,4981.88,844,-0.35,-17.94,8.0,10172.5,
2026-02-19 01:25:00,845,XAUUSD,sell,out,0.1,4981.88,845,-0.35,-17.94,-19.8,10134.41,
2026-02-19 03:00:00,846,XAUUSD,buy,in,0.1,4961.49,846,-0.35,0.0,0.0,10134.06,QQX 01 Asia Momentum Buy L1
2026-02-19 03:03:00,847,XAUUSD,sell,out,0.1,4964.72,847,-0.35,0.0,32.3,10166.01,
2026-02-19 03:15:00,848,XAUUSD,buy,in,0.1,4965.92,848,-0.35,0.0,0.0,10165.66,QQX 01 Asia Momentum Buy L1
2026-02-19 03:25:00,849,XAUUSD,buy,in,0.1,4961.75,849,-0.35,0.0,0.0,10165.31,QQX 01 Asia Momentum Buy L2
2026-02-19 03:35:00,850,XAUUSD,sell,out,0.1,4965.8,850,-0.35,0.0,40.5,10205.46,
2026-02-19 03:35:00,851,XAUUSD,sell,out,0.1,4965.8,851,-0.35,0.0,-1.2,10203.91,
2026-02-19 03:45:00,852,XAUUSD,buy,in,0.1,4970.54,852,-0.35,0.0,0.0,10203.56,QQX 01 Asia Momentum Buy L1
2026-02-19 03:52:00,853,XAUUSD,sell,out,0.1,4973.32,853,-0.35,0.0,27.8,10231.01,
2026-02-19 04:00:00,854,XAUUSD,buy,in,0.1,4973.29,854,-0.35,0.0,0.0,10230.66,QQX 01 Asia Momentum Buy L1
2026-02-19 04:04:00,855,XAUUSD,sell,out,0.1,4976.22,855,-0.35,0.0,29.3,10259.61,
2026-02-19 04:15:00,856,XAUUSD,buy,in,0.1,4974.34,856,-0.35,0.0,0.0,10259.26,QQX 01 Asia Momentum Buy L1
2026-02-19 04:16:00,857,XAUUSD,buy,in,0.1,4971.5,857,-0.35,0.0,0.0,10258.91,QQX 01 Asia Momentum Buy L2
2026-02-19 04:17:00,858,XAUUSD,buy,in,0.1,4966.74,858,-0.35,0.0,0.0,10258.56,QQX 01 Asia Momentum Buy L3
2026-02-19 04:29:00,859,XAUUSD,sell,out,0.1,4973.02,859,-0.35,0.0,62.8,10321.01,
2026-02-19 04:29:00,860,XAUUSD,sell,out,0.1,4973.02,860,-0.35,0.0,15.2,10335.86,
2026-02-19 04:29:00,861,XAUUSD,sell,out,0.1,4973.02,861,-0.35,0.0,-13.2,10322.31,
2026-02-19 04:30:00,862,XAUUSD,buy,in,0.1,4972.92,862,-0.35,0.0,0.0,10321.96,QQX 01 Asia Momentum Buy L1
2026-02-19 04:32:00,863,XAUUSD,buy,in,0.1,4969.76,863,-0.35,0.0,0.0,10321.61,QQX 01 Asia Momentum Buy L2
2026-02-19 04:42:00,864,XAUUSD,sell,out,0.1,4973.07,864,-0.35,0.0,33.1,10354.36,
2026-02-19 04:42:00,865,XAUUSD,sell,out,0.1,4973.07,865,-0.35,0.0,1.5,10355.51,
2026-02-19 04:45:00,866,XAUUSD,buy,in,0.1,4971.44,866,-0.35,0.0,0.0,10355.16,QQX 01 Asia Momentum Buy L1
2026-02-19 04:52:00,867,XAUUSD,sell,out,0.1,4973.18,867,-0.35,0.0,17.4,10372.21,
2026-02-19 19:00:00,868,XAUUSD,buy,in,0.1,4995.2,868,-0.35,0.0,0.0,10371.86,QQX 06 NY Trend Buy L1
2026-02-19 19:01:00,869,XAUUSD,sell,out,0.1,4997.13,869,-0.35,0.0,19.3,10390.81,
2026-02-19 19:15:00,870,XAUUSD,buy,in,0.1,4996.63,870,-0.35,0.0,0.0,10390.46,QQX 06 NY Trend Buy L1
2026-02-19 19:19:00,871,XAUUSD,sell,out,0.1,4998.6,871,-0.35,0.0,19.7,10409.81,
2026-02-19 19:30:00,872,XAUUSD,buy,in,0.1,4993.9,872,-0.35,0.0,0.0,10409.46,QQX 06 NY Trend Buy L1
2026-02-19 19:32:00,873,XAUUSD,buy,in,0.1,4991.42,873,-0.35,0.0,0.0,10409.11,QQX 06 NY Trend Buy L2
2026-02-19 19:34:00,874,XAUUSD,sell,out,0.1,4994.51,874,-0.35,0.0,30.9,10439.66,
2026-02-19 19:34:00,875,XAUUSD,sell,out,0.1,4994.51,875,-0.35,0.0,6.1,10445.41,
2026-02-19 19:45:00,876,XAUUSD,buy,in,0.1,4993.43,876,-0.35,0.0,0.0,10445.06,QQX 06 NY Trend Buy L1
2026-02-19 19:49:00,877,XAUUSD,buy,in,0.1,4990.24,877,-0.35,0.0,0.0,10444.71,QQX 06 NY Trend Buy L2
2026-02-19 19:54:00,878,XAUUSD,buy,in,0.1,4986.59,878,-0.35,0.0,0.0,10444.36,QQX 06 NY Trend Buy L3
2026-02-19 20:01:00,879,XAUUSD,buy,in,0.1,4983.86,879,-0.35,0.0,0.0,10444.01,QQX 06 NY Trend Buy L4
2026-02-19 20:09:00,880,XAUUSD,buy,in,0.1,4980.55,880,-0.35,0.0,0.0,10443.66,QQX 06 NY Trend Buy L5
2026-02-19 20:15:00,881,XAUUSD,sell,out,0.1,4988.13,881,-0.35,0.0,75.8,10519.11,
2026-02-19 20:15:00,882,XAUUSD,sell,out,0.1,4988.13,882,-0.35,0.0,42.7,10561.46,
2026-02-19 20:15:00,883,XAUUSD,sell,out,0.1,4988.13,883,-0.35,0.0,15.4,10576.51,
2026-02-19 20:15:00,884,XAUUSD,sell,out,0.1,4988.13,884,-0.35,0.0,-21.1,10555.06,
2026-02-19 20:15:00,885,XAUUSD,sell,out,0.1,4988.13,885,-0.35,0.0,-53.0,10501.71,
2026-02-19 20:30:00,886,XAUUSD,buy,in,0.11,4978.15,886,-0.39,0.0,0.0,10501.32,QQX 06 NY Trend Buy L1
2026-02-19 20:31:00,887,XAUUSD,sell,out,0.11,4980.35,887,-0.39,0.0,24.2,10525.13,
2026-02-19 20:45:00,888,XAUUSD,buy,in,0.11,4975.84,888,-0.39,0.0,0.0,10524.74,QQX 06 NY Trend Buy L1
2026-02-19 20:46:00,889,XAUUSD,sell,out,0.11,4978.52,889,-0.39,0.0,29.48,10553.83,
2026-02-19 23:28:00,890,XAUUSD,buy,in,0.11,4996.13,890,-0.39,0.0,0.0,10553.44,QQX 08 Late Buy A L1
2026-02-19 23:30:00,891,XAUUSD,buy,in,0.11,4994.22,891,-0.39,0.0,0.0,10553.05,QQX 09 Late Buy B L1
2026-02-19 23:34:00,892,XAUUSD,sell,out,0.11,4995.44,892,-0.39,0.0,13.42,10566.08,
2026-02-19 23:41:00,893,XAUUSD,sell,out,0.11,4997.4,893,-0.39,0.0,13.97,10579.66,
2026-02-19 23:54:00,894,XAUUSD,buy,in,0.11,4995.94,894,-0.39,0.0,0.0,10579.27,QQX 09 Late Buy B L1
2026-02-19 23:56:00,895,XAUUSD,buy,in,0.11,4995.74,895,-0.39,0.0,0.0,10578.88,QQX 08 Late Buy A L1
2026-02-20 01:02:00,896,XAUUSD,sell,out,0.11,5000.02,896,-0.39,-6.58,47.08,10618.99,
2026-02-20 01:02:00,897,XAUUSD,sell,out,0.11,5000.02,897,-0.39,-6.58,44.88,10656.9,
2026-02-20 03:45:00,898,XAUUSD,buy,in,0.11,4997.72,898,-0.39,0.0,0.0,10656.51,QQX 01 Asia Momentum Buy L1
2026-02-20 03:47:00,899,XAUUSD,sell,out,0.11,4999.5,899,-0.39,0.0,19.58,10675.7,
2026-02-20 04:00:00,900,XAUUSD,buy,in,0.11,4997.13,900,-0.39,0.0,0.0,10675.31,QQX 01 Asia Momentum Buy L1
2026-02-20 04:04:00,901,XAUUSD,sell,out,0.11,5001.54,901,-0.39,0.0,48.51,10723.43,
2026-02-20 04:15:00,902,XAUUSD,buy,in,0.11,4996.97,902,-0.39,0.0,0.0,10723.04,QQX 01 Asia Momentum Buy L1
2026-02-20 04:31:00,903,XAUUSD,sell,out,0.11,5000.52,903,-0.39,0.0,39.05,10761.7,
2026-02-23 23:48:00,904,XAUUSD,buy,in,0.11,5228.72,904,-0.39,0.0,0.0,10761.31,QQX 08 Late Buy A L1
2026-02-23 23:50:00,905,XAUUSD,sell,out,0.11,5231.29,905,-0.39,0.0,28.27,10789.19,
2026-02-24 03:15:00,906,XAUUSD,buy,in,0.11,5185.63,906,-0.39,0.0,0.0,10788.8,QQX 01 Asia Momentum Buy L1
2026-02-24 03:16:00,907,XAUUSD,buy,in,0.11,5158.17,907,-0.39,0.0,0.0,10788.41,QQX 01 Asia Momentum Buy L2
2026-02-24 03:17:00,908,XAUUSD,buy,in,0.11,5147.7,908,-0.39,0.0,0.0,10788.02,QQX 01 Asia Momentum Buy L3
2026-02-24 03:21:00,909,XAUUSD,sell,out,0.11,5168.42,909,-0.39,0.0,227.92,11015.55,
2026-02-24 03:21:00,910,XAUUSD,sell,out,0.11,5168.42,910,-0.39,0.0,112.75,11127.91,
2026-02-24 03:21:00,911,XAUUSD,sell,out,0.11,5168.42,911,-0.39,0.0,-189.31,10938.21,
2026-02-24 03:30:00,912,XAUUSD,buy,in,0.11,5165.35,912,-0.39,0.0,0.0,10937.82,QQX 01 Asia Momentum Buy L1
2026-02-24 03:32:00,913,XAUUSD,sell,out,0.11,5167.39,913,-0.39,0.0,22.44,10959.87,
2026-02-24 03:45:00,914,XAUUSD,buy,in,0.11,5174.21,914,-0.39,0.0,0.0,10959.48,QQX 01 Asia Momentum Buy L1
2026-02-24 03:46:00,915,XAUUSD,sell,out,0.11,5177.84,915,-0.39,0.0,39.93,10999.02,
2026-02-24 04:00:00,916,XAUUSD,buy,in,0.11,5177.37,916,-0.39,0.0,0.0,10998.63,QQX 01 Asia Momentum Buy L1
2026-02-24 04:02:00,917,XAUUSD,sell,out,0.11,5179.81,917,-0.39,0.0,26.84,11025.08,
2026-02-24 04:15:00,918,XAUUSD,buy,in,0.11,5172.76,918,-0.39,0.0,0.0,11024.69,QQX 01 Asia Momentum Buy L1
2026-02-24 04:18:00,919,XAUUSD,buy,in,0.11,5165.8,919,-0.39,0.0,0.0,11024.3,QQX 01 Asia Momentum Buy L2
2026-02-24 04:19:00,920,XAUUSD,sell,out,0.11,5170.94,920,-0.39,0.0,56.54,11080.45,
2026-02-24 04:19:00,921,XAUUSD,sell,out,0.11,5170.94,921,-0.39,0.0,-20.02,11060.04,
2026-02-24 04:30:00,922,XAUUSD,buy,in,0.11,5173.28,922,-0.39,0.0,0.0,11059.65,QQX 01 Asia Momentum Buy L1
2026-02-24 04:31:00,923,XAUUSD,sell,out,0.11,5175.29,923,-0.39,0.0,22.11,11081.37,
2026-02-24 04:45:00,924,XAUUSD,buy,in,0.11,5183.7,924,-0.39,0.0,0.0,11080.98,QQX 01 Asia Momentum Buy L1
2026-02-24 04:47:00,925,XAUUSD,sell,out,0.11,5185.32,925,-0.39,0.0,17.82,11098.41,
2026-02-24 22:00:00,926,XAUUSD,buy,in,0.11,5154.11,926,-0.39,0.0,0.0,11098.02,QQX 08 Late Buy A L1
2026-02-24 22:02:00,927,XAUUSD,sell,out,0.11,5155.54,927,-0.39,0.0,15.73,11113.36,
2026-02-24 22:04:00,928,XAUUSD,buy,in,0.11,5152.97,928,-0.39,0.0,0.0,11112.97,QQX 08 Late Buy A L1
2026-02-24 22:07:00,929,XAUUSD,buy,in,0.11,5149.45,929,-0.39,0.0,0.0,11112.58,QQX 08 Late Buy A L2
2026-02-24 22:14:00,930,XAUUSD,buy,in,0.11,5146.94,930,-0.39,0.0,0.0,11112.19,QQX 08 Late Buy A L3
2026-02-24 22:17:00,931,XAUUSD,sell,out,0.11,5151.08,931,-0.39,0.0,45.54,11157.34,
2026-02-24 22:17:00,932,XAUUSD,sell,out,0.11,5151.08,932,-0.39,0.0,17.93,11174.88,
2026-02-24 22:17:00,933,XAUUSD,sell,out,0.11,5151.08,933,-0.39,0.0,-20.79,11153.7,
2026-02-24 22:20:00,934,XAUUSD,buy,in,0.11,5154.97,934,-0.39,0.0,0.0,11153.31,QQX 08 Late Buy A L1
2026-02-24 22:21:00,935,XAUUSD,sell,out,0.11,5158.14,935,-0.39,0.0,34.87,11187.79,
2026-02-24 22:56:00,936,XAUUSD,buy,in,0.11,5158.45,936,-0.39,0.0,0.0,11187.4,QQX 08 Late Buy A L1
2026-02-24 22:57:00,937,XAUUSD,sell,out,0.11,5161.86,937,-0.39,0.0,37.51,11224.52,
2026-02-24 23:00:00,938,XAUUSD,sell,in,0.11,5163.97,938,-0.39,0.0,0.0,11224.13,QQX 11 Late Sell B L1
2026-02-24 23:04:00,939,XAUUSD,buy,in,0.11,5161.14,939,-0.39,0.0,0.0,11223.74,QQX 08 Late Buy A L1
2026-02-24 23:04:00,940,XAUUSD,buy,out,0.11,5161.14,940,-0.39,0.0,31.13,11254.48,
2026-02-24 23:05:00,941,XAUUSD,buy,in,0.11,5158.25,941,-0.39,0.0,0.0,11254.09,QQX 08 Late Buy A L2
2026-02-24 23:06:00,942,XAUUSD,buy,in,0.11,5157.03,942,-0.39,0.0,0.0,11253.7,QQX 09 Late Buy B L1
2026-02-24 23:08:00,943,XAUUSD,sell,out,0.11,5158.47,943,-0.39,0.0,15.84,11269.15,
2026-02-24 23:10:00,944,XAUUSD,sell,in,0.11,5157.57,944,-0.39,0.0,0.0,11268.76,QQX 11 Late Sell B L1
2026-02-24 23:12:00,945,XAUUSD,buy,in,0.11,5158.29,945,-0.39,0.0,0.0,11268.37,QQX 09 Late Buy B L1
2026-02-24 23:14:00,946,XAUUSD,sell,out,0.11,5160.1,946,-0.39,0.0,19.91,11287.89,
2026-02-24 23:15:00,947,XAUUSD,sell,out,0.11,5161.01,947,-0.39,0.0,30.36,11317.86,
2026-02-24 23:15:00,948,XAUUSD,sell,out,0.11,5161.01,948,-0.39,0.0,-1.43,11316.04,
2026-02-24 23:16:00,949,XAUUSD,buy,in,0.11,5161.23,949,-0.39,0.0,0.0,11315.65,QQX 08 Late Buy A L1
2026-02-24 23:18:00,950,XAUUSD,buy,in,0.11,5160.04,950,-0.39,0.0,0.0,11315.26,QQX 09 Late Buy B L1
2026-02-24 23:20:00,951,XAUUSD,buy,in,0.11,5158.44,951,-0.39,0.0,0.0,11314.87,QQX 08 Late Buy A L2
2026-02-24 23:22:00,952,XAUUSD,buy,in,0.11,5156.73,952,-0.39,0.0,0.0,11314.48,QQX 09 Late Buy B L2
2026-02-24 23:24:00,953,XAUUSD,buy,in,0.11,5154.77,953,-0.39,0.0,0.0,11314.09,QQX 08 Late Buy A L3
2026-02-24 23:24:00,954,XAUUSD,buy,out,0.11,5154.77,954,-0.39,0.0,30.8,11344.5,
2026-02-24 23:25:00,955,XAUUSD,buy,in,0.11,5154.12,955,-0.39,0.0,0.0,11344.11,QQX 09 Late Buy B L3
2026-02-24 23:30:00,956,XAUUSD,sell,in,0.11,5155.44,956,-0.39,0.0,0.0,11343.72,QQX 11 Late Sell B L1
2026-02-24 23:32:00,957,XAUUSD,buy,out,0.11,5153.44,957,-0.39,0.0,22.0,11365.33,
2026-02-24 23:33:00,958,XAUUSD,buy,in,0.11,5150.31,958,-0.39,0.0,0.0,11364.94,QQX 08 Late Buy A L4
2026-02-24 23:33:00,959,XAUUSD,buy,in,0.11,5150.31,959,-0.39,0.0,0.0,11364.55,QQX 09 Late Buy B L4
2026-02-24 23:38:00,960,XAUUSD,buy,in,0.11,5146.49,960,-0.39,0.0,0.0,11364.16,QQX 08 Late Buy A L5
2026-02-24 23:38:00,961,XAUUSD,buy,in,0.11,5146.49,961,-0.39,0.0,0.0,11363.77,QQX 09 Late Buy B L5
2026-02-24 23:51:00,962,XAUUSD,buy,in,0.11,5143.63,962,-0.39,0.0,0.0,11363.38,QQX 08 Late Buy A L6
2026-02-24 23:51:00,963,XAUUSD,buy,in,0.11,5143.63,963,-0.39,0.0,0.0,11362.99,QQX 09 Late Buy B L6
2026-02-25 01:02:00,964,XAUUSD,buy,in,0.11,5131.25,964,-0.39,0.0,0.0,11362.6,QQX 08 Late Buy A L7
2026-02-25 01:02:00,965,XAUUSD,buy,in,0.11,5131.25,965,-0.39,0.0,0.0,11362.21,QQX 09 Late Buy B L7
2026-02-25 01:48:00,966,XAUUSD,sell,out,0.11,5151.14,966,-0.39,0.0,218.79,11580.61,
2026-02-25 01:48:00,967,XAUUSD,sell,out,0.11,5151.14,967,-0.39,-6.58,82.61,11656.25,
2026-02-25 01:48:00,968,XAUUSD,sell,out,0.11,5151.14,968,-0.39,-6.58,51.15,11700.43,
2026-02-25 01:48:00,969,XAUUSD,sell,out,0.11,5151.14,969,-0.39,-6.58,9.13,11702.59,
2026-02-25 01:48:00,970,XAUUSD,sell,out,0.11,5151.14,970,-0.39,-6.58,-39.93,11655.69,
2026-02-25 01:48:00,971,XAUUSD,sell,out,0.11,5151.14,971,-0.39,-6.58,-80.3,11568.42,
2026-02-25 01:48:00,972,XAUUSD,sell,out,0.11,5151.14,972,-0.39,-6.58,-110.99,11450.46,
2026-02-25 01:48:00,973,XAUUSD,sell,out,0.11,5151.14,973,-0.39,0.0,218.79,11668.86,
2026-02-25 01:48:00,974,XAUUSD,sell,out,0.11,5151.14,974,-0.39,-6.58,82.61,11744.5,
2026-02-25 01:48:00,975,XAUUSD,sell,out,0.11,5151.14,975,-0.39,-6.58,51.15,11788.68,
2026-02-25 01:48:00,976,XAUUSD,sell,out,0.11,5151.14,976,-0.39,-6.58,9.13,11790.84,
2026-02-25 01:48:00,977,XAUUSD,sell,out,0.11,5151.14,977,-0.39,-6.58,-32.78,11751.09,
2026-02-25 01:48:00,978,XAUUSD,sell,out,0.11,5151.14,978,-0.39,-6.58,-61.49,11682.63,
2026-02-25 01:48:00,979,XAUUSD,sell,out,0.11,5151.14,979,-0.39,-6.58,-97.9,11577.76,
2026-02-25 22:04:00,980,XAUUSD,buy,in,0.12,5197.53,980,-0.42,0.0,0.0,11577.34,QQX 08 Late Buy A L1
2026-02-25 22:05:00,981,XAUUSD,sell,out,0.12,5201.89,981,-0.42,0.0,52.32,11629.24,
2026-02-25 22:06:00,982,XAUUSD,buy,in,0.12,5202.22,982,-0.42,0.0,0.0,11628.82,QQX 09 Late Buy B L1
2026-02-25 22:07:00,983,XAUUSD,sell,out,0.12,5203.38,983,-0.42,0.0,13.92,11642.32,
2026-02-25 22:08:00,984,XAUUSD,buy,in,0.12,5204.09,984,-0.42,0.0,0.0,11641.9,QQX 08 Late Buy A L1
2026-02-25 22:12:00,985,XAUUSD,sell,out,0.12,5206.2,985,-0.42,0.0,25.32,11666.8,
2026-02-25 22:16:00,986,XAUUSD,buy,in,0.12,5191.62,986,-0.42,0.0,0.0,11666.38,QQX 08 Late Buy A L1
2026-02-25 22:17:00,987,XAUUSD,buy,in,0.12,5186.14,987,-0.42,0.0,0.0,11665.96,QQX 08 Late Buy A L2
2026-02-25 22:18:00,988,XAUUSD,buy,in,0.12,5186.91,988,-0.42,0.0,0.0,11665.54,QQX 09 Late Buy B L1
2026-02-25 22:25:00,989,XAUUSD,sell,out,0.12,5189.09,989,-0.42,0.0,26.16,11691.28,
2026-02-25 22:26:00,990,XAUUSD,sell,out,0.12,5192.37,990,-0.42,0.0,74.76,11765.62,
2026-02-25 22:26:00,991,XAUUSD,sell,out,0.12,5192.37,991,-0.42,0.0,9.0,11774.2,
2026-02-25 22:30:00,992,XAUUSD,buy,in,0.12,5186.21,992,-0.42,0.0,0.0,11773.78,QQX 09 Late Buy B L1
2026-02-25 22:33:00,993,XAUUSD,sell,out,0.12,5187.61,993,-0.42,0.0,16.8,11790.16,
2026-02-25 22:36:00,994,XAUUSD,buy,in,0.12,5185.69,994,-0.42,0.0,0.0,11789.74,QQX 09 Late Buy B L1
2026-02-25 22:37:00,995,XAUUSD,sell,out,0.12,5187.6,995,-0.42,0.0,22.92,11812.24,
2026-02-25 22:42:00,996,XAUUSD,buy,in,0.12,5181.35,996,-0.42,0.0,0.0,11811.82,QQX 09 Late Buy B L1
2026-02-25 22:46:00,997,XAUUSD,buy,in,0.12,5172.92,997,-0.42,0.0,0.0,11811.4,QQX 09 Late Buy B L2
2026-02-25 22:47:00,998,XAUUSD,buy,in,0.12,5168.98,998,-0.42,0.0,0.0,11810.98,QQX 09 Late Buy B L3
2026-02-25 22:51:00,999,XAUUSD,sell,out,0.12,5176.9,999,-0.42,0.0,95.04,11905.6,
2026-02-25 22:51:00,1000,XAUUSD,sell,out,0.12,5176.9,1000,-0.42,0.0,47.76,11952.94,
2026-02-25 22:51:00,1001,XAUUSD,sell,out,0.12,5176.9,1001,-0.42,0.0,-53.4,11899.12,
2026-02-26 22:56:00,1002,XAUUSD,buy,in,0.12,5191.75,1002,-0.42,0.0,0.0,11898.7,QQX 08 Late Buy A L1
2026-02-26 22:59:00,1003,XAUUSD,sell,out,0.12,5196.33,1003,-0.42,0.0,54.96,11953.24,
2026-02-26 23:24:00,1004,XAUUSD,buy,in,0.12,5192.38,1004,-0.42,0.0,0.0,11952.82,QQX 08 Late Buy A L1
2026-02-26 23:24:00,1005,XAUUSD,buy,in,0.12,5192.38,1005,-0.42,0.0,0.0,11952.4,QQX 09 Late Buy B L1
2026-02-26 23:26:00,1006,XAUUSD,buy,in,0.12,5189.97,1006,-0.42,0.0,0.0,11951.98,QQX 08 Late Buy A L2
2026-02-26 23:27:00,1007,XAUUSD,buy,in,0.12,5186.37,1007,-0.42,0.0,0.0,11951.56,QQX 08 Late Buy A L3
2026-02-26 23:27:00,1008,XAUUSD,buy,in,0.12,5186.37,1008,-0.42,0.0,0.0,11951.14,QQX 09 Late Buy B L2
2026-02-26 23:54:00,1009,XAUUSD,buy,in,0.12,5183.98,1009,-0.42,0.0,0.0,11950.72,QQX 08 Late Buy A L4
2026-02-26 23:55:00,1010,XAUUSD,buy,in,0.12,5183.7,1010,-0.42,0.0,0.0,11950.3,QQX 09 Late Buy B L3
2026-02-27 01:03:00,1011,XAUUSD,buy,in,0.12,5179.6,1011,-0.42,0.0,0.0,11949.88,QQX 08 Late Buy A L5
2026-02-27 01:03:00,1012,XAUUSD,buy,in,0.12,5179.6,1012,-0.42,0.0,0.0,11949.46,QQX 09 Late Buy B L4
2026-02-27 01:11:00,1013,XAUUSD,sell,out,0.12,5187.97,1013,-0.42,0.0,100.44,12049.48,
2026-02-27 01:11:00,1014,XAUUSD,sell,out,0.12,5187.97,1014,-0.42,-7.18,47.88,12089.76,
2026-02-27 01:11:00,1015,XAUUSD,sell,out,0.12,5187.97,1015,-0.42,-7.18,19.2,12101.36,
2026-02-27 01:11:00,1016,XAUUSD,sell,out,0.12,5187.97,1016,-0.42,-7.18,-24.0,12069.76,
2026-02-27 01:11:00,1017,XAUUSD,sell,out,0.12,5187.97,1017,-0.42,-7.18,-52.92,12009.24,
2026-02-27 01:11:00,1018,XAUUSD,sell,out,0.12,5187.97,1018,-0.42,0.0,100.44,12109.26,
2026-02-27 01:11:00,1019,XAUUSD,sell,out,0.12,5187.97,1019,-0.42,-7.18,51.24,12152.9,
2026-02-27 01:11:00,1020,XAUUSD,sell,out,0.12,5187.97,1020,-0.42,-7.18,19.2,12164.5,
2026-02-27 01:11:00,1021,XAUUSD,sell,out,0.12,5187.97,1021,-0.42,-7.18,-52.92,12103.98,
2026-02-27 03:00:00,1022,XAUUSD,buy,in,0.12,5175.35,1022,-0.42,0.0,0.0,12103.56,QQX 01 Asia Momentum Buy L1
2026-02-27 03:02:00,1023,XAUUSD,buy,in,0.12,5171.69,1023,-0.42,0.0,0.0,12103.14,QQX 01 Asia Momentum Buy L2
2026-02-27 03:05:00,1024,XAUUSD,sell,out,0.12,5175.43,1024,-0.42,0.0,44.88,12147.6,
2026-02-27 03:05:00,1025,XAUUSD,sell,out,0.12,5175.43,1025,-0.42,0.0,0.96,12148.14,
2026-02-27 03:15:00,1026,XAUUSD,buy,in,0.12,5176.62,1026,-0.42,0.0,0.0,12147.72,QQX 01 Asia Momentum Buy L1
2026-02-27 03:21:00,1027,XAUUSD,sell,out,0.12,5179.06,1027,-0.42,0.0,29.28,12176.58,
2026-02-27 03:30:00,1028,XAUUSD,buy,in,0.12,5174.95,1028,-0.42,0.0,0.0,12176.16,QQX 01 Asia Momentum Buy L1
2026-02-27 03:33:00,1029,XAUUSD,sell,out,0.12,5179.42,1029,-0.42,0.0,53.64,12229.38,
2026-02-27 04:30:00,1030,XAUUSD,buy,in,0.12,5184.47,1030,-0.42,0.0,0.0,12228.96,QQX 01 Asia Momentum Buy L1
2026-02-27 04:37:00,1031,XAUUSD,buy,in,0.12,5178.47,1031,-0.42,0.0,0.0,12228.54,QQX 01 Asia Momentum Buy L2
2026-02-27 04:52:00,1032,XAUUSD,buy,in,0.12,5174.71,1032,-0.42,0.0,0.0,12228.12,QQX 01 Asia Momentum Buy L3
2026-02-27 04:58:00,1033,XAUUSD,sell,out,0.12,5182.76,1033,-0.42,0.0,96.6,12324.3,
2026-02-27 04:58:00,1034,XAUUSD,sell,out,0.12,5182.76,1034,-0.42,0.0,51.48,12375.36,
2026-02-27 04:58:00,1035,XAUUSD,sell,out,0.12,5182.76,1035,-0.42,0.0,-20.52,12354.42,
2026-03-02 03:30:00,1036,XAUUSD,buy,in,0.12,5307.42,1036,-0.42,0.0,0.0,12354.0,QQX 01 Asia Momentum Buy L1
2026-03-02 03:31:00,1037,XAUUSD,sell,out,0.12,5310.77,1037,-0.42,0.0,40.2,12393.78,
2026-03-02 19:00:00,1038,XAUUSD,buy,in,0.12,5290.19,1038,-0.42,0.0,0.0,12393.36,QQX 06 NY Trend Buy L1
2026-03-02 19:01:00,1039,XAUUSD,sell,out,0.12,5296.61,1039,-0.42,0.0,77.04,12469.98,
2026-03-02 19:15:00,1040,XAUUSD,buy,in,0.12,5298.48,1040,-0.42,0.0,0.0,12469.56,QQX 06 NY Trend Buy L1
2026-03-02 19:18:00,1041,XAUUSD,buy,in,0.12,5295.72,1041,-0.42,0.0,0.0,12469.14,QQX 06 NY Trend Buy L2
2026-03-02 19:21:00,1042,XAUUSD,sell,out,0.12,5302.3,1042,-0.42,0.0,78.96,12547.68,
2026-03-02 19:21:00,1043,XAUUSD,sell,out,0.12,5302.3,1043,-0.42,0.0,45.84,12593.1,
2026-03-02 19:30:00,1044,XAUUSD,buy,in,0.13,5305.01,1044,-0.46,0.0,0.0,12592.64,QQX 06 NY Trend Buy L1
2026-03-02 19:31:00,1045,XAUUSD,sell,out,0.13,5309.29,1045,-0.46,0.0,55.64,12647.82,
2026-03-02 23:00:00,1046,XAUUSD,buy,in,0.13,5333.04,1046,-0.46,0.0,0.0,12647.36,QQX 08 Late Buy A L1
2026-03-02 23:00:00,1047,XAUUSD,sell,in,0.13,5332.99,1047,-0.46,0.0,0.0,12646.9,QQX 11 Late Sell B L1
2026-03-02 23:03:00,1048,XAUUSD,sell,out,0.13,5335.53,1048,-0.46,0.0,32.37,12678.81,
2026-03-02 23:19:00,1049,XAUUSD,sell,in,0.13,5339.62,1049,-0.46,0.0,0.0,12678.35,QQX 11 Late Sell B L2
2026-03-02 23:27:00,1050,XAUUSD,buy,out,0.13,5333.99,1050,-0.46,0.0,73.19,12751.08,
2026-03-02 23:27:00,1051,XAUUSD,buy,out,0.13,5333.99,1051,-0.46,0.0,-13.0,12737.62,
2026-03-02 23:28:00,1052,XAUUSD,buy,in,0.13,5334.3,1052,-0.46,0.0,0.0,12737.16,QQX 08 Late Buy A L1
2026-03-02 23:30:00,1053,XAUUSD,sell,in,0.13,5332.64,1053,-0.46,0.0,0.0,12736.7,QQX 11 Late Sell B L1
2026-03-02 23:31:00,1054,XAUUSD,buy,in,0.13,5327.57,1054,-0.46,0.0,0.0,12736.24,QQX 08 Late Buy A L2
2026-03-02 23:31:00,1055,XAUUSD,buy,out,0.13,5327.57,1055,-0.46,0.0,65.91,12801.69,
2026-03-02 23:40:00,1056,XAUUSD,sell,in,0.13,5328.6,1056,-0.46,0.0,0.0,12801.23,QQX 11 Late Sell B L1
2026-03-02 23:47:00,1057,XAUUSD,buy,out,0.13,5325.48,1057,-0.46,0.0,40.56,12841.33,
2026-03-02 23:49:00,1058,XAUUSD,buy,in,0.13,5324.94,1058,-0.46,0.0,0.0,12840.87,QQX 08 Late Buy A L3
2026-03-02 23:50:00,1059,XAUUSD,sell,in,0.13,5327.3,1059,-0.46,0.0,0.0,12840.41,QQX 11 Late Sell B L1
2026-03-02 23:52:00,1060,XAUUSD,buy,out,0.13,5325.2,1060,-0.46,0.0,27.3,12867.25,
2026-03-03 01:02:00,1061,XAUUSD,sell,out,0.13,5333.8,1061,-0.46,-7.77,115.18,12974.2,
2026-03-03 01:02:00,1062,XAUUSD,sell,out,0.13,5333.8,1062,-0.46,-7.77,80.99,13046.96,
2026-03-03 01:02:00,1063,XAUUSD,sell,out,0.13,5333.8,1063,-0.46,-7.77,-6.5,13032.23,
2026-03-03 04:00:00,1064,XAUUSD,buy,in,0.13,5339.72,1064,-0.46,0.0,0.0,13031.77,QQX 01 Asia Momentum Buy L1
2026-03-03 04:01:00,1065,XAUUSD,buy,in,0.13,5334.18,1065,-0.46,0.0,0.0,13031.31,QQX 01 Asia Momentum Buy L2
2026-03-03 04:03:00,1066,XAUUSD,sell,out,0.13,5343.29,1066,-0.46,0.0,118.43,13149.28,
2026-03-03 04:03:00,1067,XAUUSD,sell,out,0.13,5343.29,1067,-0.46,0.0,46.41,13195.23,
2026-03-04 23:10:00,1068,XAUUSD,sell,in,0.13,5140.84,1068,-0.46,0.0,0.0,13194.77,QQX 11 Late Sell B L1
2026-03-04 23:12:00,1069,XAUUSD,buy,out,0.13,5138.56,1069,-0.46,0.0,29.64,13223.95,
2026-03-04 23:20:00,1070,XAUUSD,sell,in,0.13,5140.96,1070,-0.46,0.0,0.0,13223.49,QQX 11 Late Sell B L1
2026-03-04 23:23:00,1071,XAUUSD,buy,out,0.13,5138.54,1071,-0.46,0.0,31.46,13254.49,
2026-03-04 23:30:00,1072,XAUUSD,sell,in,0.13,5141.49,1072,-0.46,0.0,0.0,13254.03,QQX 11 Late Sell B L1
2026-03-04 23:31:00,1073,XAUUSD,buy,out,0.13,5138.22,1073,-0.46,0.0,42.51,13296.08,
2026-03-04 23:40:00,1074,XAUUSD,sell,in,0.13,5137.42,1074,-0.46,0.0,0.0,13295.62,QQX 11 Late Sell B L1
2026-03-04 23:45:00,1075,XAUUSD,buy,out,0.13,5135.52,1075,-0.46,0.0,24.7,13319.86,
2026-03-05 23:00:00,1076,XAUUSD,sell,in,0.13,5076.59,1076,-0.46,0.0,0.0,13319.4,QQX 11 Late Sell B L1
2026-03-05 23:06:00,1077,XAUUSD,sell,in,0.13,5083.96,1077,-0.46,0.0,0.0,13318.94,QQX 11 Late Sell B L2
2026-03-05 23:10:00,1078,XAUUSD,buy,out,0.13,5078.38,1078,-0.46,0.0,72.54,13391.02,
2026-03-05 23:10:00,1079,XAUUSD,buy,out,0.13,5078.38,1079,-0.46,0.0,-23.27,13367.29,
2026-03-05 23:20:00,1080,XAUUSD,sell,in,0.13,5077.87,1080,-0.46,0.0,0.0,13366.83,QQX 11 Late Sell B L1
2026-03-05 23:39:00,1081,XAUUSD,buy,out,0.13,5075.07,1081,-0.46,0.0,36.4,13402.77,
2026-03-05 23:40:00,1082,XAUUSD,sell,in,0.13,5076.46,1082,-0.46,0.0,0.0,13402.31,QQX 11 Late Sell B L1
2026-03-05 23:43:00,1083,XAUUSD,buy,out,0.13,5074.24,1083,-0.46,0.0,28.86,13430.71,
2026-03-05 23:50:00,1084,XAUUSD,sell,in,0.13,5077.42,1084,-0.46,0.0,0.0,13430.25,QQX 11 Late Sell B L1
2026-03-05 23:55:00,1085,XAUUSD,sell,in,0.13,5084.76,1085,-0.46,0.0,0.0,13429.79,QQX 11 Late Sell B L2
2026-03-06 01:19:00,1086,XAUUSD,sell,in,0.13,5093.75,1086,-0.46,0.0,0.0,13429.33,QQX 11 Late Sell B L3
2026-03-06 01:45:00,1087,XAUUSD,sell,in,0.13,5101.08,1087,-0.46,0.0,0.0,13428.87,QQX 11 Late Sell B L4
2026-03-06 02:00:00,1088,XAUUSD,buy,out,0.13,5086.3,1088,-0.46,0.0,192.14,13620.55,
2026-03-06 02:00:00,1089,XAUUSD,buy,out,0.13,5086.3,1089,-0.46,0.0,96.85,13716.94,
2026-03-06 02:00:00,1090,XAUUSD,buy,out,0.13,5086.3,1090,-0.46,5.36,-20.02,13701.82,
2026-03-06 02:00:00,1091,XAUUSD,buy,out,0.13,5086.3,1091,-0.46,5.36,-115.44,13591.28,
2026-03-06 22:00:00,1092,XAUUSD,buy,in,0.14,5159.93,1092,-0.49,0.0,0.0,13590.79,QQX 08 Late Buy A L1
2026-03-06 22:05:00,1093,XAUUSD,buy,in,0.14,5156.45,1093,-0.49,0.0,0.0,13590.3,QQX 08 Late Buy A L2
2026-03-06 22:07:00,1094,XAUUSD,sell,out,0.14,5159.53,1094,-0.49,0.0,43.12,13632.93,
2026-03-06 22:07:00,1095,XAUUSD,sell,out,0.14,5159.53,1095,-0.49,0.0,-5.6,13626.84,
2026-03-06 22:12:00,1096,XAUUSD,buy,in,0.14,5156.24,1096,-0.49,0.0,0.0,13626.35,QQX 08 Late Buy A L1
2026-03-06 22:12:00,1097,XAUUSD,buy,in,0.14,5156.24,1097,-0.49,0.0,0.0,13625.86,QQX 09 Late Buy B L1
2026-03-06 22:17:00,1098,XAUUSD,sell,out,0.14,5157.36,1098,-0.49,0.0,15.68,13641.05,
2026-03-06 22:18:00,1099,XAUUSD,buy,in,0.14,5157.28,1099,-0.49,0.0,0.0,13640.56,QQX 09 Late Buy B L1
2026-03-06 22:25:00,1100,XAUUSD,sell,out,0.14,5158.45,1100,-0.49,0.0,30.94,13671.01,
2026-03-06 22:25:00,1101,XAUUSD,sell,out,0.14,5158.45,1101,-0.49,0.0,16.38,13686.9,
2026-03-06 22:28:00,1102,XAUUSD,buy,in,0.14,5153.51,1102,-0.49,0.0,0.0,13686.41,QQX 08 Late Buy A L1
2026-03-06 22:29:00,1103,XAUUSD,sell,out,0.14,5154.94,1103,-0.49,0.0,20.02,13705.94,
2026-03-06 22:30:00,1104,XAUUSD,buy,in,0.14,5153.84,1104,-0.49,0.0,0.0,13705.45,QQX 09 Late Buy B L1
2026-03-06 22:32:00,1105,XAUUSD,buy,in,0.14,5154.1,1105,-0.49,0.0,0.0,13704.96,QQX 08 Late Buy A L1
2026-03-06 22:34:00,1106,XAUUSD,sell,out,0.14,5154.95,1106,-0.49,0.0,15.54,13720.01,
2026-03-06 22:35:00,1107,XAUUSD,buy,in,0.14,5151.33,1107,-0.49,0.0,0.0,13719.52,QQX 08 Late Buy A L2
2026-03-06 22:36:00,1108,XAUUSD,buy,in,0.14,5151.73,1108,-0.49,0.0,0.0,13719.03,QQX 09 Late Buy B L1
2026-03-06 22:38:00,1109,XAUUSD,sell,out,0.14,5154.16,1109,-0.49,0.0,39.62,13758.16,
2026-03-06 22:38:00,1110,XAUUSD,sell,out,0.14,5154.16,1110,-0.49,0.0,0.84,13758.51,
2026-03-06 22:38:00,1111,XAUUSD,sell,out,0.14,5154.16,1111,-0.49,0.0,34.02,13792.04,
2026-03-06 22:40:00,1112,XAUUSD,buy,in,0.14,5155.46,1112,-0.49,0.0,0.0,13791.55,QQX 08 Late Buy A L1
2026-03-06 22:41:00,1113,XAUUSD,sell,out,0.14,5160.69,1113,-0.49,0.0,73.22,13864.28,
2026-03-06 22:44:00,1114,XAUUSD,buy,in,0.14,5158.13,1114,-0.49,0.0,0.0,13863.79,QQX 08 Late Buy A L1
2026-03-06 22:50:00,1115,XAUUSD,sell,out,0.14,5159.53,1115,-0.49,0.0,19.6,13882.9,
2026-03-06 22:52:00,1116,XAUUSD,buy,in,0.14,5158.41,1116,-0.49,0.0,0.0,13882.41,QQX 08 Late Buy A L1
2026-03-06 22:54:00,1117,XAUUSD,buy,in,0.14,5153.87,1117,-0.49,0.0,0.0,13881.92,QQX 08 Late Buy A L2
2026-03-06 22:54:00,1118,XAUUSD,buy,in,0.14,5153.87,1118,-0.49,0.0,0.0,13881.43,QQX 09 Late Buy B L1
2026-03-06 22:55:00,1119,XAUUSD,sell,out,0.14,5156.32,1119,-0.49,0.0,34.3,13915.24,
2026-03-06 23:00:00,1120,XAUUSD,buy,in,0.14,5153.03,1120,-0.49,0.0,0.0,13914.75,QQX 09 Late Buy B L1
2026-03-06 23:01:00,1121,XAUUSD,sell,out,0.14,5154.25,1121,-0.49,0.0,17.08,13931.34,
2026-03-06 23:04:00,1122,XAUUSD,sell,out,0.14,5159.22,1122,-0.49,0.0,74.9,14005.75,
2026-03-06 23:04:00,1123,XAUUSD,sell,out,0.14,5159.22,1123,-0.49,0.0,11.34,14016.6,
2026-03-09 03:00:00,1124,XAUUSD,buy,in,0.14,5076.32,1124,-0.49,0.0,0.0,14016.11,QQX 01 Asia Momentum Buy L1
2026-03-09 03:01:00,1125,XAUUSD,sell,out,0.14,5078.22,1125,-0.49,0.0,26.6,14042.22,
2026-03-10 03:30:00,1126,XAUUSD,buy,in,0.14,5130.69,1126,-0.49,0.0,0.0,14041.73,QQX 01 Asia Momentum Buy L1
2026-03-10 03:31:00,1127,XAUUSD,sell,out,0.14,5132.26,1127,-0.49,0.0,21.98,14063.22,
2026-03-10 04:00:00,1128,XAUUSD,buy,in,0.14,5131.17,1128,-0.49,0.0,0.0,14062.73,QQX 01 Asia Momentum Buy L1
2026-03-10 04:01:00,1129,XAUUSD,sell,out,0.14,5133.9,1129,-0.49,0.0,38.22,14100.46,
2026-03-10 22:00:00,1130,XAUUSD,buy,in,0.14,5191.92,1130,-0.49,0.0,0.0,14099.97,QQX 09 Late Buy B L1
2026-03-10 22:01:00,1131,XAUUSD,buy,in,0.14,5184.61,1131,-0.49,0.0,0.0,14099.48,QQX 09 Late Buy B L2
2026-03-10 22:02:00,1132,XAUUSD,sell,out,0.14,5192.1,1132,-0.49,0.0,104.86,14203.85,
2026-03-10 22:02:00,1133,XAUUSD,sell,out,0.14,5192.1,1133,-0.49,0.0,2.52,14205.88,
2026-03-10 22:06:00,1134,XAUUSD,buy,in,0.14,5195.51,1134,-0.49,0.0,0.0,14205.39,QQX 09 Late Buy B L1
2026-03-10 22:08:00,1135,XAUUSD,sell,out,0.14,5197.92,1135,-0.49,0.0,33.74,14238.64,
2026-03-10 22:12:00,1136,XAUUSD,buy,in,0.14,5193.84,1136,-0.49,0.0,0.0,14238.15,QQX 09 Late Buy B L1
2026-03-10 22:13:00,1137,XAUUSD,sell,out,0.14,5196.52,1137,-0.49,0.0,37.52,14275.18,
2026-03-10 22:18:00,1138,XAUUSD,buy,in,0.14,5202.78,1138,-0.49,0.0,0.0,14274.69,QQX 09 Late Buy B L1
2026-03-10 22:20:00,1139,XAUUSD,sell,out,0.14,5204.34,1139,-0.49,0.0,21.84,14296.04,
2026-03-10 22:24:00,1140,XAUUSD,buy,in,0.14,5207.08,1140,-0.49,0.0,0.0,14295.55,QQX 09 Late Buy B L1
2026-03-10 22:26:00,1141,XAUUSD,buy,in,0.14,5203.93,1141,-0.49,0.0,0.0,14295.06,QQX 09 Late Buy B L2
2026-03-10 22:30:00,1142,XAUUSD,buy,in,0.14,5200.84,1142,-0.49,0.0,0.0,14294.57,QQX 09 Late Buy B L3
2026-03-10 22:31:00,1143,XAUUSD,buy,in,0.14,5196.07,1143,-0.49,0.0,0.0,14294.08,QQX 09 Late Buy B L4
2026-03-10 22:32:00,1144,XAUUSD,buy,in,0.14,5192.87,1144,-0.49,0.0,0.0,14293.59,QQX 09 Late Buy B L5
2026-03-10 22:33:00,1145,XAUUSD,buy,in,0.14,5189.01,1145,-0.49,0.0,0.0,14293.1,QQX 09 Late Buy B L6
2026-03-10 22:34:00,1146,XAUUSD,buy,in,0.14,5184.87,1146,-0.49,0.0,0.0,14292.61,QQX 09 Late Buy B L7
2026-03-10 22:59:00,1147,XAUUSD,sell,out,0.14,5198.1,1147,-0.49,0.0,185.22,14477.34,
2026-03-10 22:59:00,1148,XAUUSD,sell,out,0.14,5198.1,1148,-0.49,0.0,127.26,14604.11,
2026-03-10 22:59:00,1149,XAUUSD,sell,out,0.14,5198.1,1149,-0.49,0.0,73.22,14676.84,
2026-03-10 22:59:00,1150,XAUUSD,sell,out,0.14,5198.1,1150,-0.49,0.0,28.42,14704.77,
2026-03-10 22:59:00,1151,XAUUSD,sell,out,0.14,5198.1,1151,-0.49,0.0,-38.36,14665.92,
2026-03-10 22:59:00,1152,XAUUSD,sell,out,0.14,5198.1,1152,-0.49,0.0,-81.62,14583.81,
2026-03-10 22:59:00,1153,XAUUSD,sell,out,0.14,5198.1,1153,-0.49,0.0,-125.72,14457.6,
2026-03-11 03:00:00,1154,XAUUSD,buy,in,0.14,5197.33,1154,-0.49,0.0,0.0,14457.11,QQX 01 Asia Momentum Buy L1
2026-03-11 03:03:00,1155,XAUUSD,buy,in,0.14,5193.39,1155,-0.49,0.0,0.0,14456.62,QQX 01 Asia Momentum Buy L2
2026-03-11 03:05:00,1156,XAUUSD,buy,in,0.14,5190.42,1156,-0.49,0.0,0.0,14456.13,QQX 01 Asia Momentum Buy L3
2026-03-11 03:16:00,1157,XAUUSD,sell,out,0.14,5195.64,1157,-0.49,0.0,73.08,14528.72,
2026-03-11 03:16:00,1158,XAUUSD,sell,out,0.14,5195.64,1158,-0.49,0.0,31.5,14559.73,
2026-03-11 03:16:00,1159,XAUUSD,sell,out,0.14,5195.64,1159,-0.49,0.0,-23.66,14535.58,
2026-03-11 23:00:00,1160,XAUUSD,sell,in,0.15,5183.14,1160,-0.53,0.0,0.0,14535.05,QQX 11 Late Sell B L1
2026-03-11 23:03:00,1161,XAUUSD,buy,out,0.15,5178.81,1161,-0.53,0.0,64.95,14599.47,
2026-03-11 23:10:00,1162,XAUUSD,sell,in,0.15,5178.77,1162,-0.53,0.0,0.0,14598.94,QQX 11 Late Sell B L1
2026-03-11 23:12:00,1163,XAUUSD,buy,in,0.15,5177.48,1163,-0.53,0.0,0.0,14598.41,QQX 08 Late Buy A L1
2026-03-11 23:13:00,1164,XAUUSD,sell,out,0.15,5178.95,1164,-0.53,0.0,22.05,14619.93,
2026-03-11 23:16:00,1165,XAUUSD,buy,in,0.15,5177.28,1165,-0.53,0.0,0.0,14619.4,QQX 08 Late Buy A L1
2026-03-11 23:19:00,1166,XAUUSD,buy,out,0.15,5176.45,1166,-0.53,0.0,34.8,14653.67,
2026-03-11 23:20:00,1167,XAUUSD,sell,in,0.15,5176.14,1167,-0.53,0.0,0.0,14653.14,QQX 11 Late Sell B L1
2026-03-11 23:24:00,1168,XAUUSD,sell,out,0.15,5179.08,1168,-0.53,0.0,27.0,14679.61,
2026-03-11 23:32:00,1169,XAUUSD,buy,in,0.15,5177.46,1169,-0.53,0.0,0.0,14679.08,QQX 08 Late Buy A L1
2026-03-12 01:02:00,1170,XAUUSD,sell,out,0.15,5180.29,1170,-0.53,-26.91,42.45,14694.09,
2026-03-12 01:07:00,1171,XAUUSD,buy,out,0.15,5173.84,1171,-0.53,18.54,34.5,14746.6,
2026-03-16 22:48:00,1172,XAUUSD,buy,in,0.15,5009.25,1172,-0.53,0.0,0.0,14746.07,QQX 08 Late Buy A L1
2026-03-16 22:50:00,1173,XAUUSD,sell,out,0.15,5011.02,1173,-0.53,0.0,26.55,14772.09,
2026-03-16 23:00:00,1174,XAUUSD,sell,in,0.15,5013.04,1174,-0.53,0.0,0.0,14771.56,QQX 11 Late Sell B L1
2026-03-16 23:02:00,1175,XAUUSD,buy,out,0.15,5010.24,1175,-0.53,0.0,42.0,14813.03,
2026-03-16 23:04:00,1176,XAUUSD,buy,in,0.15,5010.01,1176,-0.53,0.0,0.0,14812.5,QQX 08 Late Buy A L1
2026-03-16 23:06:00,1177,XAUUSD,sell,out,0.15,5013.44,1177,-0.53,0.0,51.45,14863.42,
2026-03-16 23:10:00,1178,XAUUSD,sell,in,0.15,5018.74,1178,-0.53,0.0,0.0,14862.89,QQX 11 Late Sell B L1
2026-03-16 23:17:00,1179,XAUUSD,buy,out,0.15,5015.83,1179,-0.53,0.0,43.65,14906.01,
2026-03-16 23:20:00,1180,XAUUSD,sell,in,0.15,5015.18,1180,-0.53,0.0,0.0,14905.48,QQX 11 Late Sell B L1
2026-03-16 23:32:00,1181,XAUUSD,buy,in,0.15,5013.05,1181,-0.53,0.0,0.0,14904.95,QQX 08 Late Buy A L1
2026-03-16 23:32:00,1182,XAUUSD,buy,out,0.15,5013.05,1182,-0.53,0.0,31.95,14936.37,
2026-03-16 23:33:00,1183,XAUUSD,buy,in,0.15,5010.54,1183,-0.53,0.0,0.0,14935.84,QQX 08 Late Buy A L2
2026-03-16 23:36:00,1184,XAUUSD,buy,in,0.15,5008.92,1184,-0.53,0.0,0.0,14935.31,QQX 09 Late Buy B L1
2026-03-16 23:38:00,1185,XAUUSD,sell,out,0.15,5010.77,1185,-0.53,0.0,27.75,14962.53,
2026-03-16 23:42:00,1186,XAUUSD,buy,in,0.15,5010.48,1186,-0.53,0.0,0.0,14962.0,QQX 09 Late Buy B L1
2026-03-16 23:53:00,1187,XAUUSD,buy,in,0.15,5007.9,1187,-0.53,0.0,0.0,14961.47,QQX 08 Late Buy A L3
2026-03-16 23:53:00,1188,XAUUSD,buy,in,0.15,5007.9,1188,-0.53,0.0,0.0,14960.94,QQX 09 Late Buy B L2
2026-03-17 01:02:00,1189,XAUUSD,sell,out,0.15,5010.52,1189,-0.53,-8.97,39.3,14990.74,
2026-03-17 01:02:00,1190,XAUUSD,sell,out,0.15,5010.52,1190,-0.53,-8.97,0.6,14981.84,
2026-03-17 01:03:00,1191,XAUUSD,sell,out,0.15,5011.83,1191,-0.53,-8.97,58.95,15031.29,
2026-03-17 01:03:00,1192,XAUUSD,sell,out,0.15,5011.83,1192,-0.53,-8.97,19.35,15041.14,
2026-03-17 01:03:00,1193,XAUUSD,sell,out,0.15,5011.83,1193,-0.53,-8.97,-18.3,15013.34,
2026-03-17 23:10:00,1194,XAUUSD,sell,in,0.15,5005.68,1194,-0.53,0.0,0.0,15012.81,QQX 11 Late Sell B L1
2026-03-17 23:18:00,1195,XAUUSD,buy,out,0.15,5003.46,1195,-0.53,0.0,33.3,15045.58,
2026-03-17 23:20:00,1196,XAUUSD,sell,in,0.15,5004.71,1196,-0.53,0.0,0.0,15045.05,QQX 11 Late Sell B L1
2026-03-17 23:24:00,1197,XAUUSD,buy,out,0.15,5002.43,1197,-0.53,0.0,34.2,15078.72,
2026-03-17 23:30:00,1198,XAUUSD,sell,in,0.15,5003.98,1198,-0.53,0.0,0.0,15078.19,QQX 11 Late Sell B L1
2026-03-17 23:54:00,1199,XAUUSD,buy,out,0.15,5002.11,1199,-0.53,0.0,28.05,15105.71,
2026-03-19 23:00:00,1200,XAUUSD,sell,in,0.15,4643.91,1200,-0.53,0.0,0.0,15105.18,QQX 11 Late Sell B L1
2026-03-19 23:03:00,1201,XAUUSD,sell,in,0.15,4654.5,1201,-0.53,0.0,0.0,15104.65,QQX 11 Late Sell B L2
2026-03-19 23:52:00,1202,XAUUSD,sell,in,0.15,4661.46,1202,-0.53,0.0,0.0,15104.12,QQX 11 Late Sell B L3
2026-03-20 01:14:00,1203,XAUUSD,sell,in,0.15,4668.3,1203,-0.53,0.0,0.0,15103.59,QQX 11 Late Sell B L4
2026-03-20 01:16:00,1204,XAUUSD,sell,in,0.15,4676.82,1204,-0.53,0.0,0.0,15103.06,QQX 11 Late Sell B L5
2026-03-20 01:34:00,1205,XAUUSD,buy,out,0.15,4657.31,1205,-0.53,0.0,292.65,15395.18,
2026-03-20 01:34:00,1206,XAUUSD,buy,out,0.15,4657.31,1206,-0.53,0.0,164.85,15559.5,
2026-03-20 01:34:00,1207,XAUUSD,buy,out,0.15,4657.31,1207,-0.53,6.18,62.25,15627.4,
2026-03-20 01:34:00,1208,XAUUSD,buy,out,0.15,4657.31,1208,-0.53,6.18,-42.15,15590.9,
2026-03-20 01:34:00,1209,XAUUSD,buy,out,0.15,4657.31,1209,-0.53,6.18,-201.0,15395.55,
2026-03-23 22:08:00,1210,XAUUSD,buy,in,0.15,4432.49,1210,-0.53,0.0,0.0,15395.02,QQX 08 Late Buy A L1
2026-03-23 22:09:00,1211,XAUUSD,sell,out,0.15,4434.4,1211,-0.53,0.0,28.65,15423.14,
2026-03-23 22:12:00,1212,XAUUSD,buy,in,0.15,4422.01,1212,-0.53,0.0,0.0,15422.61,QQX 08 Late Buy A L1
2026-03-23 22:12:00,1213,XAUUSD,buy,in,0.15,4422.01,1213,-0.53,0.0,0.0,15422.08,QQX 09 Late Buy B L1
2026-03-23 22:13:00,1214,XAUUSD,sell,out,0.15,4424.98,1214,-0.53,0.0,44.55,15466.1,
2026-03-23 22:13:00,1215,XAUUSD,sell,out,0.15,4424.98,1215,-0.53,0.0,44.55,15510.12,
2026-03-23 22:16:00,1216,XAUUSD,buy,in,0.16,4405.59,1216,-0.56,0.0,0.0,15509.56,QQX 08 Late Buy A L1
2026-03-23 22:17:00,1217,XAUUSD,buy,in,0.16,4399.47,1217,-0.56,0.0,0.0,15509.0,QQX 08 Late Buy A L2
2026-03-23 22:18:00,1218,XAUUSD,sell,out,0.16,4404.48,1218,-0.56,0.0,80.16,15588.6,
2026-03-23 22:18:00,1219,XAUUSD,sell,out,0.16,4404.48,1219,-0.56,0.0,-17.76,15570.28,
2026-03-23 22:18:00,1220,XAUUSD,buy,in,0.16,4404.53,1220,-0.56,0.0,0.0,15569.72,QQX 09 Late Buy B L1
2026-03-23 22:20:00,1221,XAUUSD,buy,in,0.16,4404.56,1221,-0.56,0.0,0.0,15569.16,QQX 08 Late Buy A L1
2026-03-23 22:21:00,1222,XAUUSD,buy,in,0.16,4399.55,1222,-0.56,0.0,0.0,15568.6,QQX 08 Late Buy A L2
2026-03-23 22:21:00,1223,XAUUSD,buy,in,0.16,4399.55,1223,-0.56,0.0,0.0,15568.04,QQX 09 Late Buy B L2
2026-03-23 22:27:00,1224,XAUUSD,sell,out,0.16,4404.9,1224,-0.56,0.0,85.6,15653.08,
2026-03-23 22:27:00,1225,XAUUSD,sell,out,0.16,4404.9,1225,-0.56,0.0,5.44,15657.96,
2026-03-23 22:27:00,1226,XAUUSD,sell,out,0.16,4404.9,1226,-0.56,0.0,85.6,15743.0,
2026-03-23 22:27:00,1227,XAUUSD,sell,out,0.16,4404.9,1227,-0.56,0.0,5.92,15748.36,
2026-03-23 22:28:00,1228,XAUUSD,buy,in,0.16,4407.3,1228,-0.56,0.0,0.0,15747.8,QQX 08 Late Buy A L1
2026-03-23 22:29:00,1229,XAUUSD,sell,out,0.16,4412.75,1229,-0.56,0.0,87.2,15834.44,
2026-03-23 22:30:00,1230,XAUUSD,buy,in,0.16,4410.61,1230,-0.56,0.0,0.0,15833.88,QQX 09 Late Buy B L1
2026-03-23 22:32:00,1231,XAUUSD,buy,in,0.16,4408.89,1231,-0.56,0.0,0.0,15833.32,QQX 08 Late Buy A L1
2026-03-23 22:33:00,1232,XAUUSD,buy,in,0.16,4404.97,1232,-0.56,0.0,0.0,15832.76,QQX 08 Late Buy A L2
2026-03-23 22:33:00,1233,XAUUSD,buy,in,0.16,4404.97,1233,-0.56,0.0,0.0,15832.2,QQX 09 Late Buy B L2
2026-03-23 22:34:00,1234,XAUUSD,sell,out,0.16,4411.97,1234,-0.56,0.0,112.0,15943.64,
2026-03-23 22:34:00,1235,XAUUSD,sell,out,0.16,4411.97,1235,-0.56,0.0,49.28,15992.36,
2026-03-23 22:34:00,1236,XAUUSD,sell,out,0.16,4411.97,1236,-0.56,0.0,112.0,16103.8,
2026-03-23 22:34:00,1237,XAUUSD,sell,out,0.16,4411.97,1237,-0.56,0.0,21.76,16125.0,
2026-03-23 22:36:00,1238,XAUUSD,buy,in,0.16,4408.08,1238,-0.56,0.0,0.0,16124.44,QQX 08 Late Buy A L1
2026-03-23 22:36:00,1239,XAUUSD,buy,in,0.16,4408.08,1239,-0.56,0.0,0.0,16123.88,QQX 09 Late Buy B L1
2026-03-23 22:37:00,1240,XAUUSD,sell,out,0.16,4410.25,1240,-0.56,0.0,34.72,16158.04,
2026-03-23 22:37:00,1241,XAUUSD,sell,out,0.16,4410.25,1241,-0.56,0.0,34.72,16192.2,
2026-03-23 22:40:00,1242,XAUUSD,buy,in,0.16,4410.21,1242,-0.56,0.0,0.0,16191.64,QQX 08 Late Buy A L1
2026-03-23 22:42:00,1243,XAUUSD,buy,in,0.16,4402.67,1243,-0.56,0.0,0.0,16191.08,QQX 08 Late Buy A L2
2026-03-23 22:42:00,1244,XAUUSD,buy,in,0.16,4402.67,1244,-0.56,0.0,0.0,16190.52,QQX 09 Late Buy B L1
2026-03-23 22:43:00,1245,XAUUSD,sell,out,0.16,4409.38,1245,-0.56,0.0,107.36,16297.32,
2026-03-23 22:43:00,1246,XAUUSD,sell,out,0.16,4409.38,1246,-0.56,0.0,-13.28,16283.48,
2026-03-23 22:43:00,1247,XAUUSD,sell,out,0.16,4409.38,1247,-0.56,0.0,107.36,16390.28,
2026-03-23 22:44:00,1248,XAUUSD,buy,in,0.16,4407.94,1248,-0.56,0.0,0.0,16389.72,QQX 08 Late Buy A L1
2026-03-23 22:45:00,1249,XAUUSD,sell,out,0.16,4416.89,1249,-0.56,0.0,143.2,16532.36,
2026-03-23 22:52:00,1250,XAUUSD,buy,in,0.17,4404.25,1250,-0.6,0.0,0.0,16531.76,QQX 08 Late Buy A L1
2026-03-23 22:53:00,1251,XAUUSD,sell,out,0.17,4410.39,1251,-0.6,0.0,104.38,16635.54,
2026-03-23 22:54:00,1252,XAUUSD,buy,in,0.17,4411.11,1252,-0.6,0.0,0.0,16634.94,QQX 09 Late Buy B L1
2026-03-23 22:56:00,1253,XAUUSD,buy,in,0.17,4404.08,1253,-0.6,0.0,0.0,16634.34,QQX 08 Late Buy A L1
2026-03-23 22:56:00,1254,XAUUSD,buy,in,0.17,4404.08,1254,-0.6,0.0,0.0,16633.74,QQX 09 Late Buy B L2
2026-03-23 22:58:00,1255,XAUUSD,sell,out,0.17,4408.29,1255,-0.6,0.0,71.57,16704.71,
2026-03-23 22:59:00,1256,XAUUSD,buy,in,0.17,4400.32,1256,-0.6,0.0,0.0,16704.11,QQX 09 Late Buy B L3
2026-03-23 23:00:00,1257,XAUUSD,buy,in,0.17,4399.36,1257,-0.6,0.0,0.0,16703.51,QQX 08 Late Buy A L1
2026-03-23 23:01:00,1258,XAUUSD,buy,in,0.17,4385.53,1258,-0.6,0.0,0.0,16702.91,QQX 08 Late Buy A L2
2026-03-23 23:01:00,1259,XAUUSD,buy,in,0.17,4385.53,1259,-0.6,0.0,0.0,16702.31,QQX 09 Late Buy B L4
2026-03-23 23:06:00,1260,XAUUSD,sell,out,0.17,4394.4,1260,-0.6,0.0,150.79,16852.5,
2026-03-23 23:06:00,1261,XAUUSD,sell,out,0.17,4394.4,1261,-0.6,0.0,-84.32,16767.58,
2026-03-23 23:08:00,1262,XAUUSD,buy,in,0.17,4394.27,1262,-0.6,0.0,0.0,16766.98,QQX 08 Late Buy A L1
2026-03-23 23:10:00,1263,XAUUSD,sell,out,0.17,4399.38,1263,-0.6,0.0,86.87,16853.25,
2026-03-23 23:11:00,1264,XAUUSD,sell,out,0.17,4402.92,1264,-0.6,0.0,295.63,17148.28,
2026-03-23 23:11:00,1265,XAUUSD,sell,out,0.17,4402.92,1265,-0.6,0.0,44.2,17191.88,
2026-03-23 23:11:00,1266,XAUUSD,sell,out,0.17,4402.92,1266,-0.6,0.0,-19.72,17171.56,
2026-03-23 23:11:00,1267,XAUUSD,sell,out,0.17,4402.92,1267,-0.6,0.0,-139.23,17031.73,
2026-03-23 23:12:00,1268,XAUUSD,buy,in,0.17,4403.61,1268,-0.6,0.0,0.0,17031.13,QQX 09 Late Buy B L1
2026-03-23 23:13:00,1269,XAUUSD,sell,out,0.17,4405.81,1269,-0.6,0.0,37.4,17067.93,
2026-03-23 23:18:00,1270,XAUUSD,buy,in,0.17,4407.62,1270,-0.6,0.0,0.0,17067.33,QQX 09 Late Buy B L1
2026-03-23 23:20:00,1271,XAUUSD,buy,in,0.17,4405.36,1271,-0.6,0.0,0.0,17066.73,QQX 09 Late Buy B L2
2026-03-23 23:21:00,1272,XAUUSD,sell,out,0.17,4408.46,1272,-0.6,0.0,52.7,17118.83,
2026-03-23 23:21:00,1273,XAUUSD,sell,out,0.17,4408.46,1273,-0.6,0.0,14.28,17132.51,
2026-03-23 23:24:00,1274,XAUUSD,buy,in,0.17,4409.12,1274,-0.6,0.0,0.0,17131.91,QQX 09 Late Buy B L1
2026-03-23 23:29:00,1275,XAUUSD,buy,in,0.17,4405.23,1275,-0.6,0.0,0.0,17131.31,QQX 09 Late Buy B L2
2026-03-23 23:32:00,1276,XAUUSD,buy,in,0.17,4402.35,1276,-0.6,0.0,0.0,17130.71,QQX 09 Late Buy B L3
2026-03-23 23:36:00,1277,XAUUSD,buy,in,0.17,4396.57,1277,-0.6,0.0,0.0,17130.11,QQX 09 Late Buy B L4
2026-03-23 23:38:00,1278,XAUUSD,sell,out,0.17,4404.47,1278,-0.6,0.0,134.3,17263.81,
2026-03-23 23:38:00,1279,XAUUSD,sell,out,0.17,4404.47,1279,-0.6,0.0,36.04,17299.25,
2026-03-23 23:38:00,1280,XAUUSD,sell,out,0.17,4404.47,1280,-0.6,0.0,-12.92,17285.73,
2026-03-23 23:38:00,1281,XAUUSD,sell,out,0.17,4404.47,1281,-0.6,0.0,-79.05,17206.08,
2026-03-23 23:42:00,1282,XAUUSD,buy,in,0.17,4405.9,1282,-0.6,0.0,0.0,17205.48,QQX 09 Late Buy B L1
2026-03-23 23:43:00,1283,XAUUSD,sell,out,0.17,4408.64,1283,-0.6,0.0,46.58,17251.46,
2026-03-23 23:48:00,1284,XAUUSD,buy,in,0.17,4412.58,1284,-0.6,0.0,0.0,17250.86,QQX 09 Late Buy B L1
2026-03-23 23:51:00,1285,XAUUSD,buy,in,0.17,4410.24,1285,-0.6,0.0,0.0,17250.26,QQX 09 Late Buy B L2
2026-03-23 23:53:00,1286,XAUUSD,buy,in,0.17,4407.82,1286,-0.6,0.0,0.0,17249.66,QQX 09 Late Buy B L3
2026-03-24 01:02:00,1287,XAUUSD,sell,out,0.17,4418.24,1287,-0.6,-10.17,177.14,17416.03,
2026-03-24 01:02:00,1288,XAUUSD,sell,out,0.17,4418.24,1288,-0.6,-10.17,136.0,17541.26,
2026-03-24 01:02:00,1289,XAUUSD,sell,out,0.17,4418.24,1289,-0.6,-10.17,96.22,17626.71,
2026-03-24 03:15:00,1290,XAUUSD,buy,in,0.18,4422.58,1290,-0.63,0.0,0.0,17626.08,QQX 01 Asia Momentum Buy L1
2026-03-24 03:16:00,1291,XAUUSD,buy,in,0.18,4418.65,1291,-0.63,0.0,0.0,17625.45,QQX 01 Asia Momentum Buy L2
2026-03-24 03:17:00,1292,XAUUSD,buy,in,0.18,4413.0,1292,-0.63,0.0,0.0,17624.82,QQX 01 Asia Momentum Buy L3
2026-03-24 03:18:00,1293,XAUUSD,buy,in,0.18,4405.58,1293,-0.63,0.0,0.0,17624.19,QQX 01 Asia Momentum Buy L4
2026-03-24 03:27:00,1294,XAUUSD,buy,in,0.18,4396.75,1294,-0.63,0.0,0.0,17623.56,QQX 01 Asia Momentum Buy L5
2026-03-24 03:28:00,1295,XAUUSD,buy,in,0.18,4384.68,1295,-0.63,0.0,0.0,17622.93,QQX 01 Asia Momentum Buy L6
2026-03-24 03:29:00,1296,XAUUSD,buy,in,0.18,4377.5,1296,-0.63,0.0,0.0,17622.3,QQX 01 Asia Momentum Buy L7
2026-03-24 03:34:00,1297,XAUUSD,buy,in,0.18,4364.58,1297,-0.63,0.0,0.0,17621.67,QQX 01 Asia Momentum Buy L8
2026-03-24 03:39:28,1298,XAUUSD,sell,out,0.18,4348.77,1298,-0.63,0.0,-284.58,17336.46,
2026-03-24 03:39:28,1299,XAUUSD,sell,out,0.18,4348.77,1299,-0.63,0.0,-517.14,16818.69,
2026-03-24 03:39:28,1300,XAUUSD,sell,out,0.18,4348.77,1300,-0.63,0.0,-646.38,16171.68,
2026-03-24 03:39:28,1301,XAUUSD,sell,out,0.18,4348.77,1301,-0.63,0.0,-863.64,15307.41,
2026-03-24 03:39:28,1302,XAUUSD,sell,out,0.18,4348.77,1302,-0.63,0.0,-1022.58,14284.2,
2026-03-24 03:39:28,1303,XAUUSD,sell,out,0.18,4348.77,1303,-0.63,0.0,-1156.14,13127.43,
2026-03-24 03:39:28,1304,XAUUSD,sell,out,0.18,4348.77,1304,-0.63,0.0,-1257.84,11868.96,
2026-03-24 03:39:28,1305,XAUUSD,sell,out,0.18,4348.77,1305,-0.63,0.0,-1328.58,10539.75,
2026-03-24 20:15:00,1306,XAUUSD,buy,in,0.11,4397.82,1306,-0.39,0.0,0.0,10539.36,QQX 06 NY Trend Buy L1
2026-03-24 20:19:00,1307,XAUUSD,sell,out,0.11,4399.06,1307,-0.39,0.0,13.64,10552.61,
2026-03-24 20:30:00,1308,XAUUSD,buy,in,0.11,4398.13,1308,-0.39,0.0,0.0,10552.22,QQX 06 NY Trend Buy L1
2026-03-24 20:32:00,1309,XAUUSD,buy,in,0.11,4391.03,1309,-0.39,0.0,0.0,10551.83,QQX 06 NY Trend Buy L2
2026-03-24 20:33:00,1310,XAUUSD,buy,in,0.11,4382.55,1310,-0.39,0.0,0.0,10551.44,QQX 06 NY Trend Buy L3
2026-03-24 20:43:00,1311,XAUUSD,buy,in,0.11,4379.26,1311,-0.39,0.0,0.0,10551.05,QQX 06 NY Trend Buy L4
2026-03-24 20:46:00,1312,XAUUSD,buy,in,0.11,4374.35,1312,-0.39,0.0,0.0,10550.66,QQX 06 NY Trend Buy L5
2026-03-24 20:49:00,1313,XAUUSD,sell,out,0.11,4386.29,1313,-0.39,0.0,131.34,10681.61,
2026-03-24 20:49:00,1314,XAUUSD,sell,out,0.11,4386.29,1314,-0.39,0.0,77.33,10758.55,
2026-03-24 20:49:00,1315,XAUUSD,sell,out,0.11,4386.29,1315,-0.39,0.0,41.14,10799.3,
2026-03-24 20:49:00,1316,XAUUSD,sell,out,0.11,4386.29,1316,-0.39,0.0,-52.14,10746.77,
2026-03-24 20:49:00,1317,XAUUSD,sell,out,0.11,4386.29,1317,-0.39,0.0,-130.24,10616.14,
2026-03-24 22:36:00,1318,XAUUSD,buy,in,0.11,4398.52,1318,-0.39,0.0,0.0,10615.75,QQX 09 Late Buy B L1
2026-03-24 22:43:00,1319,XAUUSD,sell,out,0.11,4401.41,1319,-0.39,0.0,31.79,10647.15,
2026-03-24 22:54:00,1320,XAUUSD,buy,in,0.11,4403.6,1320,-0.39,0.0,0.0,10646.76,QQX 09 Late Buy B L1
2026-03-24 22:56:00,1321,XAUUSD,buy,in,0.11,4400.55,1321,-0.39,0.0,0.0,10646.37,QQX 09 Late Buy B L2
2026-03-24 22:57:00,1322,XAUUSD,sell,out,0.11,4403.14,1322,-0.39,0.0,28.49,10674.47,
2026-03-24 22:57:00,1323,XAUUSD,sell,out,0.11,4403.14,1323,-0.39,0.0,-5.06,10669.02,
2026-03-25 19:00:00,1324,XAUUSD,buy,in,0.11,4559.14,1324,-0.39,0.0,0.0,10668.63,QQX 06 NY Trend Buy L1
2026-03-25 19:01:00,1325,XAUUSD,sell,out,0.11,4561.62,1325,-0.39,0.0,27.28,10695.52,
2026-03-25 19:15:00,1326,XAUUSD,buy,in,0.11,4554.0,1326,-0.39,0.0,0.0,10695.13,QQX 06 NY Trend Buy L1
2026-03-25 19:16:00,1327,XAUUSD,buy,in,0.11,4550.73,1327,-0.39,0.0,0.0,10694.74,QQX 06 NY Trend Buy L2
2026-03-25 19:19:00,1328,XAUUSD,buy,in,0.11,4548.31,1328,-0.39,0.0,0.0,10694.35,QQX 06 NY Trend Buy L3
2026-03-25 19:25:00,1329,XAUUSD,sell,out,0.11,4556.48,1329,-0.39,0.0,89.87,10783.83,
2026-03-25 19:25:00,1330,XAUUSD,sell,out,0.11,4556.48,1330,-0.39,0.0,63.25,10846.69,
2026-03-25 19:25:00,1331,XAUUSD,sell,out,0.11,4556.48,1331,-0.39,0.0,27.28,10873.58,
2026-03-25 19:30:00,1332,XAUUSD,buy,in,0.11,4555.17,1332,-0.39,0.0,0.0,10873.19,QQX 06 NY Trend Buy L1
2026-03-25 19:38:00,1333,XAUUSD,sell,out,0.11,4557.64,1333,-0.39,0.0,27.17,10899.97,
2026-03-25 19:45:00,1334,XAUUSD,buy,in,0.11,4556.02,1334,-0.39,0.0,0.0,10899.58,QQX 06 NY Trend Buy L1
2026-03-25 19:48:00,1335,XAUUSD,buy,in,0.11,4552.12,1335,-0.39,0.0,0.0,10899.19,QQX 06 NY Trend Buy L2
2026-03-25 19:53:00,1336,XAUUSD,sell,out,0.11,4556.79,1336,-0.39,0.0,51.37,10950.17,
2026-03-25 19:53:00,1337,XAUUSD,sell,out,0.11,4556.79,1337,-0.39,0.0,8.47,10958.25,
2026-03-25 20:00:00,1338,XAUUSD,buy,in,0.11,4555.31,1338,-0.39,0.0,0.0,10957.86,QQX 06 NY Trend Buy L1
2026-03-25 20:02:00,1339,XAUUSD,sell,out,0.11,4557.42,1339,-0.39,0.0,23.21,10980.68,
2026-03-25 20:15:00,1340,XAUUSD,buy,in,0.11,4551.24,1340,-0.39,0.0,0.0,10980.29,QQX 06 NY Trend Buy L1
2026-03-25 20:17:00,1341,XAUUSD,buy,in,0.11,4546.5,1341,-0.39,0.0,0.0,10979.9,QQX 06 NY Trend Buy L2
2026-03-25 20:19:00,1342,XAUUSD,buy,in,0.11,4544.0,1342,-0.39,0.0,0.0,10979.51,QQX 06 NY Trend Buy L3
2026-03-25 20:21:00,1343,XAUUSD,sell,out,0.11,4548.85,1343,-0.39,0.0,53.35,11032.47,
2026-03-25 20:21:00,1344,XAUUSD,sell,out,0.11,4548.85,1344,-0.39,0.0,25.85,11057.93,
2026-03-25 20:21:00,1345,XAUUSD,sell,out,0.11,4548.85,1345,-0.39,0.0,-26.29,11031.25,
2026-03-25 20:30:00,1346,XAUUSD,buy,in,0.11,4553.89,1346,-0.39,0.0,0.0,11030.86,QQX 06 NY Trend Buy L1
2026-03-25 20:33:00,1347,XAUUSD,sell,out,0.11,4555.02,1347,-0.39,0.0,12.43,11042.9,
2026-03-26 23:20:00,1348,XAUUSD,sell,in,0.11,4396.22,1348,-0.39,0.0,0.0,11042.51,QQX 11 Late Sell B L1
2026-03-26 23:22:00,1349,XAUUSD,sell,in,0.11,4409.78,1349,-0.39,0.0,0.0,11042.12,QQX 11 Late Sell B L2
2026-03-26 23:25:00,1350,XAUUSD,buy,out,0.11,4399.76,1350,-0.39,0.0,110.22,11151.95,
2026-03-26 23:25:00,1351,XAUUSD,buy,out,0.11,4399.76,1351,-0.39,0.0,-38.94,11112.62,
2026-03-26 23:30:00,1352,XAUUSD,sell,in,0.11,4404.74,1352,-0.39,0.0,0.0,11112.23,QQX 11 Late Sell B L1
2026-03-26 23:34:00,1353,XAUUSD,buy,out,0.11,4401.02,1353,-0.39,0.0,40.92,11152.76,
2026-03-26 23:40:00,1354,XAUUSD,sell,in,0.11,4420.06,1354,-0.39,0.0,0.0,11152.37,QQX 11 Late Sell B L1
2026-03-26 23:41:00,1355,XAUUSD,buy,out,0.11,4417.62,1355,-0.39,0.0,26.84,11178.82,
2026-03-26 23:50:00,1356,XAUUSD,sell,in,0.11,4401.76,1356,-0.39,0.0,0.0,11178.43,QQX 11 Late Sell B L1
2026-03-26 23:51:00,1357,XAUUSD,buy,out,0.11,4395.94,1357,-0.39,0.0,64.02,11242.06,
2026-03-27 22:04:00,1358,XAUUSD,buy,in,0.11,4510.41,1358,-0.39,0.0,0.0,11241.67,QQX 08 Late Buy A L1
2026-03-27 22:08:00,1359,XAUUSD,buy,in,0.11,4508.31,1359,-0.39,0.0,0.0,11241.28,QQX 08 Late Buy A L2
2026-03-27 22:12:00,1360,XAUUSD,buy,in,0.11,4509.19,1360,-0.39,0.0,0.0,11240.89,QQX 09 Late Buy B L1
2026-03-27 22:13:00,1361,XAUUSD,sell,out,0.11,4513.86,1361,-0.39,0.0,61.05,11301.55,
2026-03-27 22:13:00,1362,XAUUSD,sell,out,0.11,4513.86,1362,-0.39,0.0,37.95,11339.11,
2026-03-27 22:13:00,1363,XAUUSD,sell,out,0.11,4513.86,1363,-0.39,0.0,51.37,11390.09,
2026-03-27 22:40:00,1364,XAUUSD,buy,in,0.11,4511.79,1364,-0.39,0.0,0.0,11389.7,QQX 08 Late Buy A L1
2026-03-27 22:41:00,1365,XAUUSD,buy,in,0.11,4508.6,1365,-0.39,0.0,0.0,11389.31,QQX 08 Late Buy A L2
2026-03-27 22:42:00,1366,XAUUSD,buy,in,0.11,4506.3,1366,-0.39,0.0,0.0,11388.92,QQX 08 Late Buy A L3
2026-03-27 22:42:00,1367,XAUUSD,buy,in,0.11,4506.3,1367,-0.39,0.0,0.0,11388.53,QQX 09 Late Buy B L1
2026-03-27 22:45:00,1368,XAUUSD,sell,out,0.11,4510.07,1368,-0.39,0.0,41.47,11429.61,
2026-03-27 22:45:00,1369,XAUUSD,sell,out,0.11,4510.07,1369,-0.39,0.0,16.17,11445.39,
2026-03-27 22:45:00,1370,XAUUSD,sell,out,0.11,4510.07,1370,-0.39,0.0,-18.92,11426.08,
2026-03-27 22:45:00,1371,XAUUSD,sell,out,0.11,4510.07,1371,-0.39,0.0,41.47,11467.16,
2026-03-27 22:48:00,1372,XAUUSD,buy,in,0.11,4508.2,1372,-0.39,0.0,0.0,11466.77,QQX 08 Late Buy A L1
2026-03-27 22:48:00,1373,XAUUSD,buy,in,0.11,4508.2,1373,-0.39,0.0,0.0,11466.38,QQX 09 Late Buy B L1
2026-03-27 22:53:00,1374,XAUUSD,sell,out,0.11,4509.71,1374,-0.39,0.0,16.61,11482.6,
2026-03-27 22:53:00,1375,XAUUSD,sell,out,0.11,4509.71,1375,-0.39,0.0,16.61,11498.82,
2026-03-27 23:00:00,1376,XAUUSD,buy,in,0.11,4514.66,1376,-0.39,0.0,0.0,11498.43,QQX 08 Late Buy A L1
2026-03-27 23:06:00,1377,XAUUSD,buy,in,0.11,4510.34,1377,-0.39,0.0,0.0,11498.04,QQX 08 Late Buy A L2
2026-03-27 23:06:00,1378,XAUUSD,buy,in,0.11,4510.34,1378,-0.39,0.0,0.0,11497.65,QQX 09 Late Buy B L1
2026-03-27 23:21:00,1379,XAUUSD,buy,in,0.11,4507.04,1379,-0.39,0.0,0.0,11497.26,QQX 08 Late Buy A L3
2026-03-27 23:21:00,1380,XAUUSD,buy,in,0.11,4507.04,1380,-0.39,0.0,0.0,11496.87,QQX 09 Late Buy B L2
2026-03-27 23:33:00,1381,XAUUSD,buy,in,0.11,4504.15,1381,-0.39,0.0,0.0,11496.48,QQX 08 Late Buy A L4
2026-03-27 23:33:00,1382,XAUUSD,buy,in,0.11,4504.15,1382,-0.39,0.0,0.0,11496.09,QQX 09 Late Buy B L3
2026-03-27 23:38:00,1383,XAUUSD,sell,out,0.11,4508.25,1383,-0.39,0.0,45.1,11540.8,
2026-03-27 23:38:00,1384,XAUUSD,sell,out,0.11,4508.25,1384,-0.39,0.0,13.31,11553.72,
2026-03-27 23:38:00,1385,XAUUSD,sell,out,0.11,4508.25,1385,-0.39,0.0,-22.99,11530.34,
2026-03-27 23:40:00,1386,XAUUSD,sell,out,0.11,4510.25,1386,-0.39,0.0,67.1,11597.05,
2026-03-27 23:40:00,1387,XAUUSD,sell,out,0.11,4510.25,1387,-0.39,0.0,35.31,11631.97,
2026-03-27 23:40:00,1388,XAUUSD,sell,out,0.11,4510.25,1388,-0.39,0.0,-0.99,11630.59,
2026-03-27 23:40:00,1389,XAUUSD,sell,out,0.11,4510.25,1389,-0.39,0.0,-48.51,11581.69,
2026-03-27 23:44:00,1390,XAUUSD,buy,in,0.12,4507.48,1390,-0.42,0.0,0.0,11581.27,QQX 08 Late Buy A L1
2026-03-27 23:46:00,1391,XAUUSD,buy,in,0.12,4502.42,1391,-0.42,0.0,0.0,11580.85,QQX 08 Late Buy A L2
2026-03-27 23:48:00,1392,XAUUSD,buy,in,0.12,4503.22,1392,-0.42,0.0,0.0,11580.43,QQX 09 Late Buy B L1
2026-03-27 23:49:00,1393,XAUUSD,buy,in,0.12,4500.94,1393,-0.42,0.0,0.0,11580.01,QQX 09 Late Buy B L2
2026-03-27 23:50:00,1394,XAUUSD,buy,in,0.12,4499.12,1394,-0.42,0.0,0.0,11579.59,QQX 08 Late Buy A L3
2026-03-27 23:51:00,1395,XAUUSD,buy,in,0.12,4498.0,1395,-0.42,0.0,0.0,11579.17,QQX 09 Late Buy B L3
2026-03-27 23:52:00,1396,XAUUSD,buy,in,0.12,4496.74,1396,-0.42,0.0,0.0,11578.75,QQX 08 Late Buy A L4
2026-03-27 23:53:00,1397,XAUUSD,buy,in,0.12,4494.58,1397,-0.42,0.0,0.0,11578.33,QQX 08 Late Buy A L5
2026-03-27 23:53:00,1398,XAUUSD,buy,in,0.12,4494.58,1398,-0.42,0.0,0.0,11577.91,QQX 09 Late Buy B L4
2026-03-30 01:02:00,1399,XAUUSD,buy,in,0.12,4488.53,1399,-0.42,0.0,0.0,11577.49,QQX 08 Late Buy A L6
2026-03-30 01:02:00,1400,XAUUSD,buy,in,0.12,4488.53,1400,-0.42,0.0,0.0,11577.07,QQX 09 Late Buy B L5
2026-03-30 01:03:00,1401,XAUUSD,sell,out,0.12,4504.16,1401,-0.42,0.0,187.56,11764.21,
2026-03-30 01:03:00,1402,XAUUSD,sell,out,0.12,4504.16,1402,-0.42,-7.18,114.96,11871.57,
2026-03-30 01:03:00,1403,XAUUSD,sell,out,0.12,4504.16,1403,-0.42,-7.18,89.04,11953.01,
2026-03-30 01:03:00,1404,XAUUSD,sell,out,0.12,4504.16,1404,-0.42,-7.18,60.48,12005.89,
2026-03-30 01:03:00,1405,XAUUSD,sell,out,0.12,4504.16,1405,-0.42,-7.18,20.88,12019.17,
2026-03-30 01:03:00,1406,XAUUSD,sell,out,0.12,4504.16,1406,-0.42,-7.18,-39.84,11971.73,
2026-03-30 01:03:00,1407,XAUUSD,sell,out,0.12,4504.16,1407,-0.42,0.0,187.56,12158.87,
2026-03-30 01:03:00,1408,XAUUSD,sell,out,0.12,4504.16,1408,-0.42,-7.18,114.96,12266.23,
2026-03-30 01:03:00,1409,XAUUSD,sell,out,0.12,4504.16,1409,-0.42,-7.18,73.92,12332.55,
2026-03-30 01:03:00,1410,XAUUSD,sell,out,0.12,4504.16,1410,-0.42,-7.18,38.64,12363.59,
2026-03-30 01:03:00,1411,XAUUSD,sell,out,0.12,4504.16,1411,-0.42,-7.18,11.28,12367.27,
2026-03-30 03:00:00,1412,XAUUSD,buy,in,0.12,4449.71,1412,-0.42,0.0,0.0,12366.85,QQX 01 Asia Momentum Buy L1
2026-03-30 03:01:00,1413,XAUUSD,buy,in,0.12,4435.35,1413,-0.42,0.0,0.0,12366.43,QQX 01 Asia Momentum Buy L2
2026-03-30 03:09:00,1414,XAUUSD,buy,in,0.12,4428.63,1414,-0.42,0.0,0.0,12366.01,QQX 01 Asia Momentum Buy L3
2026-03-30 03:13:00,1415,XAUUSD,buy,in,0.12,4425.09,1415,-0.42,0.0,0.0,12365.59,QQX 01 Asia Momentum Buy L4
2026-03-30 03:19:00,1416,XAUUSD,sell,out,0.12,4437.83,1416,-0.42,0.0,152.88,12518.05,
2026-03-30 03:19:00,1417,XAUUSD,sell,out,0.12,4437.83,1417,-0.42,0.0,110.4,12628.03,
2026-03-30 03:19:00,1418,XAUUSD,sell,out,0.12,4437.83,1418,-0.42,0.0,29.76,12657.37,
2026-03-30 03:19:00,1419,XAUUSD,sell,out,0.12,4437.83,1419,-0.42,0.0,-142.56,12514.39,
2026-03-30 03:30:00,1420,XAUUSD,buy,in,0.13,4449.31,1420,-0.46,0.0,0.0,12513.93,QQX 01 Asia Momentum Buy L1
2026-03-30 03:32:00,1421,XAUUSD,sell,out,0.13,4451.75,1421,-0.46,0.0,31.72,12545.19,
2026-03-30 03:45:00,1422,XAUUSD,buy,in,0.13,4438.79,1422,-0.46,0.0,0.0,12544.73,QQX 01 Asia Momentum Buy L1
2026-03-30 03:48:00,1423,XAUUSD,buy,in,0.13,4433.37,1423,-0.46,0.0,0.0,12544.27,QQX 01 Asia Momentum Buy L2
2026-03-30 03:49:00,1424,XAUUSD,sell,out,0.13,4441.48,1424,-0.46,0.0,105.43,12649.24,
2026-03-30 03:49:00,1425,XAUUSD,sell,out,0.13,4441.48,1425,-0.46,0.0,34.97,12683.75,
2026-03-30 04:00:00,1426,XAUUSD,buy,in,0.13,4431.99,1426,-0.46,0.0,0.0,12683.29,QQX 01 Asia Momentum Buy L1
2026-03-30 04:01:00,1427,XAUUSD,sell,out,0.13,4443.48,1427,-0.46,0.0,149.37,12832.2,
2026-03-30 04:15:00,1428,XAUUSD,buy,in,0.13,4460.34,1428,-0.46,0.0,0.0,12831.74,QQX 01 Asia Momentum Buy L1
2026-03-30 04:16:00,1429,XAUUSD,buy,in,0.13,4451.54,1429,-0.46,0.0,0.0,12831.28,QQX 01 Asia Momentum Buy L2
2026-03-30 04:21:00,1430,XAUUSD,sell,out,0.13,4459.17,1430,-0.46,0.0,99.19,12930.01,
2026-03-30 04:21:00,1431,XAUUSD,sell,out,0.13,4459.17,1431,-0.46,0.0,-15.21,12914.34,
2026-03-30 04:30:00,1432,XAUUSD,buy,in,0.13,4448.89,1432,-0.46,0.0,0.0,12913.88,QQX 01 Asia Momentum Buy L1
2026-03-30 04:32:00,1433,XAUUSD,sell,out,0.13,4453.87,1433,-0.46,0.0,64.74,12978.16,
2026-03-30 04:45:00,1434,XAUUSD,buy,in,0.13,4471.76,1434,-0.46,0.0,0.0,12977.7,QQX 01 Asia Momentum Buy L1
2026-03-30 04:47:00,1435,XAUUSD,sell,out,0.13,4474.04,1435,-0.46,0.0,29.64,13006.88,
2026-03-30 19:30:00,1436,XAUUSD,buy,in,0.13,4536.96,1436,-0.46,0.0,0.0,13006.42,QQX 06 NY Trend Buy L1
2026-03-30 19:32:00,1437,XAUUSD,sell,out,0.13,4539.55,1437,-0.46,0.0,33.67,13039.63,
2026-03-30 20:00:00,1438,XAUUSD,buy,in,0.13,4539.78,1438,-0.46,0.0,0.0,13039.17,QQX 06 NY Trend Buy L1
2026-03-30 20:03:00,1439,XAUUSD,buy,in,0.13,4534.57,1439,-0.46,0.0,0.0,13038.71,QQX 06 NY Trend Buy L2
2026-03-30 20:06:00,1440,XAUUSD,buy,in,0.13,4532.26,1440,-0.46,0.0,0.0,13038.25,QQX 06 NY Trend Buy L3
2026-03-30 20:12:00,1441,XAUUSD,buy,in,0.13,4529.99,1441,-0.46,0.0,0.0,13037.79,QQX 06 NY Trend Buy L4
2026-03-30 20:14:00,1442,XAUUSD,buy,in,0.13,4527.35,1442,-0.46,0.0,0.0,13037.33,QQX 06 NY Trend Buy L5
2026-03-30 20:15:00,1443,XAUUSD,buy,in,0.13,4522.55,1443,-0.46,0.0,0.0,13036.87,QQX 06 NY Trend Buy L6
2026-03-30 20:32:00,1444,XAUUSD,buy,in,0.13,4519.21,1444,-0.46,0.0,0.0,13036.41,QQX 06 NY Trend Buy L7
2026-03-30 20:35:00,1445,XAUUSD,buy,in,0.13,4516.81,1445,-0.46,0.0,0.0,13035.95,QQX 06 NY Trend Buy L8
2026-03-31 03:39:00,1446,XAUUSD,sell,out,0.13,4530.19,1446,-0.46,-7.77,173.94,13201.66,
2026-03-31 03:39:00,1447,XAUUSD,sell,out,0.13,4530.19,1447,-0.46,-7.77,142.74,13336.17,
2026-03-31 03:39:00,1448,XAUUSD,sell,out,0.13,4530.19,1448,-0.46,-7.77,99.32,13427.26,
2026-03-31 03:39:00,1449,XAUUSD,sell,out,0.13,4530.19,1449,-0.46,-7.77,36.92,13455.95,
2026-03-31 03:39:00,1450,XAUUSD,sell,out,0.13,4530.19,1450,-0.46,-7.77,2.6,13450.32,
2026-03-31 03:39:00,1451,XAUUSD,sell,out,0.13,4530.19,1451,-0.46,-7.77,-26.91,13415.18,
2026-03-31 03:39:00,1452,XAUUSD,sell,out,0.13,4530.19,1452,-0.46,-7.77,-56.94,13350.01,
2026-03-31 03:39:00,1453,XAUUSD,sell,out,0.13,4530.19,1453,-0.46,-7.77,-124.67,13217.11,
2026-03-31 23:24:00,1454,XAUUSD,buy,in,0.13,4673.45,1454,-0.46,0.0,0.0,13216.65,QQX 08 Late Buy A L1
2026-03-31 23:28:00,1455,XAUUSD,buy,in,0.13,4670.28,1455,-0.46,0.0,0.0,13216.19,QQX 08 Late Buy A L2
2026-03-31 23:30:00,1456,XAUUSD,buy,in,0.13,4669.64,1456,-0.46,0.0,0.0,13215.73,QQX 09 Late Buy B L1
2026-03-31 23:31:00,1457,XAUUSD,sell,out,0.13,4670.75,1457,-0.46,0.0,14.43,13229.7,
2026-03-31 23:34:00,1458,XAUUSD,sell,out,0.13,4674.54,1458,-0.46,0.0,55.38,13284.62,
2026-03-31 23:34:00,1459,XAUUSD,sell,out,0.13,4674.54,1459,-0.46,0.0,14.17,13298.33,
2026-03-31 23:36:00,1460,XAUUSD,buy,in,0.13,4673.87,1460,-0.46,0.0,0.0,13297.87,QQX 08 Late Buy A L1
2026-03-31 23:37:00,1461,XAUUSD,buy,in,0.13,4670.15,1461,-0.46,0.0,0.0,13297.41,QQX 08 Late Buy A L2
2026-03-31 23:48:00,1462,XAUUSD,buy,in,0.13,4669.01,1462,-0.46,0.0,0.0,13296.95,QQX 09 Late Buy B L1
2026-03-31 23:51:00,1463,XAUUSD,buy,in,0.13,4667.39,1463,-0.46,0.0,0.0,13296.49,QQX 08 Late Buy A L3
2026-03-31 23:52:00,1464,XAUUSD,buy,in,0.13,4666.67,1464,-0.46,0.0,0.0,13296.03,QQX 09 Late Buy B L2
2026-04-01 01:50:00,1465,XAUUSD,sell,out,0.13,4671.07,1465,-0.46,-7.77,57.2,13345.0,
2026-04-01 01:50:00,1466,XAUUSD,sell,out,0.13,4671.07,1466,-0.46,-7.77,26.78,13363.55,
2026-04-01 01:51:00,1467,XAUUSD,sell,out,0.13,4671.68,1467,-0.46,-7.77,55.77,13411.09,
2026-04-01 01:51:00,1468,XAUUSD,sell,out,0.13,4671.68,1468,-0.46,-7.77,19.89,13422.75,
2026-04-01 01:51:00,1469,XAUUSD,sell,out,0.13,4671.68,1469,-0.46,-7.77,-28.47,13386.05,
2026-04-01 22:00:00,1470,XAUUSD,buy,in,0.13,4753.25,1470,-0.46,0.0,0.0,13385.59,QQX 09 Late Buy B L1
2026-04-01 22:04:00,1471,XAUUSD,sell,out,0.13,4754.4,1471,-0.46,0.0,14.95,13400.08,
2026-04-01 22:06:00,1472,XAUUSD,buy,in,0.13,4761.75,1472,-0.46,0.0,0.0,13399.62,QQX 09 Late Buy B L1
2026-04-01 22:08:00,1473,XAUUSD,sell,out,0.13,4763.24,1473,-0.46,0.0,19.37,13418.53,
2026-04-01 22:12:00,1474,XAUUSD,buy,in,0.13,4756.74,1474,-0.46,0.0,0.0,13418.07,QQX 09 Late Buy B L1
2026-04-01 22:14:00,1475,XAUUSD,sell,out,0.13,4759.79,1475,-0.46,0.0,39.65,13457.26,
2026-04-01 22:18:00,1476,XAUUSD,buy,in,0.13,4760.0,1476,-0.46,0.0,0.0,13456.8,QQX 09 Late Buy B L1
2026-04-01 22:19:00,1477,XAUUSD,sell,out,0.13,4761.49,1477,-0.46,0.0,19.37,13475.71,
2026-04-01 22:24:00,1478,XAUUSD,buy,in,0.13,4761.82,1478,-0.46,0.0,0.0,13475.25,QQX 09 Late Buy B L1
2026-04-01 22:26:00,1479,XAUUSD,sell,out,0.13,4763.5,1479,-0.46,0.0,21.84,13496.63,
2026-04-01 22:30:00,1480,XAUUSD,buy,in,0.13,4765.68,1480,-0.46,0.0,0.0,13496.17,QQX 09 Late Buy B L1
2026-04-01 22:31:00,1481,XAUUSD,sell,out,0.13,4767.07,1481,-0.46,0.0,18.07,13513.78,
2026-04-01 22:48:00,1482,XAUUSD,buy,in,0.14,4767.89,1482,-0.49,0.0,0.0,13513.29,QQX 08 Late Buy A L1
2026-04-01 22:48:00,1483,XAUUSD,buy,in,0.14,4767.89,1483,-0.49,0.0,0.0,13512.8,QQX 09 Late Buy B L1
2026-04-01 22:51:00,1484,XAUUSD,buy,in,0.14,4761.18,1484,-0.49,0.0,0.0,13512.31,QQX 08 Late Buy A L2
2026-04-01 22:51:00,1485,XAUUSD,buy,in,0.14,4761.18,1485,-0.49,0.0,0.0,13511.82,QQX 09 Late Buy B L2
2026-04-01 22:54:00,1486,XAUUSD,sell,out,0.14,4766.51,1486,-0.49,0.0,74.62,13585.95,
2026-04-01 22:54:00,1487,XAUUSD,sell,out,0.14,4766.51,1487,-0.49,0.0,-19.32,13566.14,
2026-04-01 22:54:00,1488,XAUUSD,sell,out,0.14,4766.51,1488,-0.49,0.0,74.62,13640.27,
2026-04-01 22:54:00,1489,XAUUSD,sell,out,0.14,4766.51,1489,-0.49,0.0,-19.32,13620.46,
2026-04-01 23:00:00,1490,XAUUSD,buy,in,0.14,4766.11,1490,-0.49,0.0,0.0,13619.97,QQX 08 Late Buy A L1
2026-04-01 23:00:00,1491,XAUUSD,buy,in,0.14,4766.11,1491,-0.49,0.0,0.0,13619.48,QQX 09 Late Buy B L1
2026-04-01 23:01:00,1492,XAUUSD,sell,out,0.14,4767.4,1492,-0.49,0.0,18.06,13637.05,
2026-04-01 23:01:00,1493,XAUUSD,sell,out,0.14,4767.4,1493,-0.49,0.0,18.06,13654.62,
2026-04-01 23:04:00,1494,XAUUSD,buy,in,0.14,4764.3,1494,-0.49,0.0,0.0,13654.13,QQX 08 Late Buy A L1
2026-04-01 23:06:00,1495,XAUUSD,sell,out,0.14,4765.59,1495,-0.49,0.0,18.06,13671.7,
2026-04-01 23:06:00,1496,XAUUSD,buy,in,0.14,4765.69,1496,-0.49,0.0,0.0,13671.21,QQX 09 Late Buy B L1
2026-04-01 23:08:00,1497,XAUUSD,buy,in,0.14,4765.02,1497,-0.49,0.0,0.0,13670.72,QQX 08 Late Buy A L1
2026-04-01 23:09:00,1498,XAUUSD,sell,out,0.14,4767.42,1498,-0.49,0.0,33.6,13703.83,
2026-04-01 23:09:00,1499,XAUUSD,sell,out,0.14,4767.42,1499,-0.49,0.0,24.22,13727.56,
2026-04-01 23:12:00,1500,XAUUSD,buy,in,0.14,4768.32,1500,-0.49,0.0,0.0,13727.07,QQX 09 Late Buy B L1
2026-04-01 23:16:00,1501,XAUUSD,sell,out,0.14,4770.14,1501,-0.49,0.0,25.48,13752.06,
2026-04-01 23:24:00,1502,XAUUSD,buy,in,0.14,4764.2,1502,-0.49,0.0,0.0,13751.57,QQX 08 Late Buy A L1
2026-04-01 23:24:00,1503,XAUUSD,buy,in,0.14,4764.2,1503,-0.49,0.0,0.0,13751.08,QQX 09 Late Buy B L1
2026-04-01 23:32:00,1504,XAUUSD,buy,in,0.14,4759.66,1504,-0.49,0.0,0.0,13750.59,QQX 08 Late Buy A L2
2026-04-01 23:32:00,1505,XAUUSD,buy,in,0.14,4759.66,1505,-0.49,0.0,0.0,13750.1,QQX 09 Late Buy B L2
2026-04-01 23:41:00,1506,XAUUSD,buy,in,0.14,4755.62,1506,-0.49,0.0,0.0,13749.61,QQX 08 Late Buy A L3
2026-04-01 23:41:00,1507,XAUUSD,buy,in,0.14,4755.62,1507,-0.49,0.0,0.0,13749.12,QQX 09 Late Buy B L3
2026-04-01 23:47:00,1508,XAUUSD,sell,out,0.14,4761.38,1508,-0.49,0.0,80.64,13829.27,
2026-04-01 23:47:00,1509,XAUUSD,sell,out,0.14,4761.38,1509,-0.49,0.0,24.08,13852.86,
2026-04-01 23:47:00,1510,XAUUSD,sell,out,0.14,4761.38,1510,-0.49,0.0,-39.48,13812.89,
2026-04-01 23:47:00,1511,XAUUSD,sell,out,0.14,4761.38,1511,-0.49,0.0,80.64,13893.04,
2026-04-01 23:47:00,1512,XAUUSD,sell,out,0.14,4761.38,1512,-0.49,0.0,24.08,13916.63,
2026-04-01 23:47:00,1513,XAUUSD,sell,out,0.14,4761.38,1513,-0.49,0.0,-39.48,13876.66,
2026-04-01 23:48:00,1514,XAUUSD,buy,in,0.14,4763.1,1514,-0.49,0.0,0.0,13876.17,QQX 09 Late Buy B L1
2026-04-01 23:52:00,1515,XAUUSD,buy,in,0.14,4759.46,1515,-0.49,0.0,0.0,13875.68,QQX 09 Late Buy B L2
2026-04-01 23:58:00,1516,XAUUSD,buy,in,0.14,4757.04,1516,-0.49,0.0,0.0,13875.19,QQX 09 Late Buy B L3
2026-04-02 01:09:00,1517,XAUUSD,buy,in,0.14,4753.71,1517,-0.49,0.0,0.0,13874.7,QQX 09 Late Buy B L4
2026-04-02 01:16:00,1518,XAUUSD,sell,out,0.14,4761.26,1518,-0.49,0.0,105.7,13979.91,
2026-04-02 01:16:00,1519,XAUUSD,sell,out,0.14,4761.26,1519,-0.49,-25.12,59.08,14013.38,
2026-04-02 01:16:00,1520,XAUUSD,sell,out,0.14,4761.26,1520,-0.49,-25.12,25.2,14012.97,
2026-04-02 01:16:00,1521,XAUUSD,sell,out,0.14,4761.26,1521,-0.49,-25.12,-25.76,13961.6,
2026-04-02 04:15:00,1522,XAUUSD,buy,in,0.14,4750.73,1522,-0.49,0.0,0.0,13961.11,QQX 01 Asia Momentum Buy L1
2026-04-02 04:17:00,1523,XAUUSD,buy,in,0.14,4745.26,1523,-0.49,0.0,0.0,13960.62,QQX 01 Asia Momentum Buy L2
2026-04-02 04:18:00,1524,XAUUSD,buy,in,0.14,4729.78,1524,-0.49,0.0,0.0,13960.13,QQX 01 Asia Momentum Buy L3
2026-04-02 04:21:00,1525,XAUUSD,buy,in,0.14,4725.76,1525,-0.49,0.0,0.0,13959.64,QQX 01 Asia Momentum Buy L4
2026-04-02 04:22:00,1526,XAUUSD,buy,in,0.14,4719.83,1526,-0.49,0.0,0.0,13959.15,QQX 01 Asia Momentum Buy L5
2026-04-02 04:23:00,1527,XAUUSD,buy,in,0.14,4711.63,1527,-0.49,0.0,0.0,13958.66,QQX 01 Asia Momentum Buy L6
2026-04-02 04:26:00,1528,XAUUSD,buy,in,0.14,4701.85,1528,-0.49,0.0,0.0,13958.17,QQX 01 Asia Momentum Buy L7
2026-04-02 04:27:00,1529,XAUUSD,buy,in,0.14,4689.57,1529,-0.49,0.0,0.0,13957.68,QQX 01 Asia Momentum Buy L8
2026-04-02 04:32:00,1530,XAUUSD,sell,out,0.14,4671.3,1530,-0.49,0.0,-255.78,13701.41,
2026-04-02 04:32:00,1531,XAUUSD,sell,out,0.14,4671.3,1531,-0.49,0.0,-427.7,13273.22,
2026-04-02 04:32:00,1532,XAUUSD,sell,out,0.14,4671.3,1532,-0.49,0.0,-564.62,12708.11,
2026-04-02 04:32:00,1533,XAUUSD,sell,out,0.14,4671.3,1533,-0.49,0.0,-679.42,12028.2,
2026-04-02 04:32:00,1534,XAUUSD,sell,out,0.14,4671.3,1534,-0.49,0.0,-762.44,11265.27,
2026-04-02 04:32:00,1535,XAUUSD,sell,out,0.14,4671.3,1535,-0.49,0.0,-818.72,10446.06,
2026-04-02 04:32:00,1536,XAUUSD,sell,out,0.14,4671.3,1536,-0.49,0.0,-1035.44,9410.13,
2026-04-02 04:32:00,1537,XAUUSD,sell,out,0.14,4671.3,1537,-0.49,0.0,-1112.02,8297.62,
2026-04-02 04:45:00,1538,XAUUSD,buy,in,0.08,4690.13,1538,-0.28,0.0,0.0,8297.34,QQX 01 Asia Momentum Buy L1
2026-04-02 04:47:00,1539,XAUUSD,sell,out,0.08,4693.2,1539,-0.28,0.0,24.56,8321.62,
2026-04-02 22:30:00,1540,XAUUSD,buy,in,0.08,4665.2,1540,-0.28,0.0,0.0,8321.34,QQX 09 Late Buy B L1
2026-04-02 22:32:00,1541,XAUUSD,buy,in,0.08,4665.45,1541,-0.28,0.0,0.0,8321.06,QQX 08 Late Buy A L1
2026-04-02 22:37:00,1542,XAUUSD,buy,in,0.08,4663.29,1542,-0.28,0.0,0.0,8320.78,QQX 08 Late Buy A L2
2026-04-02 22:38:00,1543,XAUUSD,buy,in,0.08,4661.87,1543,-0.28,0.0,0.0,8320.5,QQX 09 Late Buy B L2
2026-04-02 22:41:00,1544,XAUUSD,sell,out,0.08,4666.58,1544,-0.28,0.0,26.32,8346.54,
2026-04-02 22:41:00,1545,XAUUSD,sell,out,0.08,4666.58,1545,-0.28,0.0,9.04,8355.3,
2026-04-02 22:41:00,1546,XAUUSD,sell,out,0.08,4666.58,1546,-0.28,0.0,37.68,8392.7,
2026-04-02 22:41:00,1547,XAUUSD,sell,out,0.08,4666.58,1547,-0.28,0.0,11.04,8403.46,
2026-04-02 23:20:00,1548,XAUUSD,buy,in,0.08,4668.04,1548,-0.28,0.0,0.0,8403.18,QQX 08 Late Buy A L1
2026-04-02 23:23:00,1549,XAUUSD,buy,in,0.08,4664.83,1549,-0.28,0.0,0.0,8402.9,QQX 08 Late Buy A L2
2026-04-02 23:24:00,1550,XAUUSD,buy,in,0.08,4665.86,1550,-0.28,0.0,0.0,8402.62,QQX 09 Late Buy B L1
2026-04-02 23:26:00,1551,XAUUSD,sell,out,0.08,4669.04,1551,-0.28,0.0,33.68,8436.02,
2026-04-02 23:26:00,1552,XAUUSD,sell,out,0.08,4669.04,1552,-0.28,0.0,8.0,8443.74,
2026-04-02 23:26:00,1553,XAUUSD,sell,out,0.08,4669.04,1553,-0.28,0.0,25.44,8468.9,
2026-04-02 23:28:00,1554,XAUUSD,buy,in,0.08,4669.25,1554,-0.28,0.0,0.0,8468.62,QQX 08 Late Buy A L1
2026-04-02 23:30:00,1555,XAUUSD,buy,in,0.08,4668.03,1555,-0.28,0.0,0.0,8468.34,QQX 09 Late Buy B L1
2026-04-02 23:31:00,1556,XAUUSD,sell,out,0.08,4669.75,1556,-0.28,0.0,13.76,8481.82,
2026-04-02 23:33:00,1557,XAUUSD,sell,out,0.08,4670.76,1557,-0.28,0.0,12.08,8493.62,
2026-04-02 23:42:00,1558,XAUUSD,buy,in,0.08,4669.96,1558,-0.28,0.0,0.0,8493.34,QQX 09 Late Buy B L1
2026-04-02 23:44:00,1559,XAUUSD,buy,in,0.08,4669.44,1559,-0.28,0.0,0.0,8493.06,QQX 08 Late Buy A L1
2026-04-02 23:47:00,1560,XAUUSD,sell,out,0.08,4671.86,1560,-0.28,0.0,19.36,8512.14,
2026-04-02 23:47:00,1561,XAUUSD,sell,out,0.08,4671.86,1561,-0.28,0.0,15.2,8527.06,
2026-04-02 23:48:00,1562,XAUUSD,buy,in,0.09,4671.06,1562,-0.32,0.0,0.0,8526.74,QQX 08 Late Buy A L1
2026-04-02 23:54:00,1563,XAUUSD,buy,in,0.09,4670.32,1563,-0.32,0.0,0.0,8526.42,QQX 09 Late Buy B L1
2026-04-02 23:55:00,1564,XAUUSD,sell,out,0.09,4672.16,1564,-0.32,0.0,16.56,8542.66,
2026-04-02 23:56:00,1565,XAUUSD,sell,out,0.09,4672.6,1565,-0.32,0.0,13.86,8556.2,
2026-04-06 19:00:00,1566,XAUUSD,buy,in,0.09,4668.22,1566,-0.32,0.0,0.0,8555.88,QQX 06 NY Trend Buy L1
2026-04-06 19:01:00,1567,XAUUSD,sell,out,0.09,4669.57,1567,-0.32,0.0,12.15,8567.71,
2026-04-06 19:15:00,1568,XAUUSD,buy,in,0.09,4670.51,1568,-0.32,0.0,0.0,8567.39,QQX 06 NY Trend Buy L1
2026-04-06 19:17:00,1569,XAUUSD,sell,out,0.09,4671.78,1569,-0.32,0.0,11.43,8578.5,
2026-04-06 19:30:00,1570,XAUUSD,buy,in,0.09,4665.81,1570,-0.32,0.0,0.0,8578.18,QQX 06 NY Trend Buy L1
2026-04-06 19:33:00,1571,XAUUSD,sell,out,0.09,4666.97,1571,-0.32,0.0,10.44,8588.3,
2026-04-06 19:45:00,1572,XAUUSD,buy,in,0.09,4663.4,1572,-0.32,0.0,0.0,8587.98,QQX 06 NY Trend Buy L1
2026-04-06 19:50:00,1573,XAUUSD,sell,out,0.09,4664.73,1573,-0.32,0.0,11.97,8599.63,
2026-04-06 20:00:00,1574,XAUUSD,buy,in,0.09,4660.44,1574,-0.32,0.0,0.0,8599.31,QQX 06 NY Trend Buy L1
2026-04-06 20:01:00,1575,XAUUSD,buy,in,0.09,4657.97,1575,-0.32,0.0,0.0,8598.99,QQX 06 NY Trend Buy L2
2026-04-06 20:13:00,1576,XAUUSD,buy,in,0.09,4651.55,1576,-0.32,0.0,0.0,8598.67,QQX 06 NY Trend Buy L3
2026-04-06 20:19:00,1577,XAUUSD,sell,out,0.09,4657.9,1577,-0.32,0.0,57.15,8655.5,
2026-04-06 20:19:00,1578,XAUUSD,sell,out,0.09,4657.9,1578,-0.32,0.0,-0.63,8654.55,
2026-04-06 20:19:00,1579,XAUUSD,sell,out,0.09,4657.9,1579,-0.32,0.0,-22.86,8631.37,
2026-04-06 20:30:00,1580,XAUUSD,buy,in,0.09,4656.4,1580,-0.32,0.0,0.0,8631.05,QQX 06 NY Trend Buy L1
2026-04-06 20:31:00,1581,XAUUSD,buy,in,0.09,4653.61,1581,-0.32,0.0,0.0,8630.73,QQX 06 NY Trend Buy L2
2026-04-06 20:32:00,1582,XAUUSD,sell,out,0.09,4656.52,1582,-0.32,0.0,26.19,8656.6,
2026-04-06 20:32:00,1583,XAUUSD,sell,out,0.09,4656.52,1583,-0.32,0.0,1.08,8657.36,
2026-04-06 20:45:00,1584,XAUUSD,buy,in,0.09,4656.44,1584,-0.32,0.0,0.0,8657.04,QQX 06 NY Trend Buy L1
2026-04-06 20:48:00,1585,XAUUSD,buy,in,0.09,4652.92,1585,-0.32,0.0,0.0,8656.72,QQX 06 NY Trend Buy L2
2026-04-06 20:55:00,1586,XAUUSD,sell,out,0.09,4655.87,1586,-0.32,0.0,26.55,8682.95,
2026-04-06 20:55:00,1587,XAUUSD,sell,out,0.09,4655.87,1587,-0.32,0.0,-5.13,8677.5,
2026-04-06 23:20:00,1588,XAUUSD,sell,in,0.09,4656.67,1588,-0.32,0.0,0.0,8677.18,QQX 11 Late Sell B L1
2026-04-06 23:40:00,1589,XAUUSD,buy,out,0.09,4652.76,1589,-0.32,0.0,35.19,8712.05,
2026-04-07 22:00:00,1590,XAUUSD,buy,in,0.09,4662.32,1590,-0.32,0.0,0.0,8711.73,QQX 08 Late Buy A L1
2026-04-07 22:00:00,1591,XAUUSD,buy,in,0.09,4662.32,1591,-0.32,0.0,0.0,8711.41,QQX 09 Late Buy B L1
2026-04-07 22:03:00,1592,XAUUSD,sell,out,0.09,4666.26,1592,-0.32,0.0,35.46,8746.55,
2026-04-07 22:03:00,1593,XAUUSD,sell,out,0.09,4666.26,1593,-0.32,0.0,35.46,8781.69,
2026-04-07 22:04:00,1594,XAUUSD,buy,in,0.09,4666.32,1594,-0.32,0.0,0.0,8781.37,QQX 08 Late Buy A L1
2026-04-07 22:06:00,1595,XAUUSD,buy,in,0.09,4661.47,1595,-0.32,0.0,0.0,8781.05,QQX 08 Late Buy A L2
2026-04-07 22:06:00,1596,XAUUSD,buy,in,0.09,4661.47,1596,-0.32,0.0,0.0,8780.73,QQX 09 Late Buy B L1
2026-04-07 22:07:00,1597,XAUUSD,sell,out,0.09,4663.51,1597,-0.32,0.0,18.36,8798.77,
2026-04-07 22:11:00,1598,XAUUSD,sell,out,0.09,4666.23,1598,-0.32,0.0,42.84,8841.29,
2026-04-07 22:11:00,1599,XAUUSD,sell,out,0.09,4666.23,1599,-0.32,0.0,-0.81,8840.16,
2026-04-07 22:12:00,1600,XAUUSD,buy,in,0.09,4667.62,1600,-0.32,0.0,0.0,8839.84,QQX 08 Late Buy A L1
2026-04-07 22:12:00,1601,XAUUSD,buy,in,0.09,4667.62,1601,-0.32,0.0,0.0,8839.52,QQX 09 Late Buy B L1
2026-04-07 22:17:00,1602,XAUUSD,sell,out,0.09,4670.12,1602,-0.32,0.0,22.5,8861.7,
2026-04-07 22:17:00,1603,XAUUSD,sell,out,0.09,4670.12,1603,-0.32,0.0,22.5,8883.88,
2026-04-07 22:18:00,1604,XAUUSD,buy,in,0.09,4668.97,1604,-0.32,0.0,0.0,8883.56,QQX 09 Late Buy B L1
2026-04-07 22:19:00,1605,XAUUSD,sell,out,0.09,4681.18,1605,-0.32,0.0,109.89,8993.13,
2026-04-08 19:00:00,1606,XAUUSD,buy,in,0.09,4756.53,1606,-0.32,0.0,0.0,8992.81,QQX 06 NY Trend Buy L1
2026-04-08 19:01:00,1607,XAUUSD,sell,out,0.09,4758.67,1607,-0.32,0.0,19.26,9011.75,
2026-04-08 19:15:00,1608,XAUUSD,buy,in,0.09,4754.14,1608,-0.32,0.0,0.0,9011.43,QQX 06 NY Trend Buy L1
2026-04-08 19:17:00,1609,XAUUSD,buy,in,0.09,4750.59,1609,-0.32,0.0,0.0,9011.11,QQX 06 NY Trend Buy L2
2026-04-08 19:18:00,1610,XAUUSD,buy,in,0.09,4746.83,1610,-0.32,0.0,0.0,9010.79,QQX 06 NY Trend Buy L3
2026-04-08 19:22:00,1611,XAUUSD,sell,out,0.09,4751.8,1611,-0.32,0.0,44.73,9055.2,
2026-04-08 19:22:00,1612,XAUUSD,sell,out,0.09,4751.8,1612,-0.32,0.0,10.89,9065.77,
2026-04-08 19:22:00,1613,XAUUSD,sell,out,0.09,4751.8,1613,-0.32,0.0,-21.06,9044.39,
2026-04-08 19:30:00,1614,XAUUSD,buy,in,0.09,4750.08,1614,-0.32,0.0,0.0,9044.07,QQX 06 NY Trend Buy L1
2026-04-08 19:33:00,1615,XAUUSD,sell,out,0.09,4753.43,1615,-0.32,0.0,30.15,9073.9,
2026-04-08 19:45:00,1616,XAUUSD,buy,in,0.09,4758.82,1616,-0.32,0.0,0.0,9073.58,QQX 06 NY Trend Buy L1
2026-04-08 19:49:00,1617,XAUUSD,sell,out,0.09,4761.69,1617,-0.32,0.0,25.83,9099.09,
2026-04-08 20:00:00,1618,XAUUSD,buy,in,0.09,4760.65,1618,-0.32,0.0,0.0,9098.77,QQX 06 NY Trend Buy L1
2026-04-08 20:03:00,1619,XAUUSD,sell,out,0.09,4762.4,1619,-0.32,0.0,15.75,9114.2,
2026-04-08 20:15:00,1620,XAUUSD,buy,in,0.09,4760.98,1620,-0.32,0.0,0.0,9113.88,QQX 06 NY Trend Buy L1
2026-04-08 20:18:00,1621,XAUUSD,buy,in,0.09,4756.44,1621,-0.32,0.0,0.0,9113.56,QQX 06 NY Trend Buy L2
2026-04-08 20:22:00,1622,XAUUSD,buy,in,0.09,4753.17,1622,-0.32,0.0,0.0,9113.24,QQX 06 NY Trend Buy L3
2026-04-08 20:23:00,1623,XAUUSD,buy,in,0.09,4750.29,1623,-0.32,0.0,0.0,9112.92,QQX 06 NY Trend Buy L4
2026-04-08 20:27:00,1624,XAUUSD,buy,in,0.09,4747.23,1624,-0.32,0.0,0.0,9112.6,QQX 06 NY Trend Buy L5
2026-04-08 20:36:00,1625,XAUUSD,buy,in,0.09,4741.57,1625,-0.32,0.0,0.0,9112.28,QQX 06 NY Trend Buy L6
2026-04-08 20:40:00,1626,XAUUSD,buy,in,0.09,4737.07,1626,-0.32,0.0,0.0,9111.96,QQX 06 NY Trend Buy L7
2026-04-08 20:56:00,1627,XAUUSD,buy,in,0.09,4732.62,1627,-0.32,0.0,0.0,9111.64,QQX 06 NY Trend Buy L8
2026-04-09 14:40:00,1628,XAUUSD,sell,out,0.09,4748.95,1628,-0.32,-16.15,146.97,9242.14,
2026-04-09 14:40:00,1629,XAUUSD,sell,out,0.09,4748.95,1629,-0.32,-16.15,106.92,9332.59,
2026-04-09 14:40:00,1630,XAUUSD,sell,out,0.09,4748.95,1630,-0.32,-16.15,66.42,9382.54,
2026-04-09 14:40:00,1631,XAUUSD,sell,out,0.09,4748.95,1631,-0.32,-16.15,15.48,9381.55,
2026-04-09 14:40:00,1632,XAUUSD,sell,out,0.09,4748.95,1632,-0.32,-16.15,-12.06,9353.02,
2026-04-09 14:40:00,1633,XAUUSD,sell,out,0.09,4748.95,1633,-0.32,-16.15,-37.98,9298.57,
2026-04-09 14:40:00,1634,XAUUSD,sell,out,0.09,4748.95,1634,-0.32,-16.15,-67.41,9214.69,
2026-04-09 14:40:00,1635,XAUUSD,sell,out,0.09,4748.95,1635,-0.32,-16.15,-108.27,9089.95,
2026-04-09 22:00:00,1636,XAUUSD,buy,in,0.09,4772.23,1636,-0.32,0.0,0.0,9089.63,QQX 08 Late Buy A L1
2026-04-09 22:00:00,1637,XAUUSD,buy,in,0.09,4772.23,1637,-0.32,0.0,0.0,9089.31,QQX 09 Late Buy B L1
2026-04-09 22:03:00,1638,XAUUSD,sell,out,0.09,4775.13,1638,-0.32,0.0,26.1,9115.09,
2026-04-09 22:03:00,1639,XAUUSD,sell,out,0.09,4775.13,1639,-0.32,0.0,26.1,9140.87,
2026-04-09 22:04:00,1640,XAUUSD,buy,in,0.09,4775.36,1640,-0.32,0.0,0.0,9140.55,QQX 08 Late Buy A L1
2026-04-09 22:06:00,1641,XAUUSD,sell,out,0.09,4778.15,1641,-0.32,0.0,25.11,9165.34,
2026-04-09 22:06:00,1642,XAUUSD,buy,in,0.09,4778.26,1642,-0.32,0.0,0.0,9165.02,QQX 09 Late Buy B L1
2026-04-09 22:07:00,1643,XAUUSD,sell,out,0.09,4779.6,1643,-0.32,0.0,12.06,9176.76,
2026-04-09 22:08:00,1644,XAUUSD,buy,in,0.09,4780.79,1644,-0.32,0.0,0.0,9176.44,QQX 08 Late Buy A L1
2026-04-09 22:11:00,1645,XAUUSD,sell,out,0.09,4781.98,1645,-0.32,0.0,10.71,9186.83,
2026-04-09 22:12:00,1646,XAUUSD,buy,in,0.09,4780.84,1646,-0.32,0.0,0.0,9186.51,QQX 08 Late Buy A L1
2026-04-09 22:12:00,1647,XAUUSD,buy,in,0.09,4780.84,1647,-0.32,0.0,0.0,9186.19,QQX 09 Late Buy B L1
2026-04-09 22:17:00,1648,XAUUSD,buy,in,0.09,4778.02,1648,-0.32,0.0,0.0,9185.87,QQX 08 Late Buy A L2
2026-04-09 22:17:00,1649,XAUUSD,buy,in,0.09,4778.02,1649,-0.32,0.0,0.0,9185.55,QQX 09 Late Buy B L2
2026-04-09 22:19:00,1650,XAUUSD,buy,in,0.09,4774.76,1650,-0.32,0.0,0.0,9185.23,QQX 08 Late Buy A L3
2026-04-09 22:19:00,1651,XAUUSD,buy,in,0.09,4774.76,1651,-0.32,0.0,0.0,9184.91,QQX 09 Late Buy B L3
2026-04-09 22:35:00,1652,XAUUSD,buy,in,0.09,4771.81,1652,-0.32,0.0,0.0,9184.59,QQX 08 Late Buy A L4
2026-04-09 22:35:00,1653,XAUUSD,buy,in,0.09,4771.81,1653,-0.32,0.0,0.0,9184.27,QQX 09 Late Buy B L4
2026-04-09 22:56:00,1654,XAUUSD,buy,in,0.09,4768.65,1654,-0.32,0.0,0.0,9183.95,QQX 08 Late Buy A L5
2026-04-09 22:56:00,1655,XAUUSD,buy,in,0.09,4768.65,1655,-0.32,0.0,0.0,9183.63,QQX 09 Late Buy B L5
2026-04-09 23:37:00,1656,XAUUSD,buy,in,0.09,4764.57,1656,-0.32,0.0,0.0,9183.31,QQX 08 Late Buy A L6
2026-04-09 23:37:00,1657,XAUUSD,buy,in,0.09,4764.57,1657,-0.32,0.0,0.0,9182.99,QQX 09 Late Buy B L6
2026-04-09 23:43:00,1658,XAUUSD,buy,in,0.09,4762.0,1658,-0.32,0.0,0.0,9182.67,QQX 08 Late Buy A L7
2026-04-09 23:43:00,1659,XAUUSD,buy,in,0.09,4762.0,1659,-0.32,0.0,0.0,9182.35,QQX 09 Late Buy B L7
2026-04-10 01:03:00,1660,XAUUSD,sell,out,0.09,4773.07,1660,-0.32,-5.38,99.63,9276.28,
2026-04-10 01:03:00,1661,XAUUSD,sell,out,0.09,4773.07,1661,-0.32,-5.38,76.5,9347.08,
2026-04-10 01:03:00,1662,XAUUSD,sell,out,0.09,4773.07,1662,-0.32,-5.38,39.78,9381.16,
2026-04-10 01:03:00,1663,XAUUSD,sell,out,0.09,4773.07,1663,-0.32,-5.38,11.34,9386.8,
2026-04-10 01:03:00,1664,XAUUSD,sell,out,0.09,4773.07,1664,-0.32,-5.38,-15.21,9365.89,
2026-04-10 01:03:00,1665,XAUUSD,sell,out,0.09,4773.07,1665,-0.32,-5.38,-44.55,9315.64,
2026-04-10 01:03:00,1666,XAUUSD,sell,out,0.09,4773.07,1666,-0.32,-5.38,-69.93,9240.01,
2026-04-10 01:03:00,1667,XAUUSD,sell,out,0.09,4773.07,1667,-0.32,-5.38,99.63,9333.94,
2026-04-10 01:03:00,1668,XAUUSD,sell,out,0.09,4773.07,1668,-0.32,-5.38,76.5,9404.74,
2026-04-10 01:03:00,1669,XAUUSD,sell,out,0.09,4773.07,1669,-0.32,-5.38,39.78,9438.82,
2026-04-10 01:03:00,1670,XAUUSD,sell,out,0.09,4773.07,1670,-0.32,-5.38,11.34,9444.46,
2026-04-10 01:03:00,1671,XAUUSD,sell,out,0.09,4773.07,1671,-0.32,-5.38,-15.21,9423.55,
2026-04-10 01:03:00,1672,XAUUSD,sell,out,0.09,4773.07,1672,-0.32,-5.38,-44.55,9373.3,
2026-04-10 01:03:00,1673,XAUUSD,sell,out,0.09,4773.07,1673,-0.32,-5.38,-69.93,9297.67,
2026-04-10 03:00:00,1674,XAUUSD,buy,in,0.09,4763.7,1674,-0.32,0.0,0.0,9297.35,QQX 01 Asia Momentum Buy L1
2026-04-10 03:01:00,1675,XAUUSD,buy,in,0.09,4756.94,1675,-0.32,0.0,0.0,9297.03,QQX 01 Asia Momentum Buy L2
2026-04-10 03:07:00,1676,XAUUSD,buy,in,0.09,4753.3,1676,-0.32,0.0,0.0,9296.71,QQX 01 Asia Momentum Buy L3
2026-04-10 03:36:00,1677,XAUUSD,sell,out,0.09,4760.06,1677,-0.32,0.0,60.84,9357.23,
2026-04-10 03:36:00,1678,XAUUSD,sell,out,0.09,4760.06,1678,-0.32,0.0,28.08,9384.99,
2026-04-10 03:36:00,1679,XAUUSD,sell,out,0.09,4760.06,1679,-0.32,0.0,-32.76,9351.91,
2026-04-10 03:45:00,1680,XAUUSD,buy,in,0.09,4755.77,1680,-0.32,0.0,0.0,9351.59,QQX 01 Asia Momentum Buy L1
2026-04-10 03:51:00,1681,XAUUSD,sell,out,0.09,4757.89,1681,-0.32,0.0,19.08,9370.35,
2026-04-10 04:00:00,1682,XAUUSD,buy,in,0.09,4763.17,1682,-0.32,0.0,0.0,9370.03,QQX 01 Asia Momentum Buy L1
2026-04-10 04:01:00,1683,XAUUSD,sell,out,0.09,4765.7,1683,-0.32,0.0,22.77,9392.48,
2026-04-10 04:15:00,1684,XAUUSD,buy,in,0.09,4760.83,1684,-0.32,0.0,0.0,9392.16,QQX 01 Asia Momentum Buy L1
2026-04-10 04:19:00,1685,XAUUSD,sell,out,0.09,4764.99,1685,-0.32,0.0,37.44,9429.28,
2026-04-10 04:30:00,1686,XAUUSD,buy,in,0.09,4762.68,1686,-0.32,0.0,0.0,9428.96,QQX 01 Asia Momentum Buy L1
2026-04-10 04:33:00,1687,XAUUSD,sell,out,0.09,4764.72,1687,-0.32,0.0,18.36,9447.0,
2026-04-10 19:00:00,1688,XAUUSD,buy,in,0.09,4762.48,1688,-0.32,0.0,0.0,9446.68,QQX 06 NY Trend Buy L1
2026-04-10 19:02:00,1689,XAUUSD,buy,in,0.09,4757.33,1689,-0.32,0.0,0.0,9446.36,QQX 06 NY Trend Buy L2
2026-04-10 19:05:00,1690,XAUUSD,buy,in,0.09,4754.01,1690,-0.32,0.0,0.0,9446.04,QQX 06 NY Trend Buy L3
2026-04-10 19:07:00,1691,XAUUSD,buy,in,0.09,4749.46,1691,-0.32,0.0,0.0,9445.72,QQX 06 NY Trend Buy L4
2026-04-10 19:11:00,1692,XAUUSD,sell,out,0.09,4759.36,1692,-0.32,0.0,89.1,9534.5,
2026-04-10 19:11:00,1693,XAUUSD,sell,out,0.09,4759.36,1693,-0.32,0.0,48.15,9582.33,
2026-04-10 19:11:00,1694,XAUUSD,sell,out,0.09,4759.36,1694,-0.32,0.0,18.27,9600.28,
2026-04-10 19:11:00,1695,XAUUSD,sell,out,0.09,4759.36,1695,-0.32,0.0,-28.08,9571.88,
2026-04-10 19:15:00,1696,XAUUSD,buy,in,0.1,4763.31,1696,-0.35,0.0,0.0,9571.53,QQX 06 NY Trend Buy L1
2026-04-10 19:21:00,1697,XAUUSD,buy,in,0.1,4757.24,1697,-0.35,0.0,0.0,9571.18,QQX 06 NY Trend Buy L2
2026-04-10 19:32:00,1698,XAUUSD,sell,out,0.1,4762.18,1698,-0.35,0.0,49.4,9620.23,
2026-04-10 19:32:00,1699,XAUUSD,sell,out,0.1,4762.18,1699,-0.35,0.0,-11.3,9608.58,
2026-04-10 19:45:00,1700,XAUUSD,buy,in,0.1,4757.2,1700,-0.35,0.0,0.0,9608.23,QQX 06 NY Trend Buy L1
2026-04-10 19:46:00,1701,XAUUSD,sell,out,0.1,4758.71,1701,-0.35,0.0,15.1,9622.98,
2026-04-10 20:00:00,1702,XAUUSD,buy,in,0.1,4764.02,1702,-0.35,0.0,0.0,9622.63,QQX 06 NY Trend Buy L1
2026-04-10 20:03:00,1703,XAUUSD,buy,in,0.1,4760.87,1703,-0.35,0.0,0.0,9622.28,QQX 06 NY Trend Buy L2
2026-04-10 20:13:00,1704,XAUUSD,sell,out,0.1,4764.45,1704,-0.35,0.0,35.8,9657.73,
2026-04-10 20:13:00,1705,XAUUSD,sell,out,0.1,4764.45,1705,-0.35,0.0,4.3,9661.68,
2026-04-10 20:15:00,1706,XAUUSD,buy,in,0.1,4764.76,1706,-0.35,0.0,0.0,9661.33,QQX 06 NY Trend Buy L1
2026-04-10 20:18:00,1707,XAUUSD,sell,out,0.1,4767.18,1707,-0.35,0.0,24.2,9685.18,
2026-04-10 20:30:00,1708,XAUUSD,buy,in,0.1,4763.11,1708,-0.35,0.0,0.0,9684.83,QQX 06 NY Trend Buy L1
2026-04-10 20:33:00,1709,XAUUSD,sell,out,0.1,4764.75,1709,-0.35,0.0,16.4,9700.88,
2026-04-10 20:45:00,1710,XAUUSD,buy,in,0.1,4759.14,1710,-0.35,0.0,0.0,9700.53,QQX 06 NY Trend Buy L1
2026-04-10 20:46:00,1711,XAUUSD,sell,out,0.1,4760.97,1711,-0.35,0.0,18.3,9718.48,
2026-04-10 22:28:00,1712,XAUUSD,buy,in,0.1,4765.25,1712,-0.35,0.0,0.0,9718.13,QQX 08 Late Buy A L1
2026-04-10 22:30:00,1713,XAUUSD,buy,in,0.1,4763.73,1713,-0.35,0.0,0.0,9717.78,QQX 09 Late Buy B L1
2026-04-10 22:31:00,1714,XAUUSD,buy,in,0.1,4761.95,1714,-0.35,0.0,0.0,9717.43,QQX 08 Late Buy A L2
2026-04-10 22:34:00,1715,XAUUSD,sell,out,0.1,4765.1,1715,-0.35,0.0,31.5,9748.58,
2026-04-10 22:34:00,1716,XAUUSD,sell,out,0.1,4765.1,1716,-0.35,0.0,-1.5,9746.73,
2026-04-10 22:34:00,1717,XAUUSD,sell,out,0.1,4765.1,1717,-0.35,0.0,13.7,9760.08,
2026-04-10 22:36:00,1718,XAUUSD,buy,in,0.1,4763.94,1718,-0.35,0.0,0.0,9759.73,QQX 09 Late Buy B L1
2026-04-10 22:42:56,1719,XAUUSD,buy,in,0.1,4761.58,1719,-0.35,0.0,0.0,9759.38,QQX 09 Late Buy B L2
2026-04-10 22:45:00,1720,XAUUSD,sell,out,0.1,4763.81,1720,-0.35,0.0,22.3,9781.33,
2026-04-10 22:45:00,1721,XAUUSD,sell,out,0.1,4763.81,1721,-0.35,0.0,-1.3,9779.68,
2026-04-13 22:08:00,1722,XAUUSD,buy,in,0.1,4731.35,1722,-0.35,0.0,0.0,9779.33,QQX 08 Late Buy A L1
2026-04-13 22:09:00,1723,XAUUSD,sell,out,0.1,4732.75,1723,-0.35,0.0,14.0,9792.98,
2026-04-13 22:12:00,1724,XAUUSD,buy,in,0.1,4733.65,1724,-0.35,0.0,0.0,9792.63,QQX 08 Late Buy A L1
2026-04-13 22:12:00,1725,XAUUSD,buy,in,0.1,4733.65,1725,-0.35,0.0,0.0,9792.28,QQX 09 Late Buy B L1
2026-04-13 22:15:00,1726,XAUUSD,sell,out,0.1,4734.92,1726,-0.35,0.0,12.7,9804.63,
2026-04-13 22:15:00,1727,XAUUSD,sell,out,0.1,4734.92,1727,-0.35,0.0,12.7,9816.98,
2026-04-13 23:28:00,1728,XAUUSD,buy,in,0.1,4739.81,1728,-0.35,0.0,0.0,9816.63,QQX 08 Late Buy A L1
2026-04-13 23:42:00,1729,XAUUSD,buy,in,0.1,4739.64,1729,-0.35,0.0,0.0,9816.28,QQX 09 Late Buy B L1
2026-04-13 23:46:00,1730,XAUUSD,sell,out,0.1,4740.74,1730,-0.35,0.0,11.0,9826.93,
2026-04-13 23:58:00,1731,XAUUSD,sell,out,0.1,4741.04,1731,-0.35,0.0,12.3,9838.88,
2026-04-14 23:28:00,1732,XAUUSD,buy,in,0.1,4840.37,1732,-0.35,0.0,0.0,9838.53,QQX 08 Late Buy A L1
2026-04-14 23:43:00,1733,XAUUSD,sell,out,0.1,4842.5,1733,-0.35,0.0,21.3,9859.48,
2026-04-15 03:45:00,1734,XAUUSD,buy,in,0.1,4830.29,1734,-0.35,0.0,0.0,9859.13,QQX 01 Asia Momentum Buy L1
2026-04-15 03:56:00,1735,XAUUSD,sell,out,0.1,4832.78,1735,-0.35,0.0,24.9,9883.68,
2026-04-15 19:00:00,1736,XAUUSD,buy,in,0.1,4801.74,1736,-0.35,0.0,0.0,9883.33,QQX 06 NY Trend Buy L1
2026-04-15 19:03:00,1737,XAUUSD,sell,out,0.1,4804.7,1737,-0.35,0.0,29.6,9912.58,
2026-04-16 04:45:00,1738,XAUUSD,buy,in,0.1,4816.02,1738,-0.35,0.0,0.0,9912.23,QQX 01 Asia Momentum Buy L1
2026-04-16 04:46:00,1739,XAUUSD,sell,out,0.1,4818.62,1739,-0.35,0.0,26.0,9937.88,
2026-04-16 23:00:00,1740,XAUUSD,sell,in,0.1,4793.66,1740,-0.35,0.0,0.0,9937.53,QQX 11 Late Sell B L1
2026-04-16 23:06:00,1741,XAUUSD,buy,out,0.1,4791.15,1741,-0.35,0.0,25.1,9962.28,
2026-04-17 22:00:00,1742,XAUUSD,buy,in,0.1,4858.22,1742,-0.35,0.0,0.0,9961.93,QQX 08 Late Buy A L1
2026-04-17 22:00:00,1743,XAUUSD,buy,in,0.1,4858.22,1743,-0.35,0.0,0.0,9961.58,QQX 09 Late Buy B L1
2026-04-17 22:10:00,1744,XAUUSD,buy,in,0.1,4854.95,1744,-0.35,0.0,0.0,9961.23,QQX 08 Late Buy A L2
2026-04-17 22:10:00,1745,XAUUSD,buy,in,0.1,4854.95,1745,-0.35,0.0,0.0,9960.88,QQX 09 Late Buy B L2
2026-04-17 22:34:00,1746,XAUUSD,sell,out,0.1,4858.22,1746,-0.35,0.0,32.7,9993.23,
2026-04-17 22:34:00,1747,XAUUSD,sell,out,0.1,4858.22,1747,-0.35,0.0,0.0,9992.88,
2026-04-17 22:34:00,1748,XAUUSD,sell,out,0.1,4858.22,1748,-0.35,0.0,32.7,10025.23,
2026-04-17 22:34:00,1749,XAUUSD,sell,out,0.1,4858.22,1749,-0.35,0.0,0.0,10024.88,
2026-04-17 22:36:00,1750,XAUUSD,buy,in,0.1,4857.59,1750,-0.35,0.0,0.0,10024.53,QQX 08 Late Buy A L1
2026-04-17 22:36:00,1751,XAUUSD,buy,in,0.1,4857.59,1751,-0.35,0.0,0.0,10024.18,QQX 09 Late Buy B L1
2026-04-17 22:38:00,1752,XAUUSD,sell,out,0.1,4859.29,1752,-0.35,0.0,17.0,10040.83,
2026-04-17 22:38:00,1753,XAUUSD,sell,out,0.1,4859.29,1753,-0.35,0.0,17.0,10057.48,
2026-04-17 22:40:00,1754,XAUUSD,buy,in,0.1,4860.04,1754,-0.35,0.0,0.0,10057.13,QQX 08 Late Buy A L1
2026-04-17 22:42:00,1755,XAUUSD,buy,in,0.1,4860.17,1755,-0.35,0.0,0.0,10056.78,QQX 09 Late Buy B L1
2026-04-17 22:52:00,1756,XAUUSD,buy,in,0.1,4857.4,1756,-0.35,0.0,0.0,10056.43,QQX 08 Late Buy A L2
2026-04-17 22:52:00,1757,XAUUSD,buy,in,0.1,4857.4,1757,-0.35,0.0,0.0,10056.08,QQX 09 Late Buy B L2
2026-04-17 22:54:00,1758,XAUUSD,buy,in,0.1,4855.11,1758,-0.35,0.0,0.0,10055.73,QQX 08 Late Buy A L3
2026-04-17 22:56:00,1759,XAUUSD,buy,in,0.1,4854.43,1759,-0.35,0.0,0.0,10055.38,QQX 09 Late Buy B L3
2026-04-17 23:04:00,1760,XAUUSD,buy,in,0.1,4850.11,1760,-0.35,0.0,0.0,10055.03,QQX 08 Late Buy A L4
2026-04-17 23:04:00,1761,XAUUSD,buy,in,0.1,4850.11,1761,-0.35,0.0,0.0,10054.68,QQX 09 Late Buy B L4
2026-04-17 23:06:00,1762,XAUUSD,buy,in,0.1,4846.21,1762,-0.35,0.0,0.0,10054.33,QQX 08 Late Buy A L5
2026-04-17 23:06:00,1763,XAUUSD,buy,in,0.1,4846.21,1763,-0.35,0.0,0.0,10053.98,QQX 09 Late Buy B L5
2026-04-17 23:37:00,1764,XAUUSD,buy,in,0.1,4842.91,1764,-0.35,0.0,0.0,10053.63,QQX 08 Late Buy A L6
2026-04-17 23:37:00,1765,XAUUSD,buy,in,0.1,4842.91,1765,-0.35,0.0,0.0,10053.28,QQX 09 Late Buy B L6
2026-04-17 23:42:00,1766,XAUUSD,buy,in,0.1,4837.8,1766,-0.35,0.0,0.0,10052.93,QQX 08 Late Buy A L7
2026-04-17 23:42:00,1767,XAUUSD,buy,in,0.1,4837.8,1767,-0.35,0.0,0.0,10052.58,QQX 09 Late Buy B L7
2026-04-17 23:50:00,1768,XAUUSD,buy,in,0.1,4833.78,1768,-0.35,0.0,0.0,10052.23,QQX 08 Late Buy A L8
2026-04-17 23:53:00,1769,XAUUSD,buy,in,0.1,4834.2,1772,-0.35,0.0,0.0,10051.88,QQX 09 Late Buy B L8
2026-04-20 01:00:02,1770,XAUUSD,sell,out,0.1,4774.62,1773,-0.35,-5.98,-854.2,9191.35,so -22.83%
2026-04-20 01:00:02,1771,XAUUSD,sell,out,0.1,4774.62,1774,-0.35,-5.98,-827.8,8357.22,so -22.83%
2026-04-20 01:00:02,1772,XAUUSD,sell,out,0.1,4774.62,1775,-0.35,-5.98,-804.9,7545.99,so -22.83%
2026-04-20 01:00:02,1773,XAUUSD,sell,out,0.1,4774.62,1776,-0.35,-5.98,-754.9,6784.76,so -22.83%
2026-04-20 01:00:02,1774,XAUUSD,sell,out,0.1,4774.62,1777,-0.35,-5.98,-715.9,6062.53,so -22.83%
2026-04-20 01:00:02,1775,XAUUSD,sell,out,0.1,4774.62,1778,-0.35,-5.98,-682.9,5373.3,so -22.83%
2026-04-20 01:00:02,1776,XAUUSD,sell,out,0.1,4774.62,1779,-0.35,-5.98,-631.8,4735.17,so -22.83%
2026-04-20 01:00:02,1777,XAUUSD,sell,out,0.1,4774.62,1780,-0.35,-5.98,-591.6,4137.24,so -22.83%
2026-04-20 01:00:02,1778,XAUUSD,sell,out,0.1,4774.62,1781,-0.35,-5.98,-595.8,3535.11,end of test
2026-04-20 01:00:02,1779,XAUUSD,sell,out,0.1,4774.62,1782,-0.35,-5.98,-631.8,2896.98,end of test
2026-04-20 01:00:02,1780,XAUUSD,sell,out,0.1,4774.62,1783,-0.35,-5.98,-682.9,2207.75,end of test
2026-04-20 01:00:02,1781,XAUUSD,sell,out,0.1,4774.62,1784,-0.35,-5.98,-715.9,1485.52,end of test
2026-04-20 01:00:02,1782,XAUUSD,sell,out,0.1,4774.62,1785,-0.35,-5.98,-754.9,724.29,end of test
2026-04-20 01:00:02,1783,XAUUSD,sell,out,0.1,4774.62,1786,-0.35,-5.98,-798.1,-80.14,end of test
2026-04-20 01:00:02,1784,XAUUSD,sell,out,0.1,4774.62,1787,-0.35,-5.98,-827.8,-914.27,end of test
2026-04-20 01:00:02,1785,XAUUSD,sell,out,0.1,4774.62,1788,-0.35,-5.98,-855.5,-1776.1,end of test
