Time;Type;Volume;Symbol;Price;Volume;Time;Price;Commission;Swap;Profit
2026.08.11 09:48:00;Sell;0.02;XAUUSD;4366.17;0.02;2026.08.11 09:54:00;4362.94;-0.14;;6.46
2026.08.11 09:40:00;Sell;0.02;XAUUSD;4368.09;0.02;2026.08.11 09:45:00;4364.07;-0.14;;8.04
2026.08.11 09:37:00;Sell;0.02;XAUUSD;4365.4;0.02;2026.08.11 09:45:00;4365.09;-0.14;;0.62
2026.08.11 09:36:00;Sell;0.02;XAUUSD;4362.11;0.02;2026.08.11 09:45:00;4364.15;-0.14;;-4.08
2026.08.11 03:41:00;Buy;0.02;XAUUSD;4409.04;0.02;2026.08.11 03:45:00;4414.44;-0.14;;10.8
2026.08.11 03:39:00;Buy;0.02;XAUUSD;4410.86;0.02;2026.08.11 03:45:00;4414.19;-0.14;;6.66
2026.08.11 03:33:00;Buy;0.02;XAUUSD;4412.6;0.02;2026.08.11 03:45:00;4413.78;-0.14;;2.36
2026.08.11 03:30:00;Buy;0.02;XAUUSD;4414.2;0.02;2026.08.11 03:45:00;4414.19;-0.14;;-0.02
2026.08.11 03:15:00;Buy;0.02;XAUUSD;4405.46;0.02;2026.08.11 03:17:00;4407.45;-0.14;;3.98
2026.08.11 03:03:00;Buy;0.02;XAUUSD;4398.01;0.02;2026.08.11 03:04:00;4402.26;-0.14;;8.5
2026.08.11 03:02:00;Buy;0.02;XAUUSD;4399.88;0.02;2026.08.11 03:04:00;4402.3;-0.14;;4.84
2026.08.11 03:00:00;Buy;0.02;XAUUSD;4402.55;0.02;2026.08.11 03:04:00;4402.32;-0.14;;-0.46
2026.08.10 23:48:00;Buy;0.02;XAUUSD;4389.67;0.02;2026.08.11 01:07:00;4390.48;-0.14;-1.17;1.62
2026.08.10 22:50:00;Buy;0.02;XAUUSD;4393.99;0.02;2026.08.10 23:42:09;4391.09;-0.14;;-5.8
2026.08.10 22:56:00;Buy;0.02;XAUUSD;4390.27;0.02;2026.08.10 23:42:07;4391.09;-0.14;;1.6400000000000001
2026.08.10 23:08:00;Buy;0.02;XAUUSD;4387.06;0.02;2026.08.10 23:42:03;4391.09;-0.14;;8.06
2026.08.10 22:35:00;Buy;0.02;XAUUSD;4387.34;0.02;2026.08.10 22:49:00;4393.71;-0.14;;12.74
2026.08.10 22:30:00;Buy;0.02;XAUUSD;4391.08;0.02;2026.08.10 22:49:00;4393.94;-0.14;;5.72
2026.08.10 22:30:00;Buy;0.02;XAUUSD;4391.45;0.02;2026.08.10 22:31:00;4392.71;-0.14;;2.52
2026.08.10 22:30:00;Buy;0.02;XAUUSD;4390.94;0.02;2026.08.10 22:31:00;4392.87;-0.14;;3.86
2026.08.10 22:24:00;Buy;0.02;XAUUSD;4385.18;0.02;2026.08.10 22:25:00;4386.69;-0.14;;3.02
2026.08.10 22:06:00;Buy;0.02;XAUUSD;4382.47;0.02;2026.08.10 22:21:00;4383.45;-0.14;;1.96
2026.08.10 22:00:00;Buy;0.02;XAUUSD;4378.85;0.02;2026.08.10 22:01:00;4379.3;-0.14;;0.9
2026.08.06 03:45:00;Buy;0.02;XAUUSD;4286.92;0.02;2026.08.06 03:46:00;4290.67;-0.14;;7.5
2026.08.06 03:30:00;Buy;0.02;XAUUSD;4274.17;0.02;2026.08.06 03:31:00;4275.51;-0.14;;2.68
2026.08.06 03:15:00;Buy;0.02;XAUUSD;4271.16;0.02;2026.08.06 03:16:00;4272.74;-0.14;;3.16
2026.08.06 03:02:00;Buy;0.02;XAUUSD;4265.35;0.02;2026.08.06 03:09:00;4276.99;-0.14;;23.28
2026.08.06 03:01:00;Buy;0.02;XAUUSD;4272.1;0.02;2026.08.06 03:09:00;4276.79;-0.14;;9.38
2026.08.06 03:00:00;Buy;0.02;XAUUSD;4278.23;0.02;2026.08.06 03:09:00;4276.99;-0.14;;-2.48
2026.08.05 22:38:00;Buy;0.02;XAUUSD;4249.28;0.02;2026.08.05 22:41:00;4252.86;-0.14;;7.16
2026.08.05 22:32:00;Buy;0.02;XAUUSD;4250.74;0.02;2026.08.05 22:41:00;4252.69;-0.14;;3.9
2026.08.05 22:30:00;Buy;0.02;XAUUSD;4253.47;0.02;2026.08.05 22:41:00;4252.71;-0.14;;-1.52
2026.08.05 19:15:00;Buy;0.01;XAUUSD;4234.71;0.01;2026.08.05 19:17:00;4235.53;-0.08;;0.82
2026.08.04 01:07:00;Buy;0.02;XAUUSD;4049.52;0.02;2026.08.04 02:07:00;4053.66;-0.14;;8.28
2026.08.04 01:04:00;Buy;0.02;XAUUSD;4051.42;0.02;2026.08.04 02:07:00;4053.63;-0.14;;4.42
2026.08.04 01:02:00;Buy;0.02;XAUUSD;4052.68;0.02;2026.08.04 02:07:00;4053.63;-0.14;;1.9
2026.08.03 23:53:00;Buy;0.02;XAUUSD;4055.03;0.02;2026.08.04 02:07:00;4053.67;-0.14;-1.09;-2.7199999999999998
2026.08.03 23:42:00;Buy;0.02;XAUUSD;4057.71;0.02;2026.08.04 02:07:00;4053.8;-0.14;-1.09;-7.82
2026.08.03 23:36:00;Buy;0.02;XAUUSD;4057.29;0.02;2026.08.03 23:38:00;4057.61;-0.14;;0.64
2026.08.03 23:30:00;Buy;0.02;XAUUSD;4054.63;0.02;2026.08.03 23:31:00;4054.94;-0.14;;0.62
2026.08.03 23:01:00;Buy;0.02;XAUUSD;4050.55;0.02;2026.08.03 23:25:00;4054.08;-0.14;;7.06
2026.08.03 22:56:00;Buy;0.02;XAUUSD;4052.86;0.02;2026.08.03 23:25:00;4054.1;-0.14;;2.48
2026.08.03 22:54:00;Buy;0.02;XAUUSD;4054.75;0.02;2026.08.03 23:25:00;4054.09;-0.14;;-1.32
2026.08.03 22:43:00;Buy;0.02;XAUUSD;4053.38;0.02;2026.08.03 22:48:00;4055.13;-0.14;;3.5
2026.08.03 22:36:00;Buy;0.02;XAUUSD;4054.7;0.02;2026.08.03 22:48:00;4054.68;-0.14;;-0.04
2026.08.03 22:30:00;Buy;0.02;XAUUSD;4053.28;0.02;2026.08.03 22:31:00;4055.18;-0.14;;3.8
2026.08.03 22:24:00;Buy;0.02;XAUUSD;4052.66;0.02;2026.08.03 22:26:00;4053.18;-0.14;;1.04
2026.08.03 22:18:00;Buy;0.02;XAUUSD;4048.6;0.02;2026.08.03 22:21:00;4049.41;-0.14;;1.62
2026.08.03 03:26:00;Buy;0.02;XAUUSD;4064.5;0.02;2026.08.03 03:31:00;4068.67;-0.14;;8.34
2026.08.03 03:25:00;Buy;0.02;XAUUSD;4066.82;0.02;2026.08.03 03:31:00;4069.49;-0.14;;5.34
2026.08.03 03:21:00;Buy;0.02;XAUUSD;4068.9;0.02;2026.08.03 03:31:00;4069.05;-0.14;;0.3
2026.08.03 03:19:00;Buy;0.02;XAUUSD;4070.57;0.02;2026.08.03 03:31:00;4069.49;-0.14;;-2.16
2026.08.03 03:15:00;Buy;0.02;XAUUSD;4072.11;0.02;2026.08.03 03:31:00;4069.06;-0.14;;-6.1
2026.08.03 03:00:00;Buy;0.02;XAUUSD;4075.09;0.02;2026.08.03 03:01:00;4077.89;-0.14;;5.6
2026.07.30 05:15:22;Balance;;;;;;;;;-7083
2026.07.29 23:00:00;Buy;0.15;XAUUSD;4045.81;0.15;2026.07.29 23:44:00;4067.14;-1.06;;319.95
2026.07.29 22:59:00;Buy;0.11;XAUUSD;4048.17;0.11;2026.07.29 23:44:00;4067.14;-0.78;;208.67
2026.07.29 22:57:00;Buy;0.11;XAUUSD;4053.68;0.11;2026.07.29 23:44:00;4067.14;-0.78;;148.06
2026.07.29 22:56:00;Buy;0.11;XAUUSD;4057.08;0.11;2026.07.29 23:44:00;4067.14;-0.78;;110.66
2026.07.29 22:55:00;Buy;0.07;XAUUSD;4061.31;0.07;2026.07.29 23:44:00;4067.09;-0.5;;40.46
2026.07.29 22:54:00;Buy;0.07;XAUUSD;4065.06;0.07;2026.07.29 23:44:00;4067.05;-0.5;;13.93
2026.07.29 22:46:00;Buy;0.07;XAUUSD;4067.89;0.07;2026.07.29 23:44:00;4067.05;-0.5;;-5.88
2026.07.29 22:34:00;Buy;0.07;XAUUSD;4069.57;0.07;2026.07.29 23:44:00;4067.05;-0.5;;-17.64
2026.07.29 22:33:00;Buy;0.04;XAUUSD;4081.6;0.04;2026.07.29 23:44:00;4066.97;-0.28;;-58.52
2026.07.29 22:26:00;Buy;0.04;XAUUSD;4084.72;0.04;2026.07.29 23:44:00;4066.97;-0.28;;-71
2026.07.29 22:24:00;Buy;0.04;XAUUSD;4086.85;0.04;2026.07.29 23:44:00;4067.07;-0.28;;-79.12
2026.07.29 22:23:00;Buy;0.04;XAUUSD;4088.36;0.04;2026.07.29 23:44:00;4067.07;-0.28;;-85.16
2026.07.29 22:22:00;Buy;0.04;XAUUSD;4091.45;0.04;2026.07.29 23:44:00;4067.07;-0.28;;-97.52
2026.07.29 22:21:00;Buy;0.04;XAUUSD;4095;0.04;2026.07.29 23:44:00;4067.1;-0.28;;-111.6
2026.07.29 22:20:00;Buy;0.04;XAUUSD;4099.03;0.04;2026.07.29 23:44:00;4067.1;-0.28;;-127.72
2026.07.29 22:18:00;Buy;0.04;XAUUSD;4100.39;0.04;2026.07.29 23:44:00;4067.1;-0.28;;-133.16
2026.07.29 22:59:26;Balance;;;;;;;;;2000
2026.07.29 22:55:23;Balance;;;;;;;;;2000
2026.07.29 22:33:55;Balance;;;;;;;;;2000
2026.07.29 22:30:00;Buy;0.04;XAUUSD;4084.23;0.04;2026.07.29 22:30:00;4085.1;-0.28;;3.48
2026.07.29 22:15:00;Buy;0.04;XAUUSD;4099.86;0.04;2026.07.29 22:16:00;4103.34;-0.28;;13.92
2026.07.29 22:06:00;Buy;0.04;XAUUSD;4100.42;0.04;2026.07.29 22:07:00;4102.8;-0.28;;9.52
2026.07.29 22:00:00;Buy;0.04;XAUUSD;4107.66;0.04;2026.07.29 22:02:00;4114.48;-0.28;;27.28
2026.07.29 22:00:01;Buy;0.04;XAUUSD;4105.87;0.04;2026.07.29 22:01:00;4107.12;-0.28;;5
2026.07.27 03:45:00;Buy;0.04;XAUUSD;4100.52;0.04;2026.07.27 03:46:00;4102.63;-0.28;;8.44
2026.07.27 03:30:00;Buy;0.04;XAUUSD;4094.56;0.04;2026.07.27 03:31:00;4095.04;-0.28;;1.92
2026.07.21 23:21:00;Buy;0.04;XAUUSD;4083.07;0.04;2026.07.21 23:31:00;4083.86;-0.28;;3.16
2026.07.21 23:12:00;Buy;0.04;XAUUSD;4084.7;0.04;2026.07.21 23:31:00;4083.71;-0.28;;-3.96
2026.07.21 23:00:00;Buy;0.04;XAUUSD;4085.16;0.04;2026.07.21 23:07:00;4085.56;-0.28;;1.6
2026.07.21 22:45:00;Buy;0.04;XAUUSD;4083.53;0.04;2026.07.21 22:48:00;4084.36;-0.28;;3.32
2026.07.21 22:36:00;Buy;0.04;XAUUSD;4083.12;0.04;2026.07.21 22:42:00;4084.36;-0.28;;4.96
2026.07.21 22:30:00;Buy;0.04;XAUUSD;4084.63;0.04;2026.07.21 22:42:00;4084;-0.28;;-2.52
2026.07.21 22:24:00;Buy;0.04;XAUUSD;4083.89;0.04;2026.07.21 22:26:00;4084.33;-0.28;;1.76
2026.07.21 22:18:00;Buy;0.04;XAUUSD;4082.44;0.04;2026.07.21 22:19:00;4083.4;-0.28;;3.84
2026.07.21 22:15:00;Buy;0.04;XAUUSD;4080.9;0.04;2026.07.21 22:16:00;4081.97;-0.28;;4.28
2026.07.21 22:12:00;Buy;0.04;XAUUSD;4080.98;0.04;2026.07.21 22:13:00;4081.26;-0.28;;1.12
2026.07.21 22:06:00;Buy;0.04;XAUUSD;4083.83;0.04;2026.07.21 22:07:00;4084.62;-0.28;;3.16
2026.07.21 22:00:00;Buy;0.04;XAUUSD;4083.03;0.04;2026.07.21 22:03:00;4084.84;-0.28;;7.24
2026.07.21 16:46:00;Buy;0.03;XAUUSD;4046.09;0.03;2026.07.21 17:14:01;4064.15;-0.22;;54.18
2026.07.21 16:29:00;Buy;0.03;XAUUSD;4051.39;0.03;2026.07.21 17:14:01;4064.05;-0.22;;37.98
2026.07.21 14:05:00;Buy;0.03;XAUUSD;4057.05;0.03;2026.07.21 17:14:01;4064.35;-0.22;;21.9
2026.07.21 11:27:00;Buy;0.03;XAUUSD;4063.52;0.03;2026.07.21 17:14:01;4063.97;-0.22;;1.35
2026.07.21 10:31:00;Buy;0.03;XAUUSD;4068.86;0.03;2026.07.21 17:14:00;4063.96;-0.22;;-14.7
2026.07.21 10:12:00;Buy;0.03;XAUUSD;4073.46;0.03;2026.07.21 17:14:00;4064.41;-0.22;;-27.15
2026.07.21 10:00:00;Buy;0.03;XAUUSD;4079.39;0.03;2026.07.21 17:14:00;4065.55;-0.22;;-41.52
2026.07.17 01:04:00;Sell;0.03;XAUUSD;3979.93;0.03;2026.07.17 01:12:00;3976.68;-0.22;;9.75
2026.07.16 23:40:00;Sell;0.03;XAUUSD;3974.72;0.03;2026.07.17 01:12:00;3976.68;-0.22;1.09;-5.88
2026.07.16 23:30:00;Sell;0.03;XAUUSD;3974.92;0.03;2026.07.16 23:31:00;3973.87;-0.22;;3.15
2026.07.09 19:50:00;Buy;0.03;XAUUSD;4131.43;0.03;2026.07.09 19:55:00;4133.24;-0.22;;5.43
2026.07.09 19:45:00;Buy;0.03;XAUUSD;4133.49;0.03;2026.07.09 19:55:00;4133.24;-0.22;;-0.75
2026.07.08 22:50:00;Buy;0.03;XAUUSD;4079.31;0.03;2026.07.08 22:55:00;4082.25;-0.22;;8.82
2026.07.08 22:46:00;Buy;0.03;XAUUSD;4080.96;0.03;2026.07.08 22:55:00;4083.35;-0.22;;7.17
2026.07.08 22:42:00;Buy;0.03;XAUUSD;4085.32;0.03;2026.07.08 22:55:00;4083.27;-0.22;;-6.15
2026.07.08 22:36:00;Buy;0.03;XAUUSD;4087.41;0.03;2026.07.08 22:37:00;4089.34;-0.22;;5.79
2026.07.08 22:30:00;Buy;0.03;XAUUSD;4088.39;0.03;2026.07.08 22:31:00;4089.24;-0.22;;2.55
2026.07.08 22:24:00;Buy;0.03;XAUUSD;4086.33;0.03;2026.07.08 22:25:00;4087.28;-0.22;;2.85
2026.07.08 22:18:00;Buy;0.03;XAUUSD;4086.22;0.03;2026.07.08 22:20:00;4086.8;-0.22;;1.74
2026.07.08 22:12:00;Buy;0.03;XAUUSD;4086.48;0.03;2026.07.08 22:15:00;4087.64;-0.22;;3.48
2026.07.08 22:06:00;Buy;0.03;XAUUSD;4087.46;0.03;2026.07.08 22:08:00;4088.46;-0.22;;3
2026.07.08 22:00:00;Buy;0.03;XAUUSD;4084.5;0.03;2026.07.08 22:01:00;4090.08;-0.22;;16.74
2026.07.02 19:35:00;Buy;0.04;XAUUSD;4103.19;0.04;2026.07.02 19:49:00;4117.9;-0.28;;58.84
2026.07.02 19:32:00;Buy;0.04;XAUUSD;4105.07;0.04;2026.07.02 19:49:00;4117.45;-0.28;;49.52
2026.07.02 19:31:00;Buy;0.04;XAUUSD;4109.4;0.04;2026.07.02 19:49:00;4117.89;-0.28;;33.96
2026.07.02 19:28:00;Buy;0.04;XAUUSD;4116.13;0.04;2026.07.02 19:49:00;4117.29;-0.28;;4.64
2026.07.02 19:24:00;Buy;0.04;XAUUSD;4118.03;0.04;2026.07.02 19:49:00;4117.29;-0.28;;-2.96
2026.07.02 19:16:00;Buy;0.04;XAUUSD;4121.14;0.04;2026.07.02 19:49:00;4117.57;-0.28;;-14.28
2026.07.02 19:10:00;Buy;0.04;XAUUSD;4122.72;0.04;2026.07.02 19:49:00;4117.89;-0.28;;-19.32
2026.07.02 19:03:00;Buy;0.04;XAUUSD;4125.22;0.04;2026.07.02 19:49:00;4117.61;-0.28;;-30.44
2026.07.02 19:00:00;Buy;0.04;XAUUSD;4128.58;0.04;2026.07.02 19:49:00;4117.61;-0.28;;-43.88
2026.07.01 19:45:00;Buy;0.04;XAUUSD;4074.21;0.04;2026.07.01 19:46:00;4075.29;-0.28;;4.32
2026.07.01 19:30:00;Buy;0.04;XAUUSD;4081.65;0.04;2026.07.01 19:31:00;4082.88;-0.28;;4.92
2026.07.01 19:15:00;Buy;0.04;XAUUSD;4082.78;0.04;2026.07.01 19:16:00;4083.39;-0.28;;2.44
2026.07.01 19:00:00;Buy;0.04;XAUUSD;4082.11;0.04;2026.07.01 19:01:00;4085.51;-0.28;;13.6
2026.06.26 19:45:00;Buy;0.04;XAUUSD;4084.68;0.04;2026.06.26 19:46:00;4086.48;-0.28;;7.2
2026.06.26 19:30:00;Buy;0.04;XAUUSD;4087.06;0.04;2026.06.26 19:31:00;4092.39;-0.28;;21.32
2026.06.26 19:15:00;Buy;0.04;XAUUSD;4091.41;0.04;2026.06.26 19:16:00;4092.72;-0.28;;5.24
2026.06.26 19:00:00;Buy;0.04;XAUUSD;4090.71;0.04;2026.06.26 19:01:00;4091.87;-0.28;;4.64
2026.06.19 08:24:00;Sell;0.03;XAUUSD;4131.37;0.03;2026.06.19 08:25:00;4129.51;-0.22;;5.58
2026.06.19 08:12:00;Sell;0.03;XAUUSD;4130.16;0.03;2026.06.19 08:13:00;4128.41;-0.22;;5.25
2026.06.19 08:00:00;Sell;0.03;XAUUSD;4126.3;0.03;2026.06.19 08:01:00;4125.08;-0.22;;3.66
2026.06.11 23:48:00;Buy;0.03;XAUUSD;4211.7;0.03;2026.06.12 01:02:00;4213.03;-0.22;-1.43;3.99
2026.06.11 23:48:00;Buy;0.03;XAUUSD;4212.1;0.03;2026.06.12 01:02:00;4215.25;-0.22;-1.43;9.45
2026.06.11 23:45:00;Buy;0.03;XAUUSD;4210.6;0.03;2026.06.11 23:47:00;4211.89;-0.22;;3.87
2026.06.11 23:45:00;Buy;0.03;XAUUSD;4210.02;0.03;2026.06.11 23:47:00;4211.35;-0.22;;3.99
2026.06.11 23:42:00;Buy;0.03;XAUUSD;4212.18;0.03;2026.06.11 23:47:00;4211.36;-0.22;;-2.46
2026.06.11 23:42:00;Buy;0.03;XAUUSD;4211.9;0.03;2026.06.11 23:47:00;4211.96;-0.22;;0.18
2026.06.11 23:34:00;Buy;0.03;XAUUSD;4212.94;0.03;2026.06.11 23:36:00;4214.98;-0.22;;6.12
2026.06.11 23:34:00;Buy;0.03;XAUUSD;4212.82;0.03;2026.06.11 23:36:00;4214.95;-0.22;;6.39
2026.06.11 23:30:00;Buy;0.03;XAUUSD;4214.33;0.03;2026.06.11 23:36:00;4215.06;-0.22;;2.19
2026.06.11 23:30:00;Buy;0.03;XAUUSD;4214.74;0.03;2026.06.11 23:36:00;4214.69;-0.22;;-0.15
2026.06.11 23:24:00;Buy;0.03;XAUUSD;4213.5;0.03;2026.06.11 23:25:00;4215.41;-0.22;;5.73
2026.06.11 23:24:00;Buy;0.03;XAUUSD;4213.39;0.03;2026.06.11 23:25:00;4215.55;-0.22;;6.48
2026.06.11 23:18:00;Buy;0.03;XAUUSD;4212.7;0.03;2026.06.11 23:20:00;4213.43;-0.22;;2.19
2026.06.11 23:18:00;Buy;0.03;XAUUSD;4212.65;0.03;2026.06.11 23:20:00;4213.43;-0.22;;2.34
2026.06.11 23:12:00;Buy;0.03;XAUUSD;4214.9;0.03;2026.06.11 23:13:00;4217.98;-0.22;;9.24
2026.06.11 23:12:00;Buy;0.03;XAUUSD;4214.6;0.03;2026.06.11 23:13:00;4218.15;-0.22;;10.65
2026.06.11 23:06:00;Buy;0.03;XAUUSD;4209.79;0.03;2026.06.11 23:07:00;4212.05;-0.22;;6.78
2026.06.11 23:06:00;Buy;0.03;XAUUSD;4209.35;0.03;2026.06.11 23:07:00;4212.06;-0.22;;8.13
2026.06.11 23:00:00;Buy;0.03;XAUUSD;4209.57;0.03;2026.06.11 23:01:00;4212.07;-0.22;;7.5
2026.06.11 23:00:00;Buy;0.03;XAUUSD;4211.06;0.03;2026.06.11 23:01:00;4212.15;-0.22;;3.27
2026.06.11 22:54:00;Buy;0.03;XAUUSD;4214.84;0.03;2026.06.11 22:55:00;4214.59;-0.22;;-0.75
2026.06.11 22:54:00;Buy;0.03;XAUUSD;4214.9;0.03;2026.06.11 22:55:00;4215.34;-0.22;;1.32
2026.06.11 22:50:00;Buy;0.03;XAUUSD;4211.12;0.03;2026.06.11 22:52:00;4212.67;-0.22;;4.65
2026.06.11 22:50:00;Buy;0.03;XAUUSD;4210.61;0.03;2026.06.11 22:52:00;4212.73;-0.22;;6.36
2026.06.11 22:48:00;Buy;0.03;XAUUSD;4213.43;0.03;2026.06.11 22:52:00;4212.75;-0.22;;-2.04
2026.06.11 22:48:00;Buy;0.03;XAUUSD;4213.56;0.03;2026.06.11 22:52:00;4212.75;-0.22;;-2.43
2026.06.11 22:45:00;Buy;0.03;XAUUSD;4210.89;0.03;2026.06.11 22:48:00;4213.26;-0.22;;7.11
2026.06.11 22:45:00;Buy;0.03;XAUUSD;4210.37;0.03;2026.06.11 22:48:00;4213.44;-0.22;;9.21
2026.06.11 22:42:00;Buy;0.03;XAUUSD;4214.61;0.03;2026.06.11 22:43:00;4215.22;-0.22;;1.83
2026.06.11 22:42:00;Buy;0.03;XAUUSD;4214.53;0.03;2026.06.11 22:43:00;4215.25;-0.22;;2.16
2026.06.11 22:36:00;Buy;0.03;XAUUSD;4213.48;0.03;2026.06.11 22:37:00;4217.31;-0.22;;11.49
2026.06.11 22:36:00;Buy;0.03;XAUUSD;4212.79;0.03;2026.06.11 22:37:00;4217.42;-0.22;;13.89
2026.06.11 22:30:00;Buy;0.03;XAUUSD;4196.28;0.03;2026.06.11 22:31:00;4208.41;-0.22;;36.39
2026.06.11 22:30:00;Buy;0.03;XAUUSD;4195.9;0.03;2026.06.11 22:31:00;4208.45;-0.22;;37.65
2026.06.11 22:24:00;Buy;0.03;XAUUSD;4189.56;0.03;2026.06.11 22:25:00;4191.36;-0.22;;5.4
2026.06.11 22:24:00;Buy;0.03;XAUUSD;4189.21;0.03;2026.06.11 22:25:00;4191.59;-0.22;;7.14
2026.06.11 22:18:00;Buy;0.03;XAUUSD;4188.92;0.03;2026.06.11 22:19:00;4190.53;-0.22;;4.83
2026.06.11 22:18:00;Buy;0.03;XAUUSD;4188.92;0.03;2026.06.11 22:19:00;4190.85;-0.22;;5.79
2026.06.11 22:15:00;Buy;0.03;XAUUSD;4188.53;0.03;2026.06.11 22:17:00;4193.46;-0.22;;14.79
2026.06.11 22:15:00;Buy;0.03;XAUUSD;4188.5;0.03;2026.06.11 22:17:00;4193.16;-0.22;;13.98
2026.06.11 22:12:00;Buy;0.03;XAUUSD;4180.46;0.03;2026.06.11 22:13:00;4183.47;-0.22;;9.03
2026.06.11 22:12:00;Buy;0.03;XAUUSD;4180.4;0.03;2026.06.11 22:13:00;4183.51;-0.22;;9.33
2026.06.11 22:06:00;Buy;0.03;XAUUSD;4170.54;0.03;2026.06.11 22:07:00;4171.25;-0.22;;2.13
2026.06.11 22:06:00;Buy;0.03;XAUUSD;4170.43;0.03;2026.06.11 22:07:00;4171.26;-0.22;;2.49
2026.06.11 22:00:00;Buy;0.03;XAUUSD;4163.13;0.03;2026.06.11 22:01:00;4171.47;-0.22;;25.02
2026.06.11 22:00:00;Buy;0.03;XAUUSD;4162.89;0.03;2026.06.11 22:01:00;4171.77;-0.22;;26.64
2026.06.11 22:00:00;Buy;0.03;XAUUSD;4162.27;0.03;2026.06.11 22:01:00;4171.72;-0.22;;28.35
2026.06.11 22:00:00;Buy;0.03;XAUUSD;4162.62;0.03;2026.06.11 22:01:00;4171.92;-0.22;;27.9
2026.06.08 19:01:00;Buy;0.03;XAUUSD;4339.05;0.03;2026.06.08 19:02:00;4342.3;-0.22;;9.75
2026.06.08 19:00:00;Buy;0.03;XAUUSD;4342.06;0.03;2026.06.08 19:02:00;4342.44;-0.22;;1.1400000000000001
2026.06.03 09:12:00;Sell;0.03;XAUUSD;4464.64;0.03;2026.06.03 09:13:00;4463.22;-0.22;;4.26
2026.06.01 22:00:00;Buy;0.03;XAUUSD;4486.79;0.03;2026.06.01 22:02:00;4487.42;-0.22;;1.8900000000000001
2026.05.29 11:51:00;Buy;0.03;XAUUSD;4510.33;0.03;2026.05.29 12:01:00;4516.99;-0.22;;19.98
2026.05.29 11:49:00;Buy;0.03;XAUUSD;4512.11;0.03;2026.05.29 12:01:00;4517.13;-0.22;;15.06
2026.05.29 11:35:00;Buy;0.03;XAUUSD;4515.23;0.03;2026.05.29 12:01:00;4517.23;-0.22;;6
2026.05.29 11:30:00;Buy;0.03;XAUUSD;4517.22;0.03;2026.05.29 12:01:00;4517.27;-0.22;;0.15
2026.05.29 11:25:00;Buy;0.03;XAUUSD;4515.64;0.03;2026.05.29 11:28:00;4517.38;-0.22;;5.22
2026.05.28 22:45:00;Buy;0.03;XAUUSD;4499.52;0.03;2026.05.28 22:51:00;4500.05;-0.22;;1.5899999999999999
2026.05.28 22:30:00;Buy;0.03;XAUUSD;4499.94;0.03;2026.05.28 22:31:00;4500.74;-0.22;;2.4
2026.05.28 22:15:00;Buy;0.03;XAUUSD;4499.74;0.03;2026.05.28 22:16:00;4500.51;-0.22;;2.31
2026.05.28 22:00:00;Buy;0.03;XAUUSD;4501.38;0.03;2026.05.28 22:01:00;4502.55;-0.22;;3.51
2026.05.28 19:45:00;Buy;0.03;XAUUSD;4504.61;0.03;2026.05.28 19:46:00;4508.16;-0.22;;10.65
2026.05.28 19:30:00;Buy;0.03;XAUUSD;4500.82;0.03;2026.05.28 19:31:00;4501.66;-0.22;;2.52
2026.05.28 19:15:00;Buy;0.03;XAUUSD;4484.64;0.03;2026.05.28 19:16:00;4485.31;-0.22;;2.01
2026.05.28 19:01:00;Buy;0.03;XAUUSD;4480.65;0.03;2026.05.28 19:06:00;4485.75;-0.22;;15.3
2026.05.28 19:00:00;Buy;0.03;XAUUSD;4482.41;0.03;2026.05.28 19:06:00;4485.78;-0.22;;10.11
2026.05.20 23:51:00;Buy;0.02;XAUUSD;4542.89;0.02;2026.05.21 01:06:00;4546.31;-0.14;-3.2800000000000002;6.84
2026.05.20 23:36:00;Buy;0.02;XAUUSD;4544.47;0.02;2026.05.21 01:06:00;4546.58;-0.14;-3.2800000000000002;4.22
2026.05.20 23:18:00;Buy;0.02;XAUUSD;4546.13;0.02;2026.05.20 23:19:00;4547.56;-0.14;;2.86
2026.05.20 23:12:00;Buy;0.02;XAUUSD;4547.11;0.02;2026.05.20 23:16:00;4548.32;-0.14;;2.42
2026.05.20 23:06:00;Buy;0.02;XAUUSD;4545.56;0.02;2026.05.20 23:07:00;4546.14;-0.14;;1.16
2026.05.20 23:00:00;Buy;0.02;XAUUSD;4545.83;0.02;2026.05.20 23:02:00;4547.49;-0.14;;3.32
2026.05.20 22:54:00;Buy;0.02;XAUUSD;4548.06;0.02;2026.05.20 23:02:00;4547.53;-0.14;;-1.06
2026.05.20 22:48:00;Buy;0.02;XAUUSD;4546.41;0.02;2026.05.20 22:49:00;4547.01;-0.14;;1.2
2026.05.20 22:45:00;Buy;0.02;XAUUSD;4546.63;0.02;2026.05.20 22:46:00;4547.71;-0.14;;2.16
2026.05.20 22:30:00;Buy;0.02;XAUUSD;4545.36;0.02;2026.05.20 22:31:00;4546.8;-0.14;;2.88
2026.05.15 09:31:00;Sell;0.02;XAUUSD;4579.77;0.02;2026.05.15 09:49:02;4569.31;-0.14;;20.92
2026.05.15 09:17:00;Sell;0.02;XAUUSD;4576.47;0.02;2026.05.15 09:49:02;4569.37;-0.14;;14.2
2026.05.15 09:16:00;Sell;0.02;XAUUSD;4573.65;0.02;2026.05.15 09:49:02;4569.41;-0.14;;8.48
2026.05.15 09:12:00;Sell;0.02;XAUUSD;4570.43;0.02;2026.05.15 09:49:02;4569.41;-0.14;;2.04
2026.05.15 09:06:00;Sell;0.02;XAUUSD;4566.49;0.02;2026.05.15 09:49:02;4568.87;-0.14;;-4.76
2026.05.15 09:04:00;Sell;0.02;XAUUSD;4563.72;0.02;2026.05.15 09:49:01;4568.27;-0.14;;-9.1
2026.05.15 09:01:00;Sell;0.02;XAUUSD;4561.46;0.02;2026.05.15 09:49:00;4566.83;-0.14;;-10.74
2026.05.15 09:00:00;Sell;0.02;XAUUSD;4558.45;0.02;2026.05.15 09:49:00;4565.41;-0.14;;-13.92
2026.05.15 08:49:00;Sell;0.02;XAUUSD;4567.06;0.02;2026.05.15 08:50:00;4564.98;-0.14;;4.16
2026.05.15 08:48:00;Sell;0.02;XAUUSD;4564.66;0.02;2026.05.15 08:50:00;4564.1;-0.14;;1.12
2026.05.12 23:54:00;Buy;0.02;XAUUSD;4714.13;0.02;2026.05.13 01:02:00;4714.76;-0.14;-1.11;1.26
2026.05.12 23:48:00;Buy;0.02;XAUUSD;4714.28;0.02;2026.05.12 23:49:00;4715.14;-0.14;;1.72
2026.05.12 23:42:00;Buy;0.02;XAUUSD;4712.74;0.02;2026.05.12 23:43:00;4714.53;-0.14;;3.58
2026.05.12 23:36:00;Buy;0.02;XAUUSD;4713.29;0.02;2026.05.12 23:37:00;4714.98;-0.14;;3.38
2026.05.12 23:30:00;Buy;0.02;XAUUSD;4713.45;0.02;2026.05.12 23:32:00;4714.13;-0.14;;1.3599999999999999
2026.05.12 23:24:00;Buy;0.02;XAUUSD;4713.28;0.02;2026.05.12 23:25:00;4713.72;-0.14;;0.88
2026.05.12 23:18:00;Buy;0.02;XAUUSD;4714.85;0.02;2026.05.12 23:19:00;4716.04;-0.14;;2.38
2026.05.12 23:12:00;Buy;0.02;XAUUSD;4713.11;0.02;2026.05.12 23:13:00;4714.57;-0.14;;2.92
2026.05.12 23:06:00;Buy;0.02;XAUUSD;4713.01;0.02;2026.05.12 23:07:00;4714.04;-0.14;;2.06
2026.05.12 23:00:00;Buy;0.02;XAUUSD;4715.67;0.02;2026.05.12 23:01:00;4717.08;-0.14;;2.82
2026.05.12 22:54:00;Buy;0.02;XAUUSD;4711.64;0.02;2026.05.12 22:55:00;4712.73;-0.14;;2.18
2026.05.12 22:48:00;Buy;0.02;XAUUSD;4709.63;0.02;2026.05.12 22:49:00;4710.68;-0.14;;2.1
2026.05.12 22:41:00;Buy;0.02;XAUUSD;4707.43;0.02;2026.05.12 22:42:00;4709.42;-0.14;;3.98
2026.05.12 22:36:00;Buy;0.02;XAUUSD;4709.38;0.02;2026.05.12 22:42:00;4709.42;-0.14;;0.08
2026.05.12 22:30:00;Buy;0.02;XAUUSD;4703.87;0.02;2026.05.12 22:31:00;4704.51;-0.14;;1.28
2026.05.01 19:47:00;Buy;0.02;XAUUSD;4637.52;0.02;2026.05.01 19:49:00;4638.72;-0.14;;2.4
2026.05.01 19:45:00;Buy;0.02;XAUUSD;4639.01;0.02;2026.05.01 19:49:00;4638.97;-0.14;;-0.08
2026.05.01 19:30:00;Buy;0.02;XAUUSD;4638.36;0.02;2026.05.01 19:31:00;4639.58;-0.14;;2.44
2026.05.01 19:15:00;Buy;0.02;XAUUSD;4643;0.02;2026.05.01 19:16:00;4646.44;-0.14;;6.88
2026.05.01 19:00:00;Buy;0.02;XAUUSD;4643.54;0.02;2026.05.01 19:03:00;4644.3;-0.14;;1.52
2026.04.30 13:48:00;Buy;0.02;XAUUSD;4637.77;0.02;2026.04.30 14:00:00;4640.16;-0.14;;4.78
2026.04.30 13:36:00;Buy;0.02;XAUUSD;4637.89;0.02;2026.04.30 13:43:00;4639.85;-0.14;;3.92
2026.04.30 13:24:00;Buy;0.02;XAUUSD;4634.57;0.02;2026.04.30 13:28:00;4638.86;-0.14;;8.58
2026.04.30 13:12:00;Buy;0.02;XAUUSD;4627.12;0.02;2026.04.30 13:17:00;4631.31;-0.14;;8.38
2026.04.30 13:00:00;Buy;0.02;XAUUSD;4625.66;0.02;2026.04.30 13:02:00;4627.96;-0.14;;4.6
2026.04.30 12:42:01;Buy;0.02;XAUUSD;4619.28;0.02;2026.04.30 12:55:01;4626.06;-0.14;;13.56
2026.04.30 12:36:00;Buy;0.02;XAUUSD;4626.27;0.02;2026.04.30 12:55:00;4626.66;-0.14;;0.78
2026.04.30 12:24:00;Buy;0.02;XAUUSD;4619.09;0.02;2026.04.30 12:28:00;4619.99;-0.14;;1.8
2026.04.30 11:48:01;Buy;0.02;XAUUSD;4618.06;0.02;2026.04.30 12:16:00;4620.21;-0.14;;4.3
2026.04.30 11:36:00;Buy;0.02;XAUUSD;4614.96;0.02;2026.04.30 11:39:00;4619.02;-0.14;;8.12
2026.04.30 11:24:00;Buy;0.02;XAUUSD;4614.74;0.02;2026.04.30 11:26:01;4616.34;-0.14;;3.2
2026.04.30 11:12:00;Buy;0.02;XAUUSD;4616.59;0.02;2026.04.30 11:13:02;4618.4;-0.14;;3.62
2026.04.28 08:55:00;Sell;0.02;XAUUSD;4631.82;0.02;2026.04.28 09:02:00;4626.39;-0.14;;10.86
2026.04.28 08:48:00;Sell;0.02;XAUUSD;4628.41;0.02;2026.04.28 09:02:00;4626.45;-0.14;;3.92
2026.04.28 08:36:00;Sell;0.02;XAUUSD;4641.56;0.02;2026.04.28 08:37:00;4639.3;-0.14;;4.52
2026.04.28 08:24:00;Sell;0.02;XAUUSD;4658.65;0.02;2026.04.28 08:26:00;4657.61;-0.14;;2.08
2026.04.28 08:12:00;Sell;0.02;XAUUSD;4651.94;0.02;2026.04.28 08:13:00;4650.81;-0.14;;2.26
2026.04.21 08:37:00;Sell;0.02;XAUUSD;4795.33;0.02;2026.04.21 08:52:00;4786.83;-0.14;;17
2026.04.21 08:34:00;Sell;0.02;XAUUSD;4792.43;0.02;2026.04.21 08:52:00;4786.96;-0.14;;10.94
2026.04.21 08:25:00;Sell;0.02;XAUUSD;4789.22;0.02;2026.04.21 08:52:00;4786.83;-0.14;;4.78
2026.04.21 08:24:00;Sell;0.02;XAUUSD;4786.51;0.02;2026.04.21 08:52:00;4786.82;-0.14;;-0.62
2026.04.21 08:18:00;Sell;0.02;XAUUSD;4790.54;0.02;2026.04.21 08:21:01;4788.98;-0.14;;3.12
2026.04.21 08:12:00;Sell;0.02;XAUUSD;4789.13;0.02;2026.04.21 08:21:00;4788.81;-0.14;;0.64
2026.04.21 08:00:00;Sell;0.02;XAUUSD;4789.03;0.02;2026.04.21 08:01:00;4787.74;-0.14;;2.58
2026.04.17 19:48:00;Buy;0.02;XAUUSD;4866.17;0.02;2026.04.17 19:49:00;4867.4;-0.14;;2.46
2026.04.17 19:45:00;Buy;0.02;XAUUSD;4868.73;0.02;2026.04.17 19:49:00;4867.34;-0.14;;-2.7800000000000002
2026.04.17 19:30:00;Buy;0.02;XAUUSD;4868.41;0.02;2026.04.17 19:31:00;4869.15;-0.14;;1.48
2026.04.17 19:15:00;Buy;0.02;XAUUSD;4871.69;0.02;2026.04.17 19:16:00;4872.94;-0.14;;2.5
2026.04.17 19:01:00;Buy;0.02;XAUUSD;4865.14;0.02;2026.04.17 19:02:00;4867.89;-0.14;;5.5
2026.04.17 19:00:00;Buy;0.02;XAUUSD;4867.98;0.02;2026.04.17 19:02:00;4868.3;-0.14;;0.64
2026.04.15 01:02:00;Buy;0.02;XAUUSD;4840.9;0.02;2026.04.15 01:03:00;4847.94;-0.14;;14.08
2026.04.14 23:51:00;Buy;0.02;XAUUSD;4841.47;0.02;2026.04.15 01:03:00;4848.5;-0.14;-1.16;14.06
2026.04.14 23:48:00;Buy;0.02;XAUUSD;4842.8;0.02;2026.04.15 01:03:00;4848.26;-0.14;-1.16;10.92
2026.04.14 23:42:00;Buy;0.02;XAUUSD;4841.33;0.02;2026.04.14 23:43:00;4841.62;-0.14;;0.58
2026.04.14 22:45:00;Buy;0.02;XAUUSD;4841.73;0.02;2026.04.14 22:46:00;4841.63;-0.14;;-0.2
2026.04.14 22:30:00;Buy;0.02;XAUUSD;4840.88;0.02;2026.04.14 22:32:00;4842.5;-0.14;;3.24
2026.04.07 23:53:00;Buy;0.01;XAUUSD;4708.63;0.01;2026.04.07 23:56:01;4710.38;-0.08;;1.75
2026.04.07 23:49:00;Buy;0.01;XAUUSD;4711.73;0.01;2026.04.07 23:56:01;4708.76;-0.08;;-2.9699999999999998
2026.04.07 23:48:00;Buy;0.01;XAUUSD;4713.45;0.01;2026.04.07 23:56:00;4709.17;-0.08;;-4.28
2026.04.07 23:37:00;Buy;0.01;XAUUSD;4708.15;0.01;2026.04.07 23:42:01;4711.46;-0.08;;3.31
2026.04.07 23:36:00;Buy;0.01;XAUUSD;4715.05;0.01;2026.04.07 23:42:00;4712.15;-0.08;;-2.9
2026.04.07 23:38:00;Buy;0.01;XAUUSD;4707;0.01;2026.04.07 23:41:53;4713.42;-0.08;;6.42
2026.04.07 23:36:40;Buy;0.01;XAUUSD;4706.91;0.01;2026.04.07 23:40:38;4708.38;-0.08;;1.47
2026.04.07 23:36:53;Buy;0.01;XAUUSD;4705.99;0.01;2026.04.07 23:39:25;4707.11;-0.08;;1.12
2026.04.07 23:37:38;Buy;0.01;XAUUSD;4703.99;0.01;2026.04.07 23:38:03;4706.89;-0.08;;2.9
2026.04.07 23:30:00;Buy;0.01;XAUUSD;4712.45;0.01;2026.04.07 23:32:00;4710.53;-0.08;;-1.92
2026.04.07 23:16:26;Buy;0.01;XAUUSD;4706.99;0.01;2026.04.07 23:25:20;4707.97;-0.08;;0.98
2026.04.07 23:24:00;Buy;0.01;XAUUSD;4705.41;0.01;2026.04.07 23:25:00;4705.79;-0.08;;0.38
2026.04.07 23:24:07;Buy;0.01;XAUUSD;4706.46;0.01;2026.04.07 23:24:54;4707.77;-0.08;;1.31
2026.04.07 23:21:28;Buy;0.01;XAUUSD;4705.06;0.01;2026.04.07 23:22:46;4707.02;-0.08;;1.96
2026.04.07 23:18:00;Buy;0.01;XAUUSD;4708.42;0.01;2026.04.07 23:19:00;4707.51;-0.08;;-0.91
2026.04.07 23:12:07;Buy;0.01;XAUUSD;4706.49;0.01;2026.04.07 23:14:43;4708.75;-0.08;;2.26
2026.04.07 23:13:51;Buy;0.01;XAUUSD;4706.1;0.01;2026.04.07 23:14:35;4708.55;-0.08;;2.45
2026.04.07 23:12:00;Buy;0.01;XAUUSD;4706.89;0.01;2026.04.07 23:13:00;4706.17;-0.08;;-0.72
2026.04.07 23:08:19;Buy;0.01;XAUUSD;4704.92;0.01;2026.04.07 23:08:56;4708.26;-0.08;;3.34
2026.04.07 23:06:00;Buy;0.01;XAUUSD;4700.54;0.01;2026.04.07 23:07:00;4701.55;-0.08;;1.01
2026.04.07 22:54:00;Buy;0.01;XAUUSD;4700.48;0.01;2026.04.07 23:02:02;4705.1;-0.08;;4.62
2026.04.07 22:53:00;Buy;0.01;XAUUSD;4700.98;0.01;2026.04.07 23:02:01;4704.87;-0.08;;3.89
2026.04.07 22:50:00;Buy;0.01;XAUUSD;4708.93;0.01;2026.04.07 23:02:01;4704.69;-0.08;;-4.24
2026.04.07 22:49:00;Buy;0.01;XAUUSD;4713.95;0.01;2026.04.07 23:02:00;4706.04;-0.08;;-7.91
2026.04.07 22:48:00;Buy;0.01;XAUUSD;4714.87;0.01;2026.04.07 23:02:00;4708.06;-0.08;;-6.8100000000000005
2026.04.07 15:05:04;Balance;;;;;;;;;-975
2026.04.02 22:45:00;Buy;0.01;XAUUSD;4666.52;0.01;2026.04.02 22:46:00;4666.85;-0.08;;0.33
2026.03.31 23:52:00;Buy;0.01;XAUUSD;4666.83;0.01;2026.04.01 01:02:03;4676.83;-0.08;-0.57;10
2026.03.31 23:51:00;Buy;0.01;XAUUSD;4668.19;0.01;2026.04.01 01:02:02;4678.44;-0.08;-0.57;10.25
2026.03.31 23:38:00;Buy;0.01;XAUUSD;4669.36;0.01;2026.04.01 01:02:02;4677;-0.08;-0.57;7.64
2026.03.31 23:28:00;Buy;0.01;XAUUSD;4670.87;0.01;2026.04.01 01:02:02;4676.92;-0.08;-0.57;6.05
2026.03.31 23:25:00;Buy;0.01;XAUUSD;4673.13;0.01;2026.04.01 01:02:01;4677;-0.08;-0.57;3.87
2026.03.31 23:23:00;Buy;0.01;XAUUSD;4674.91;0.01;2026.04.01 01:02:01;4677.22;-0.08;-0.57;2.31
2026.03.31 23:22:00;Buy;0.01;XAUUSD;4676.96;0.01;2026.04.01 01:02:01;4677.84;-0.08;-0.57;0.88
2026.03.31 23:18:00;Buy;0.01;XAUUSD;4678.33;0.01;2026.04.01 01:02:00;4678.19;-0.08;-0.57;-0.14
2026.03.31 23:10:00;Buy;0.01;XAUUSD;4677.55;0.01;2026.03.31 23:16:00;4680.53;-0.08;;2.98
2026.03.31 23:09:00;Buy;0.01;XAUUSD;4680.27;0.01;2026.03.31 23:16:00;4680.18;-0.08;;-0.09
2026.03.31 23:06:00;Buy;0.01;XAUUSD;4682.79;0.01;2026.03.31 23:16:00;4680.76;-0.08;;-2.03
2026.03.31 22:57:00;Buy;0.01;XAUUSD;4681.61;0.01;2026.03.31 23:01:00;4683.7;-0.08;;2.09
2026.03.31 22:54:00;Buy;0.01;XAUUSD;4683.93;0.01;2026.03.31 23:01:00;4685.67;-0.08;;1.74
2026.03.31 22:45:00;Buy;0.01;XAUUSD;4682.29;0.01;2026.03.31 22:49:01;4683.4;-0.08;;1.11
2026.03.31 22:48:00;Buy;0.01;XAUUSD;4682.94;0.01;2026.03.31 22:49:00;4682.88;-0.08;;-0.06
2026.03.31 22:30:00;Buy;0.01;XAUUSD;4673.32;0.01;2026.03.31 22:31:00;4677.7;-0.08;;4.38
2026.03.31 22:15:00;Buy;0.01;XAUUSD;4672.38;0.01;2026.03.31 22:16:00;4674.68;-0.08;;2.3
2026.03.31 22:10:00;Buy;0.01;XAUUSD;4662.98;0.01;2026.03.31 22:11:00;4669.18;-0.08;;6.2
2026.03.31 22:09:00;Buy;0.01;XAUUSD;4664.27;0.01;2026.03.31 22:11:00;4669.4;-0.08;;5.13
2026.03.31 22:07:00;Buy;0.01;XAUUSD;4670.05;0.01;2026.03.31 22:11:00;4670.97;-0.08;;0.92
2026.03.31 22:06:00;Buy;0.01;XAUUSD;4671;0.01;2026.03.31 22:11:00;4671.38;-0.08;;0.38
2026.03.31 22:00:01;Buy;0.01;XAUUSD;4670.16;0.01;2026.03.31 22:01:01;4670.76;-0.08;;0.6
2026.03.31 22:00:00;Buy;0.01;XAUUSD;4667.51;0.01;2026.03.31 22:01:00;4672.52;-0.08;;5.01
2026.03.26 09:36:00;Sell;0.02;XAUUSD;4442.26;0.02;2026.03.26 09:37:03;4431.49;-0.14;;21.54
2026.03.26 09:30:00;Sell;0.02;XAUUSD;4440.17;0.02;2026.03.26 09:37:03;4431.53;-0.14;;17.28
2026.03.26 09:28:00;Sell;0.02;XAUUSD;4436.93;0.02;2026.03.26 09:37:02;4430.81;-0.14;;12.24
2026.03.26 09:24:00;Sell;0.02;XAUUSD;4432.13;0.02;2026.03.26 09:37:01;4432.89;-0.14;;-1.52
2026.03.26 09:12:00;Sell;0.02;XAUUSD;4427.16;0.02;2026.03.26 09:14:00;4425.59;-0.14;;3.14
2026.03.26 09:01:00;Sell;0.02;XAUUSD;4443.25;0.02;2026.03.26 09:02:00;4433.75;-0.14;;19
2026.03.26 09:00:02;Sell;0.02;XAUUSD;4437.45;0.02;2026.03.26 09:02:00;4432.31;-0.14;;10.28
2026.03.23 09:53:00;Sell;0.02;XAUUSD;4226.91;0.02;2026.03.23 10:02:01;4197.58;-0.14;;58.66
2026.03.23 09:52:00;Sell;0.02;XAUUSD;4222.62;0.02;2026.03.23 10:02:01;4196.77;-0.14;;51.7
2026.03.23 09:51:00;Sell;0.02;XAUUSD;4215.07;0.02;2026.03.23 10:02:01;4196.8;-0.14;;36.54
2026.03.23 09:50:00;Sell;0.02;XAUUSD;4204.78;0.02;2026.03.23 10:02:00;4198.37;-0.14;;12.82
2026.03.23 09:49:00;Sell;0.02;XAUUSD;4189.77;0.02;2026.03.23 10:02:00;4200;-0.14;;-20.46
2026.03.23 09:48:00;Sell;0.02;XAUUSD;4168.37;0.02;2026.03.23 10:02:00;4195.53;-0.14;;-54.32
2026.03.23 09:58:33;Balance;;;;;;;;;500.68
2026.03.19 23:46:00;Buy;0.02;XAUUSD;4653.42;0.02;2026.03.19 23:52:01;4658.4;-0.14;;9.96
2026.03.19 23:42:00;Buy;0.02;XAUUSD;4656.7;0.02;2026.03.19 23:52:01;4658.38;-0.14;;3.36
2026.03.19 23:33:00;Buy;0.02;XAUUSD;4657.84;0.02;2026.03.19 23:52:01;4657.88;-0.14;;0.08
2026.03.19 23:28:00;Buy;0.02;XAUUSD;4658.73;0.02;2026.03.19 23:52:00;4658.6;-0.14;;-0.26
2026.03.19 23:24:00;Buy;0.02;XAUUSD;4658.92;0.02;2026.03.19 23:52:00;4659.48;-0.14;;1.12
2026.03.19 23:18:00;Buy;0.02;XAUUSD;4652.72;0.02;2026.03.19 23:19:00;4656.34;-0.14;;7.24
2026.03.19 23:12:01;Buy;0.03;XAUUSD;4655.98;0.03;2026.03.19 23:13:02;4657.12;-0.22;;3.42
2026.03.19 23:06:03;Buy;0.03;XAUUSD;4653.99;0.03;2026.03.19 23:09:00;4655.88;-0.22;;5.67
2026.03.19 09:50:01;Sell;0.02;XAUUSD;4766.45;0.02;2026.03.19 09:51:01;4755.22;-0.14;;22.46
2026.03.19 09:48:00;Sell;0.02;XAUUSD;4763.91;0.02;2026.03.19 09:51:00;4754.58;-0.14;;18.66
2026.03.09 23:39:00;Buy;0.02;XAUUSD;5136.6;0.02;2026.03.10 01:02:01;5137.5;-0.14;-1.25;1.8
2026.03.09 23:23:00;Buy;0.02;XAUUSD;5138.18;0.02;2026.03.10 01:02:01;5136.63;-0.14;-1.25;-3.1
2026.03.09 23:16:00;Buy;0.02;XAUUSD;5138.79;0.02;2026.03.10 01:02:01;5136.86;-0.14;-1.25;-3.86
2026.03.09 23:14:00;Buy;0.02;XAUUSD;5140.99;0.02;2026.03.10 01:02:01;5137.76;-0.14;-1.25;-6.46
2026.03.09 23:12:00;Buy;0.02;XAUUSD;5142.7;0.02;2026.03.10 01:02:00;5140.46;-0.14;-1.25;-4.48
2026.03.09 23:06:00;Buy;0.02;XAUUSD;5143.55;0.02;2026.03.09 23:07:00;5144.37;-0.14;;1.6400000000000001
2026.03.09 23:00:00;Buy;0.03;XAUUSD;5142.35;0.03;2026.03.09 23:01:00;5141.74;-0.22;;-1.83
2026.03.09 22:54:00;Buy;0.01;XAUUSD;5135.76;0.01;2026.03.09 22:56:01;5137.12;-0.08;;1.3599999999999999
2026.03.09 22:50:00;Buy;0.01;XAUUSD;5133.75;0.01;2026.03.09 22:52:00;5135.84;-0.08;;2.09
2026.03.09 22:48:00;Buy;0.01;XAUUSD;5135.65;0.01;2026.03.09 22:52:00;5135.8;-0.08;;0.15
2026.03.09 22:47:00;Buy;0.01;XAUUSD;5131.92;0.01;2026.03.09 22:49:01;5134.24;-0.08;;2.32
2026.03.09 22:45:00;Buy;0.01;XAUUSD;5135.36;0.01;2026.03.09 22:49:00;5132.77;-0.08;;-2.59
2026.03.09 22:39:00;Buy;0.01;XAUUSD;5127.38;0.01;2026.03.09 22:44:02;5134.7;-0.08;;7.32
2026.03.09 22:38:00;Buy;0.01;XAUUSD;5128.5;0.01;2026.03.09 22:44:01;5132.77;-0.08;;4.27
2026.03.09 22:36:00;Buy;0.01;XAUUSD;5129.83;0.01;2026.03.09 22:44:01;5134.65;-0.08;;4.82
2026.03.09 22:31:00;Buy;0.01;XAUUSD;5131.35;0.01;2026.03.09 22:44:01;5132.43;-0.08;;1.08
2026.03.09 22:29:00;Buy;0.01;XAUUSD;5138.82;0.01;2026.03.09 22:44:01;5134.3;-0.08;;-4.52
2026.03.09 22:24:00;Buy;0.01;XAUUSD;5140.31;0.01;2026.03.09 22:44:00;5135.24;-0.08;;-5.07
2026.03.09 22:18:00;Buy;0.01;XAUUSD;5125.59;0.01;2026.03.09 22:20:00;5134.26;-0.08;;8.67
2026.03.06 22:35:03;Buy;0.01;XAUUSD;5152.06;0.01;2026.03.06 22:41:13;5157.64;-0.08;;5.58
2026.03.06 22:28:00;Buy;0.01;XAUUSD;5153.22;0.01;2026.03.06 22:41:11;5159.05;-0.08;;5.83
2026.03.06 22:11:03;Buy;0.01;XAUUSD;5156.09;0.01;2026.03.06 22:41:10;5159.34;-0.08;;3.25
2026.03.06 22:09:02;Buy;0.01;XAUUSD;5158.34;0.01;2026.03.06 22:41:07;5159.56;-0.08;;1.22
2026.03.06 22:06:02;Buy;0.01;XAUUSD;5159.08;0.01;2026.03.06 22:41:06;5159.58;-0.08;;0.5
2026.03.06 22:05:04;Buy;0.01;XAUUSD;5160.68;0.01;2026.03.06 22:41:05;5160.96;-0.08;;0.28
2026.03.06 22:02:04;Buy;0.01;XAUUSD;5161.78;0.01;2026.03.06 22:41:03;5160.84;-0.08;;-0.94
2026.03.06 22:01:00;Buy;0.01;XAUUSD;5160.9;0.01;2026.03.06 22:41:02;5160.63;-0.08;;-0.27
2026.03.06 22:00:04;Buy;0.01;XAUUSD;5162.91;0.01;2026.03.06 22:41:00;5160.6;-0.08;;-2.31
2026.03.06 22:35:44;Balance;;;;;;;;;600
2026.03.05 08:35:00;Sell;0.01;XAUUSD;5147.2;0.01;2026.03.05 08:37:00;5144.51;-0.08;;2.69
2026.03.05 08:34:00;Sell;0.01;XAUUSD;5144.54;0.01;2026.03.05 08:37:00;5142.82;-0.08;;1.72
2026.03.05 08:24:01;Sell;0.01;XAUUSD;5141.84;0.01;2026.03.05 08:37:00;5142.52;-0.08;;-0.68
2026.03.03 09:19:02;Sell;0.01;XAUUSD;5319.61;0.01;2026.03.03 09:23:06;5314.59;-0.08;;5.02
2026.03.03 09:18:02;Sell;0.01;XAUUSD;5315.82;0.01;2026.03.03 09:23:05;5314.59;-0.08;;1.23
2026.03.03 09:13:01;Sell;0.01;XAUUSD;5313.14;0.01;2026.03.03 09:23:03;5314.65;-0.08;;-1.51
2026.03.03 09:12:05;Sell;0.01;XAUUSD;5310.58;0.01;2026.03.03 09:23:02;5314.24;-0.08;;-3.66
2026.03.03 09:07:02;Sell;0.01;XAUUSD;5317.4;0.01;2026.03.03 09:11:07;5311.53;-0.08;;5.87
2026.03.03 09:05:00;Sell;0.01;XAUUSD;5314.01;0.01;2026.03.03 09:11:05;5311.31;-0.08;;2.7
2026.03.03 09:02:01;Sell;0.01;XAUUSD;5311.17;0.01;2026.03.03 09:11:02;5311.41;-0.08;;-0.24
2026.03.03 09:00:03;Sell;0.01;XAUUSD;5307.42;0.01;2026.03.03 09:11:00;5311.37;-0.08;;-3.95
2026.03.03 08:48:02;Sell;0.01;XAUUSD;5306.82;0.01;2026.03.03 08:50:01;5304.92;-0.08;;1.9
2026.03.03 08:36:01;Sell;0.01;XAUUSD;5307.36;0.01;2026.03.03 08:38:00;5303.53;-0.08;;3.83
2026.03.03 08:24:02;Sell;0.01;XAUUSD;5310.84;0.01;2026.03.03 08:25:00;5308.43;-0.08;;2.41
2026.03.02 23:49:21;Balance;;;;;;;;;-1000
2026.03.02 23:11:01;Buy;0.03;XAUUSD;5336.67;0.03;2026.03.02 23:19:07;5339.14;-0.22;;7.41
2026.03.02 23:07:00;Buy;0.03;XAUUSD;5338.4;0.03;2026.03.02 23:19:05;5337.96;-0.22;;-1.32
2026.03.02 23:06:02;Buy;0.03;XAUUSD;5340.42;0.03;2026.03.02 23:19:01;5337.9;-0.22;;-7.5600000000000005
2026.03.02 23:01:01;Buy;0.03;XAUUSD;5332.14;0.03;2026.03.02 23:04:05;5336.89;-0.22;;14.25
2026.03.02 22:59:02;Buy;0.03;XAUUSD;5333.5;0.03;2026.03.02 23:04:03;5336.85;-0.22;;10.05
2026.03.02 22:58:02;Buy;0.03;XAUUSD;5338.09;0.03;2026.03.02 23:04:01;5337.13;-0.22;;-2.88
2026.03.02 22:54:02;Buy;0.03;XAUUSD;5340.73;0.03;2026.03.02 23:04:00;5338.12;-0.22;;-7.83
2026.03.02 22:48:02;Buy;0.03;XAUUSD;5338.28;0.03;2026.03.02 22:50:01;5338.21;-0.22;;-0.21
2026.03.02 22:42:02;Buy;0.03;XAUUSD;5342.39;0.03;2026.03.02 22:44:02;5342.68;-0.22;;0.87
2026.03.02 22:36:02;Buy;0.03;XAUUSD;5341.17;0.03;2026.03.02 22:38:01;5341.51;-0.22;;1.02
2026.03.02 22:30:02;Buy;0.03;XAUUSD;5334;0.03;2026.03.02 22:31:02;5334.69;-0.22;;2.07
2026.03.02 22:24:08;Buy;0.03;XAUUSD;5339.99;0.03;2026.03.02 22:25:02;5343.82;-0.22;;11.49
2026.03.02 22:18:02;Buy;0.03;XAUUSD;5335.67;0.03;2026.03.02 22:19:01;5339.57;-0.22;;11.7
2026.02.27 23:48:00;Buy;0.03;XAUUSD;5278.6;0.03;2026.02.27 23:54:00;5279.42;-0.22;;2.46
2026.02.23 09:48:01;Sell;0.03;XAUUSD;5136.78;0.03;2026.02.23 09:51:00;5135.95;-0.22;;2.49
2026.02.20 23:55:00;Buy;0.02;XAUUSD;5105.14;0.02;2026.02.23 01:03:00;5113.71;-0.14;-1.31;17.14
2026.02.20 23:54:00;Buy;0.02;XAUUSD;5105.9;0.02;2026.02.23 01:03:00;5113.68;-0.14;-1.31;15.56
2026.02.20 23:48:00;Buy;0.02;XAUUSD;5100.96;0.02;2026.02.20 23:50:00;5104.04;-0.14;;6.16
2026.02.20 23:36:00;Buy;0.02;XAUUSD;5099.22;0.02;2026.02.20 23:47:00;5099.76;-0.14;;1.08
2026.02.20 23:30:00;Buy;0.02;XAUUSD;5098.25;0.02;2026.02.20 23:31:00;5098.35;-0.14;;0.2
2026.02.12 23:03:00;Sell;0.01;XAUUSD;4919.52;0.01;2026.02.12 23:10:01;4914.21;-0.08;;5.31
2026.02.12 23:00:00;Sell;0.01;XAUUSD;4913.29;0.01;2026.02.12 23:10:00;4913.81;-0.08;;-0.52
2026.02.05 03:00:06;Buy;0.01;XAUUSD;5004.8;0.01;2026.02.05 03:00:10;5005.94;-0.08;;1.1400000000000001
2026.01.29 03:45:00;Buy;0.02;XAUUSD;5540.52;0.02;2026.01.29 03:47:00;5536.74;-0.14;;-7.5600000000000005
2026.01.29 03:46:00;Buy;0.02;XAUUSD;5529.18;0.02;2026.01.29 03:47:00;5536.32;-0.14;;14.28
2026.01.29 03:30:00;Buy;0.02;XAUUSD;5508.2;0.02;2026.01.29 03:31:00;5514.56;-0.14;;12.72
2026.01.29 03:00:00;Buy;0.02;XAUUSD;5520.12;0.02;2026.01.29 03:16:00;5491.36;-0.14;;-57.52
2026.01.29 03:10:00;Buy;0.02;XAUUSD;5447.59;0.02;2026.01.29 03:16:00;5491.03;-0.14;;86.88
2026.01.29 03:05:00;Buy;0.02;XAUUSD;5469.16;0.02;2026.01.29 03:16:00;5490.54;-0.14;;42.76
2026.01.29 03:04:00;Buy;0.02;XAUUSD;5483.34;0.02;2026.01.29 03:16:00;5490.54;-0.14;;14.4
2026.01.29 03:01:00;Buy;0.02;XAUUSD;5491.18;0.02;2026.01.29 03:16:00;5492.7;-0.14;;3.04
2026.01.28 23:36:00;Buy;0.02;XAUUSD;5383.66;0.02;2026.01.28 23:37:00;5383.89;-0.14;;0.46
2026.01.28 23:25:00;Buy;0.02;XAUUSD;5387.95;0.02;2026.01.28 23:33:00;5385.35;-0.14;;-5.2
2026.01.28 23:24:00;Buy;0.02;XAUUSD;5388.61;0.02;2026.01.28 23:33:00;5386.23;-0.14;;-4.76
2026.01.28 23:28:00;Buy;0.02;XAUUSD;5383.9;0.02;2026.01.28 23:33:00;5386.76;-0.14;;5.72
2026.01.28 23:19:00;Buy;0.02;XAUUSD;5386.5;0.02;2026.01.28 23:21:00;5386.82;-0.14;;0.64
2026.01.28 23:18:00;Buy;0.02;XAUUSD;5387.13;0.02;2026.01.28 23:21:00;5387.21;-0.14;;0.16
2026.01.28 23:12:00;Buy;0.02;XAUUSD;5386.32;0.02;2026.01.28 23:13:00;5387.64;-0.14;;2.64
2026.01.28 23:06:00;Buy;0.02;XAUUSD;5388.52;0.02;2026.01.28 23:07:00;5395.5;-0.14;;13.96
2026.01.28 23:00:00;Buy;0.02;XAUUSD;5379.34;0.02;2026.01.28 23:01:00;5388.87;-0.14;;19.06
2026.01.28 22:55:00;Buy;0.02;XAUUSD;5371.82;0.02;2026.01.28 22:57:00;5378.96;-0.14;;14.28
2026.01.28 22:54:00;Buy;0.02;XAUUSD;5377.73;0.02;2026.01.28 22:57:00;5379.39;-0.14;;3.32
2026.01.28 22:48:00;Buy;0.02;XAUUSD;5386.25;0.02;2026.01.28 22:49:00;5388.37;-0.14;;4.24
2026.01.28 03:45:00;Buy;0.02;XAUUSD;5216.32;0.02;2026.01.28 03:46:00;5219.72;-0.14;;6.8
2026.01.28 03:15:00;Buy;0.02;XAUUSD;5190.39;0.02;2026.01.28 03:19:00;5189.07;-0.14;;-2.64
2026.01.28 03:18:00;Buy;0.02;XAUUSD;5186.56;0.02;2026.01.28 03:19:00;5190.06;-0.14;;7
2026.01.28 03:01:00;Buy;0.02;XAUUSD;5169.4;0.02;2026.01.28 03:02:00;5172.42;-0.14;;6.04
2026.01.28 03:00:00;Buy;0.02;XAUUSD;5173.14;0.02;2026.01.28 03:02:00;5173.42;-0.14;;0.56
2026.01.27 23:54:00;Buy;0.02;XAUUSD;5177.49;0.02;2026.01.27 23:56:00;5178.31;-0.14;;1.6400000000000001
2026.01.27 23:45:00;Buy;0.02;XAUUSD;5188.5;0.02;2026.01.27 23:48:02;5187.07;-0.14;;-2.86
2026.01.27 23:47:00;Buy;0.02;XAUUSD;5182.04;0.02;2026.01.27 23:48:01;5187.14;-0.14;;10.2
2026.01.27 23:46:00;Buy;0.02;XAUUSD;5184.88;0.02;2026.01.27 23:48:00;5187.26;-0.14;;4.76
2026.01.27 23:31:00;Buy;0.02;XAUUSD;5174.18;0.02;2026.01.27 23:38:00;5178.37;-0.14;;8.38
2026.01.27 23:30:04;Buy;0.02;XAUUSD;5176.03;0.02;2026.01.27 23:38:00;5178.32;-0.14;;4.58
2026.01.27 23:24:00;Buy;0.02;XAUUSD;5172.95;0.02;2026.01.27 23:25:00;5173.61;-0.14;;1.32
2026.01.27 23:18:00;Buy;0.02;XAUUSD;5177.52;0.02;2026.01.27 23:21:00;5178.51;-0.14;;1.98
2026.01.27 23:08:00;Buy;0.02;XAUUSD;5176.68;0.02;2026.01.27 23:12:00;5185.41;-0.14;;17.46
2026.01.27 23:07:00;Buy;0.02;XAUUSD;5180.51;0.02;2026.01.27 23:12:00;5185.22;-0.14;;9.42
2026.01.27 23:06:00;Buy;0.02;XAUUSD;5184.66;0.02;2026.01.27 23:12:00;5186.26;-0.14;;3.2
2026.01.27 23:00:00;Buy;0.02;XAUUSD;5177.04;0.02;2026.01.27 23:02:00;5175.84;-0.14;;-2.4
2026.01.27 23:01:00;Buy;0.02;XAUUSD;5172.59;0.02;2026.01.27 23:02:00;5175.49;-0.14;;5.8
2026.01.27 22:54:00;Buy;0.02;XAUUSD;5173.55;0.02;2026.01.27 22:55:00;5175.21;-0.14;;3.32
2026.01.27 22:48:00;Buy;0.02;XAUUSD;5154.66;0.02;2026.01.27 22:49:00;5163.23;-0.14;;17.14
2026.01.27 22:45:00;Buy;0.02;XAUUSD;5142.59;0.02;2026.01.27 22:46:00;5148.92;-0.14;;12.66
2026.01.27 22:42:00;Buy;0.02;XAUUSD;5143.6;0.02;2026.01.27 22:43:00;5147.92;-0.14;;8.64
2026.01.27 22:36:00;Buy;0.02;XAUUSD;5144.66;0.02;2026.01.27 22:37:00;5145.38;-0.14;;1.44
2026.01.27 22:30:00;Buy;0.02;XAUUSD;5141.52;0.02;2026.01.27 22:31:00;5144.94;-0.14;;6.84
2026.01.27 22:24:00;Buy;0.02;XAUUSD;5139.15;0.02;2026.01.27 22:26:00;5139.29;-0.14;;0.28
2026.01.27 22:18:00;Buy;0.02;XAUUSD;5135;0.02;2026.01.27 22:19:00;5141.24;-0.14;;12.48
2026.01.26 03:46:01;Buy;0.02;XAUUSD;5082.15;0.02;2026.01.26 03:54:12;5078.06;-0.14;;-8.18
2026.01.26 03:45:00;Buy;0.02;XAUUSD;5083.58;0.02;2026.01.26 03:54:11;5077.86;-0.14;;-11.44
2026.01.26 03:52:00;Buy;0.02;XAUUSD;5070.71;0.02;2026.01.26 03:54:10;5077.77;-0.14;;14.12
2026.01.26 03:51:00;Buy;0.02;XAUUSD;5075.03;0.02;2026.01.26 03:54:03;5078.16;-0.14;;6.26
2026.01.26 03:48:00;Buy;0.02;XAUUSD;5076.53;0.02;2026.01.26 03:54:01;5080.02;-0.14;;6.98
2026.01.26 03:15:00;Buy;0.02;XAUUSD;5058.43;0.02;2026.01.26 03:18:00;5062.01;-0.14;;7.16
2026.01.26 03:00:06;Buy;0.02;XAUUSD;5040.6;0.02;2026.01.26 03:01:03;5042.58;-0.14;;3.96
2026.01.26 03:00:01;Buy;0.02;XAUUSD;5040.9;0.02;2026.01.26 03:01:01;5042.64;-0.14;;3.48
2026.01.23 19:45:00;Buy;0.02;XAUUSD;4983.29;0.02;2026.01.23 19:45:04;4983.25;-0.14;;-0.08
2026.01.23 19:30:00;Buy;0.02;XAUUSD;4983.23;0.02;2026.01.23 19:31:00;4985.76;-0.14;;5.06
2026.01.23 19:15:01;Buy;0.02;XAUUSD;4985.01;0.02;2026.01.23 19:17:01;4985.61;-0.14;;1.2
2026.01.23 19:00:04;Buy;0.02;XAUUSD;4979.03;0.02;2026.01.23 19:02:02;4981.13;-0.14;;4.2
2026.01.23 19:00:00;Buy;0.02;XAUUSD;4980.78;0.02;2026.01.23 19:02:00;4982.06;-0.14;;2.56
2026.01.23 03:45:00;Buy;0.02;XAUUSD;4951.8;0.02;2026.01.23 03:45:01;4952.6;-0.14;;1.6
2026.01.23 03:01:00;Buy;0.02;XAUUSD;4962.51;0.02;2026.01.23 03:35:02;4953.81;-0.14;;-17.4
2026.01.23 03:00:01;Buy;0.02;XAUUSD;4967.16;0.02;2026.01.23 03:35:02;4953.81;-0.14;;-26.7
2026.01.23 03:03:00;Buy;0.02;XAUUSD;4940.18;0.02;2026.01.23 03:35:02;4953.81;-0.14;;27.26
2026.01.23 03:02:00;Buy;0.02;XAUUSD;4950.64;0.02;2026.01.23 03:35:00;4954.93;-0.14;;8.58
2026.01.22 22:45:00;Buy;0.02;XAUUSD;4922.95;0.02;2026.01.22 22:47:00;4923.54;-0.14;;1.18
2026.01.22 22:30:00;Buy;0.02;XAUUSD;4926.04;0.02;2026.01.22 22:33:00;4926.85;-0.14;;1.62
2026.01.22 22:15:00;Buy;0.02;XAUUSD;4926.13;0.02;2026.01.22 22:17:00;4927.08;-0.14;;1.9
2026.01.22 22:00:01;Buy;0.02;XAUUSD;4912.41;0.02;2026.01.22 22:01:01;4913.69;-0.14;;2.56
2026.01.21 03:45:00;Buy;0.02;XAUUSD;4820.39;0.02;2026.01.21 03:46:00;4823.43;-0.14;;6.08
2026.01.21 03:30:00;Buy;0.02;XAUUSD;4828.05;0.02;2026.01.21 03:31:00;4830.64;-0.14;;5.18
2026.01.21 03:15:00;Buy;0.02;XAUUSD;4807.73;0.02;2026.01.21 03:15:03;4809.52;-0.14;;3.58
2026.01.21 03:00:01;Buy;0.02;XAUUSD;4785.65;0.02;2026.01.21 03:02:00;4786.92;-0.14;;2.54
2026.01.19 03:45:00;Buy;0.01;XAUUSD;4662.59;0.01;2026.01.19 03:47:02;4663.41;-0.08;;0.82
2026.01.19 03:32:00;Buy;0.01;XAUUSD;4661.19;0.01;2026.01.19 03:34:03;4662.93;-0.08;;1.74
2026.01.19 03:31:00;Buy;0.01;XAUUSD;4662.24;0.01;2026.01.19 03:34:02;4663.54;-0.08;;1.3
2026.01.19 03:30:07;Buy;0.01;XAUUSD;4663.92;0.01;2026.01.19 03:34:00;4664.03;-0.08;;0.11
2026.01.19 03:15:04;Buy;0.01;XAUUSD;4665.66;0.01;2026.01.19 03:20:00;4664.39;-0.08;;-1.27
2026.01.19 03:18:00;Buy;0.01;XAUUSD;4657.38;0.01;2026.01.19 03:20:00;4664.85;-0.08;;7.47
2026.01.19 03:17:02;Buy;0.01;XAUUSD;4660.24;0.01;2026.01.19 03:20:00;4664.73;-0.08;;4.49
2026.01.19 03:00:06;Buy;0.01;XAUUSD;4677.64;0.01;2026.01.19 03:07:05;4674.55;-0.08;;-3.09
2026.01.19 03:00:05;Buy;0.01;XAUUSD;4678.56;0.01;2026.01.19 03:07:05;4674.55;-0.08;;-4.01
2026.01.19 03:05:00;Buy;0.01;XAUUSD;4669.91;0.01;2026.01.19 03:07:05;4674.62;-0.08;;4.71
2026.01.19 03:04:01;Buy;0.01;XAUUSD;4671.63;0.01;2026.01.19 03:07:05;4674.62;-0.08;;2.99
2026.01.19 03:01:02;Buy;0.01;XAUUSD;4674.16;0.01;2026.01.19 03:07:00;4675.13;-0.08;;0.97
2026.01.14 22:00:00;Buy;0.01;XAUUSD;4639.4;0.01;2026.01.14 22:02:00;4640.49;-0.08;;1.09
2026.01.12 03:45:01;Buy;0.01;XAUUSD;4573.76;0.01;2026.01.12 03:46:00;4576.28;-0.08;;2.52
2026.01.12 03:30:00;Buy;0.01;XAUUSD;4583.62;0.01;2026.01.12 03:41:01;4580.58;-0.08;;-3.04
2026.01.12 03:36:00;Buy;0.01;XAUUSD;4576.05;0.01;2026.01.12 03:41:01;4580.58;-0.08;;4.53
2026.01.12 03:35:02;Buy;0.01;XAUUSD;4578.2;0.01;2026.01.12 03:41:01;4581.17;-0.08;;2.9699999999999998
2026.01.12 03:31:00;Buy;0.01;XAUUSD;4581.88;0.01;2026.01.12 03:41:00;4580.3;-0.08;;-1.58
2026.01.12 03:15:00;Buy;0.01;XAUUSD;4583.25;0.01;2026.01.12 03:23:00;4578.65;-0.08;;-4.6
2026.01.12 03:20:01;Buy;0.01;XAUUSD;4575.19;0.01;2026.01.12 03:23:00;4578.82;-0.08;;3.63
2026.01.12 03:16:00;Buy;0.01;XAUUSD;4578.03;0.01;2026.01.12 03:23:00;4578.8;-0.08;;0.77
2026.01.12 03:00:05;Buy;0.01;XAUUSD;4591.51;0.01;2026.01.12 03:11:02;4589.71;-0.08;;-1.8
2026.01.12 03:06:00;Buy;0.01;XAUUSD;4584.74;0.01;2026.01.12 03:11:01;4589.72;-0.08;;4.98
2026.01.12 03:03:00;Buy;0.01;XAUUSD;4586.54;0.01;2026.01.12 03:11:00;4590.84;-0.08;;4.3
2026.01.08 22:45:00;Buy;0.01;XAUUSD;4473.77;0.01;2026.01.08 22:47:00;4474.18;-0.08;;0.41
2026.01.08 22:30:00;Buy;0.01;XAUUSD;4470.89;0.01;2026.01.08 22:31:00;4475.18;-0.08;;4.29
2025.12.11 22:07:00;Buy;0.01;XAUUSD;4271.67;0.01;2025.12.11 22:16:01;4269.68;-0.08;;-1.99
2025.12.11 22:00:00;Buy;0.01;XAUUSD;4273.32;0.01;2025.12.11 22:16:01;4269.21;-0.08;;-4.11
2025.12.11 22:09:00;Buy;0.01;XAUUSD;4265.92;0.01;2025.12.11 22:16:01;4269.72;-0.08;;3.8
2025.12.11 22:08:00;Buy;0.01;XAUUSD;4268.73;0.01;2025.12.11 22:16:00;4270.05;-0.08;;1.32
2025.12.11 19:49:00;Buy;0.01;XAUUSD;4274.74;0.01;2025.12.11 19:56:01;4277.82;-0.08;;3.08
2025.12.11 19:48:00;Buy;0.01;XAUUSD;4276.23;0.01;2025.12.11 19:56:00;4278.26;-0.08;;2.03
2025.12.11 19:45:00;Buy;0.01;XAUUSD;4278.29;0.01;2025.12.11 19:56:00;4278.11;-0.08;;-0.18
2025.12.11 19:34:00;Buy;0.01;XAUUSD;4274.5;0.01;2025.12.11 19:44:00;4276.76;-0.08;;2.26
2025.12.11 19:30:00;Buy;0.01;XAUUSD;4276.42;0.01;2025.12.11 19:44:00;4276.83;-0.08;;0.41
2025.12.11 19:16:00;Buy;0.01;XAUUSD;4275.66;0.01;2025.12.11 19:17:00;4278.93;-0.08;;3.27
2025.12.11 19:15:00;Buy;0.01;XAUUSD;4277.53;0.01;2025.12.11 19:17:00;4279.33;-0.08;;1.8
2025.12.11 19:02:00;Buy;0.01;XAUUSD;4272.69;0.01;2025.12.11 19:04:01;4274.74;-0.08;;2.05
2025.12.11 19:00:00;Buy;0.01;XAUUSD;4274.35;0.01;2025.12.11 19:04:00;4275.56;-0.08;;1.21
2025.12.02 23:30:00;Buy;0.02;XAUUSD;4210.33;0.02;2025.12.02 23:39:00;4211.33;-0.14;;2
2025.12.02 23:18:03;Buy;0.02;XAUUSD;4208.87;0.02;2025.12.02 23:23:00;4209.17;-0.14;;0.6
2025.12.02 23:12:00;Buy;0.02;XAUUSD;4208.32;0.02;2025.12.02 23:15:00;4209.06;-0.14;;1.48
2025.12.02 22:48:00;Buy;0.02;XAUUSD;4211.69;0.02;2025.12.02 23:01:00;4210.92;-0.14;;-1.54
2025.12.02 22:51:00;Buy;0.02;XAUUSD;4209.4;0.02;2025.12.02 23:01:00;4211.48;-0.14;;4.16
2025.12.02 22:42:00;Buy;0.02;XAUUSD;4212.04;0.02;2025.12.02 22:47:00;4211.75;-0.14;;-0.58
2025.12.02 22:45:00;Buy;0.02;XAUUSD;4210.48;0.02;2025.12.02 22:47:00;4211.74;-0.14;;2.52
2025.12.02 22:36:01;Buy;0.02;XAUUSD;4206.24;0.02;2025.12.02 22:37:00;4206.82;-0.14;;1.16
2025.11.28 19:30:00;Buy;0.02;XAUUSD;4206.7;0.02;2025.11.28 19:31:00;4207.5;-0.14;;1.6
2025.11.28 19:15:00;Buy;0.02;XAUUSD;4208.16;0.02;2025.11.28 19:20:00;4208.07;-0.14;;-0.18
2025.11.28 19:18:00;Buy;0.02;XAUUSD;4206.57;0.02;2025.11.28 19:20:00;4208.16;-0.14;;3.18
2025.11.28 19:00:00;Buy;0.02;XAUUSD;4207.49;0.02;2025.11.28 19:03:00;4208.9;-0.14;;2.82
2025.11.28 03:45:00;Buy;0.02;XAUUSD;4192.4;0.02;2025.11.28 04:24:02;4191.18;-0.14;;-2.44
2025.11.28 04:08:00;Buy;0.02;XAUUSD;4188.76;0.02;2025.11.28 04:24:01;4191.16;-0.14;;4.8
2025.11.28 03:58:01;Buy;0.02;XAUUSD;4190.55;0.02;2025.11.28 04:24:00;4191.11;-0.14;;1.12
2025.11.28 03:30:00;Buy;0.02;XAUUSD;4187.15;0.02;2025.11.28 03:31:00;4189.14;-0.14;;3.98
2025.11.28 03:15:00;Buy;0.02;XAUUSD;4186.85;0.02;2025.11.28 03:21:01;4186.41;-0.14;;-0.88
2025.11.28 03:18:00;Buy;0.02;XAUUSD;4184.42;0.02;2025.11.28 03:21:00;4185.9;-0.14;;2.96
2025.11.28 03:00:00;Buy;0.02;XAUUSD;4181.26;0.02;2025.11.28 03:01:02;4186.22;-0.14;;9.92
2025.11.24 23:36:00;Buy;0.02;XAUUSD;4133.61;0.02;2025.11.24 23:43:00;4138.2;-0.14;;9.18
2025.11.24 23:18:00;Buy;0.02;XAUUSD;4132.41;0.02;2025.11.24 23:35:00;4133.12;-0.14;;1.42
2025.11.24 23:12:00;Buy;0.02;XAUUSD;4131.69;0.02;2025.11.24 23:16:00;4132.28;-0.14;;1.18
2025.11.24 23:06:00;Buy;0.02;XAUUSD;4131.2;0.02;2025.11.24 23:08:00;4132.37;-0.14;;2.34
2025.11.24 22:48:00;Buy;0.02;XAUUSD;4131.74;0.02;2025.11.24 22:51:02;4131.65;-0.14;;-0.18
2025.11.24 22:49:00;Buy;0.02;XAUUSD;4129.22;0.02;2025.11.24 22:51:00;4131.47;-0.14;;4.5
2025.11.24 22:42:00;Buy;0.02;XAUUSD;4130.77;0.02;2025.11.24 22:45:00;4131.52;-0.14;;1.5
2025.11.24 22:36:00;Buy;0.02;XAUUSD;4130.67;0.02;2025.11.24 22:38:00;4132.96;-0.14;;4.58
2025.11.24 22:27:00;Buy;0.02;XAUUSD;4122.55;0.02;2025.11.24 22:30:02;4124.79;-0.14;;4.48
2025.11.24 22:24:00;Buy;0.02;XAUUSD;4124.85;0.02;2025.11.24 22:30:01;4124.86;-0.14;;0.02
2025.11.24 22:18:00;Buy;0.02;XAUUSD;4122.6;0.02;2025.11.24 22:19:00;4123.61;-0.14;;2.02
2025.11.24 22:15:00;Buy;0.02;XAUUSD;4122.18;0.02;2025.11.24 22:16:00;4122.72;-0.14;;1.08
2025.11.24 22:06:00;Buy;0.02;XAUUSD;4123.38;0.02;2025.11.24 22:13:00;4122.59;-0.14;;-1.58
2025.11.24 22:08:00;Buy;0.02;XAUUSD;4121.31;0.02;2025.11.24 22:13:00;4123.28;-0.14;;3.94
2025.11.24 22:00:06;Buy;0.02;XAUUSD;4118.27;0.02;2025.11.24 22:01:01;4119.15;-0.14;;1.76
2025.11.24 22:00:01;Buy;0.02;XAUUSD;4118.64;0.02;2025.11.24 22:01:01;4119.11;-0.14;;0.94
2025.11.19 17:52:45;Balance;;;;;;;;;-140
2025.11.12 22:00:00;Buy;0.02;XAUUSD;4197.42;0.02;2025.11.12 22:05:00;4197.23;-0.14;;-0.38
2025.11.12 22:02:00;Buy;0.02;XAUUSD;4195.69;0.02;2025.11.12 22:05:00;4197.12;-0.14;;2.86
2025.11.12 19:52:00;Buy;0.02;XAUUSD;4200.17;0.02;2025.11.12 19:56:00;4203.77;-0.14;;7.2
2025.11.12 19:45:00;Buy;0.02;XAUUSD;4202.89;0.02;2025.11.12 19:56:00;4204;-0.14;;2.22
2025.11.12 19:30:00;Buy;0.02;XAUUSD;4196.53;0.02;2025.11.12 19:31:00;4197.9;-0.14;;2.74
2025.11.12 19:15:00;Buy;0.02;XAUUSD;4199.21;0.02;2025.11.12 19:25:03;4197.8;-0.14;;-2.82
2025.11.12 19:19:00;Buy;0.02;XAUUSD;4193.94;0.02;2025.11.12 19:25:03;4198.03;-0.14;;8.18
2025.11.12 19:18:00;Buy;0.02;XAUUSD;4196.64;0.02;2025.11.12 19:25:03;4198.04;-0.14;;2.8
2025.11.12 19:00:00;Buy;0.02;XAUUSD;4196.86;0.02;2025.11.12 19:01:00;4198.8;-0.14;;3.88
2025.11.11 23:24:00;Buy;0.02;XAUUSD;4129.69;0.02;2025.11.11 23:36:00;4128.66;-0.14;;-2.06
2025.11.11 23:33:00;Buy;0.02;XAUUSD;4127.03;0.02;2025.11.11 23:36:00;4128.88;-0.14;;3.7
2025.11.11 23:18:00;Buy;0.02;XAUUSD;4130.38;0.02;2025.11.11 23:19:00;4130.97;-0.14;;1.18
2025.11.11 23:12:00;Buy;0.02;XAUUSD;4130.13;0.02;2025.11.11 23:16:00;4131.09;-0.14;;1.92
2025.11.11 23:06:00;Buy;0.02;XAUUSD;4128.73;0.02;2025.11.11 23:08:00;4129.3;-0.14;;1.1400000000000001
2025.11.11 23:00:00;Buy;0.02;XAUUSD;4129.53;0.02;2025.11.11 23:03:00;4130.21;-0.14;;1.3599999999999999
2025.11.11 22:54:00;Buy;0.02;XAUUSD;4131.01;0.02;2025.11.11 22:57:00;4131.49;-0.14;;0.96
2025.11.11 22:48:00;Buy;0.02;XAUUSD;4129.14;0.02;2025.11.11 22:49:00;4129.84;-0.14;;1.4
2025.11.11 03:45:00;Buy;0.02;XAUUSD;4135.76;0.02;2025.11.11 03:49:01;4135.31;-0.14;;-0.9
2025.11.11 03:47:00;Buy;0.02;XAUUSD;4133.89;0.02;2025.11.11 03:49:00;4135.42;-0.14;;3.06
2025.11.11 03:30:00;Buy;0.02;XAUUSD;4137.55;0.02;2025.11.11 03:31:00;4138.1;-0.14;;1.1
2025.11.11 03:15:00;Buy;0.02;XAUUSD;4132.56;0.02;2025.11.11 03:16:00;4135.95;-0.14;;6.78
2025.11.11 03:00:00;Buy;0.02;XAUUSD;4130.9;0.02;2025.11.11 03:00:02;4131.63;-0.14;;1.46
2025.11.10 03:45:02;Buy;0.02;XAUUSD;4050.96;0.02;2025.11.10 03:48:00;4051.93;-0.14;;1.94
2025.11.10 03:31:01;Buy;0.02;XAUUSD;4046.03;0.02;2025.11.10 03:32:03;4048.67;-0.14;;5.28
2025.11.10 03:30:01;Buy;0.02;XAUUSD;4048.43;0.02;2025.11.10 03:32:00;4048.91;-0.14;;0.96
2025.11.04 23:40:00;Sell;0.02;XAUUSD;3930.55;0.02;2025.11.05 01:50:01;3932.83;-0.14;0.94;-4.5600000000000005
2025.11.05 01:05:00;Sell;0.02;XAUUSD;3937.37;0.02;2025.11.05 01:50:00;3932.07;-0.14;;10.6
2025.11.05 01:02:00;Sell;0.02;XAUUSD;3933.56;0.02;2025.11.05 01:50:00;3932.09;-0.14;;2.94
2025.11.04 23:30:00;Sell;0.02;XAUUSD;3933.87;0.02;2025.11.04 23:33:00;3933.34;-0.14;;1.06
2025.11.04 23:20:00;Sell;0.02;XAUUSD;3934.76;0.02;2025.11.04 23:21:00;3934.4;-0.14;;0.72
2025.10.30 23:06:00;Buy;0.02;XAUUSD;4025.1;0.02;2025.10.30 23:11:00;4024.87;-0.14;;-0.46
2025.10.30 23:09:00;Buy;0.02;XAUUSD;4022.86;0.02;2025.10.30 23:11:00;4024.87;-0.14;;4.02
2025.10.30 22:58:00;Buy;0.02;XAUUSD;4022.53;0.02;2025.10.30 23:01:00;4024.63;-0.14;;4.2
2025.10.30 22:54:00;Buy;0.02;XAUUSD;4024.47;0.02;2025.10.30 23:01:00;4024.68;-0.14;;0.42
2025.10.30 22:45:00;Buy;0.02;XAUUSD;4024.83;0.02;2025.10.30 22:46:00;4025.39;-0.14;;1.12
2025.10.30 22:18:00;Buy;0.02;XAUUSD;4025.34;0.02;2025.10.30 22:31:00;4023.45;-0.14;;-3.7800000000000002
2025.10.30 22:22:00;Buy;0.02;XAUUSD;4020.77;0.02;2025.10.30 22:31:00;4023.38;-0.14;;5.22
2025.10.24 19:35:00;Buy;0.02;XAUUSD;4133.43;0.02;2025.10.24 19:54:00;4131.73;-0.14;;-3.4
2025.10.24 19:34:00;Buy;0.02;XAUUSD;4135.1;0.02;2025.10.24 19:54:00;4131.8;-0.14;;-6.6
2025.10.24 19:30:00;Buy;0.02;XAUUSD;4136.52;0.02;2025.10.24 19:54:00;4131.8;-0.14;;-9.44
2025.10.24 19:41:00;Buy;0.02;XAUUSD;4124.59;0.02;2025.10.24 19:54:00;4131.73;-0.14;;14.28
2025.10.24 19:40:00;Buy;0.02;XAUUSD;4127.42;0.02;2025.10.24 19:54:00;4131.8;-0.14;;8.76
2025.10.24 19:39:00;Buy;0.02;XAUUSD;4130.16;0.02;2025.10.24 19:54:00;4131.72;-0.14;;3.12
2025.10.24 19:18:00;Buy;0.02;XAUUSD;4131.27;0.02;2025.10.24 19:21:00;4133.13;-0.14;;3.7199999999999998
2025.10.24 19:15:00;Buy;0.02;XAUUSD;4133.11;0.02;2025.10.24 19:21:00;4133.05;-0.14;;-0.12
2025.10.24 19:02:00;Buy;0.02;XAUUSD;4128.64;0.02;2025.10.24 19:07:00;4130.77;-0.14;;4.26
2025.10.24 19:00:00;Buy;0.02;XAUUSD;4130.73;0.02;2025.10.24 19:07:00;4130.9;-0.14;;0.34
2025.10.22 23:19:00;Buy;0.01;XAUUSD;4101.72;0.01;2025.10.22 23:36:00;4100.74;-0.08;;-0.98
2025.10.22 23:18:00;Buy;0.01;XAUUSD;4103.62;0.01;2025.10.22 23:36:00;4100.74;-0.08;;-2.88
2025.10.22 23:25:00;Buy;0.01;XAUUSD;4089.63;0.01;2025.10.22 23:36:00;4100.96;-0.08;;11.33
2025.10.22 23:22:00;Buy;0.01;XAUUSD;4098.66;0.01;2025.10.22 23:36:00;4100.75;-0.08;;2.09
2025.10.22 23:06:00;Buy;0.01;XAUUSD;4103.54;0.01;2025.10.22 23:12:00;4104.43;-0.08;;0.89
2025.10.22 23:02:00;Buy;0.01;XAUUSD;4100.4;0.01;2025.10.22 23:04:00;4102.87;-0.08;;2.4699999999999998
2025.10.22 23:00:00;Buy;0.01;XAUUSD;4102.44;0.01;2025.10.22 23:04:00;4102.82;-0.08;;0.38
2025.10.22 22:56:00;Buy;0.01;XAUUSD;4100.69;0.01;2025.10.22 22:57:00;4105.44;-0.08;;4.75
2025.10.22 22:54:00;Buy;0.01;XAUUSD;4103.68;0.01;2025.10.22 22:57:00;4105.65;-0.08;;1.97
2025.10.22 22:48:00;Buy;0.01;XAUUSD;4102.18;0.01;2025.10.22 22:49:00;4105.38;-0.08;;3.2
2025.10.22 22:42:00;Buy;0.01;XAUUSD;4103.85;0.01;2025.10.22 22:43:00;4105.13;-0.08;;1.28
2025.10.22 22:36:00;Buy;0.01;XAUUSD;4109.07;0.01;2025.10.22 22:37:00;4110.05;-0.08;;0.98
2025.10.22 22:30:00;Buy;0.01;XAUUSD;4105.53;0.01;2025.10.22 22:32:00;4108.48;-0.08;;2.95
2025.10.22 22:24:00;Buy;0.01;XAUUSD;4097.47;0.01;2025.10.22 22:25:00;4097.98;-0.08;;0.51
2025.10.22 22:18:00;Buy;0.01;XAUUSD;4091.2;0.01;2025.10.22 22:22:00;4093.34;-0.08;;2.14
2025.10.22 22:12:00;Buy;0.01;XAUUSD;4088.52;0.01;2025.10.22 22:13:00;4089.84;-0.08;;1.32
2025.10.22 22:06:00;Buy;0.01;XAUUSD;4085.15;0.01;2025.10.22 22:08:00;4086.72;-0.08;;1.5699999999999998
2025.10.22 22:00:00;Buy;0.01;XAUUSD;4077.24;0.01;2025.10.22 22:01:00;4078.17;-0.08;;0.93
2025.10.20 23:03:00;Buy;0.01;XAUUSD;4366.49;0.01;2025.10.21 01:02:02;4363.7;-0.08;-0.55;-2.79
2025.10.20 23:02:00;Buy;0.01;XAUUSD;4370.49;0.01;2025.10.21 01:02:02;4363.42;-0.08;-0.55;-7.07
2025.10.20 23:00:00;Buy;0.01;XAUUSD;4378.81;0.01;2025.10.21 01:02:01;4363.33;-0.08;-0.55;-15.48
2025.10.20 23:19:00;Buy;0.01;XAUUSD;4348.53;0.01;2025.10.21 01:02:01;4363.92;-0.08;-0.55;15.39
2025.10.20 23:18:00;Buy;0.01;XAUUSD;4351.2;0.01;2025.10.21 01:02:01;4363.92;-0.08;-0.55;12.72
2025.10.20 23:17:00;Buy;0.01;XAUUSD;4353.39;0.01;2025.10.21 01:02:01;4363.92;-0.08;-0.55;10.53
2025.10.20 23:14:00;Buy;0.01;XAUUSD;4357.11;0.01;2025.10.21 01:02:01;4363.9;-0.08;-0.55;6.79
2025.10.20 23:10:00;Buy;0.01;XAUUSD;4362.17;0.01;2025.10.21 01:02:01;4364.1;-0.08;-0.55;1.9300000000000002
2025.10.20 23:04:00;Buy;0.01;XAUUSD;4363.92;0.01;2025.10.21 01:02:00;4364.15;-0.08;-0.55;0.23
2025.10.20 22:12:00;Buy;0.01;XAUUSD;4366.47;0.01;2025.10.20 22:20:00;4366.96;-0.08;;0.49
2025.10.20 22:06:00;Buy;0.01;XAUUSD;4363.29;0.01;2025.10.20 22:08:00;4366.06;-0.08;;2.77
2025.10.20 20:58:31;Balance;;;;;;;;;1000
2025.10.20 20:57:59;Balance;;;;;;;;;-1327
2025.10.20 19:51:00;Buy;0.01;XAUUSD;4344.59;0.01;2025.10.20 19:53:00;4347.32;-0.08;;2.73
2025.10.20 19:45:00;Buy;0.01;XAUUSD;4346.64;0.01;2025.10.20 19:53:00;4347.36;-0.08;;0.72
2025.10.20 19:30:00;Buy;0.01;XAUUSD;4345.25;0.01;2025.10.20 19:32:00;4345.85;-0.08;;0.6
2025.10.20 19:15:00;Buy;0.01;XAUUSD;4346.99;0.01;2025.10.20 19:17:00;4349.61;-0.08;;2.62
2025.10.20 19:04:00;Buy;0.01;XAUUSD;4345.4;0.01;2025.10.20 19:07:01;4350.16;-0.08;;4.76
2025.10.20 19:01:03;Buy;0.01;XAUUSD;4347.44;0.01;2025.10.20 19:07:01;4350.21;-0.08;;2.77
2025.10.20 19:00:00;Buy;0.01;XAUUSD;4349.23;0.01;2025.10.20 19:07:00;4350.33;-0.08;;1.1
2025.10.17 03:45:00;Buy;0.02;XAUUSD;4367.26;0.02;2025.10.17 03:46:00;4368.42;-0.14;;2.32
2025.10.17 03:30:00;Buy;0.02;XAUUSD;4358.1;0.02;2025.10.17 03:38:00;4357.42;-0.14;;-1.3599999999999999
2025.10.17 03:36:00;Buy;0.02;XAUUSD;4356.22;0.02;2025.10.17 03:38:00;4357.51;-0.14;;2.58
2025.10.17 03:15:00;Buy;0.02;XAUUSD;4356.84;0.02;2025.10.17 03:17:00;4358.08;-0.14;;2.48
2025.10.17 03:00:00;Buy;0.02;XAUUSD;4365.87;0.02;2025.10.17 03:04:00;4365.53;-0.14;;-0.68
2025.10.17 03:02:00;Buy;0.02;XAUUSD;4363.97;0.02;2025.10.17 03:04:00;4365.72;-0.14;;3.5
2025.10.16 19:35:00;Buy;0.02;XAUUSD;4277.74;0.02;2025.10.16 19:47:03;4276.18;-0.14;;-3.12
2025.10.16 19:34:00;Buy;0.02;XAUUSD;4284.22;0.02;2025.10.16 19:47:03;4276.13;-0.14;;-16.18
2025.10.16 19:33:00;Buy;0.02;XAUUSD;4287.09;0.02;2025.10.16 19:47:03;4276.26;-0.14;;-21.66
2025.10.16 19:30:00;Buy;0.02;XAUUSD;4290.08;0.02;2025.10.16 19:47:03;4276.35;-0.14;;-27.46
2025.10.16 19:41:02;Buy;0.02;XAUUSD;4263.86;0.02;2025.10.16 19:47:03;4276.37;-0.14;;25.02
2025.10.16 19:40:00;Buy;0.02;XAUUSD;4265.48;0.02;2025.10.16 19:47:03;4276.38;-0.14;;21.8
2025.10.16 19:38:00;Buy;0.02;XAUUSD;4270.75;0.02;2025.10.16 19:47:02;4277.05;-0.14;;12.6
2025.10.16 19:37:00;Buy;0.02;XAUUSD;4272.21;0.02;2025.10.16 19:47:00;4276.94;-0.14;;9.46
2025.10.15 23:21:00;Buy;0.02;XAUUSD;4206.68;0.02;2025.10.15 23:39:00;4210.68;-0.14;;8
2025.10.15 23:19:00;Buy;0.02;XAUUSD;4208.82;0.02;2025.10.15 23:39:00;4210.68;-0.14;;3.7199999999999998
2025.10.15 23:12:00;Buy;0.02;XAUUSD;4210.74;0.02;2025.10.15 23:39:00;4210.68;-0.14;;-0.12
2025.10.15 03:25:00;Buy;0.02;XAUUSD;4164.22;0.02;2025.10.15 03:40:01;4163.41;-0.14;;-1.62
2025.10.15 03:19:00;Buy;0.02;XAUUSD;4166.48;0.02;2025.10.15 03:40:00;4163.8;-0.14;;-5.36
2025.10.15 03:15:00;Buy;0.02;XAUUSD;4168.62;0.02;2025.10.15 03:40:00;4163.48;-0.14;;-10.28
2025.10.15 03:29:00;Buy;0.02;XAUUSD;4156.6;0.02;2025.10.15 03:40:00;4163.8;-0.14;;14.4
2025.10.15 03:28:00;Buy;0.02;XAUUSD;4159.16;0.02;2025.10.15 03:40:00;4163.88;-0.14;;9.44
2025.10.13 19:17:00;Buy;0.02;XAUUSD;4113.87;0.02;2025.10.13 19:49:01;4112.69;-0.14;;-2.36
2025.10.13 19:15:00;Buy;0.02;XAUUSD;4115.93;0.02;2025.10.13 19:49:01;4112.63;-0.14;;-6.6
2025.10.13 19:37:00;Buy;0.02;XAUUSD;4106.71;0.02;2025.10.13 19:49:01;4112.55;-0.14;;11.68
2025.10.13 19:28:00;Buy;0.02;XAUUSD;4110.8;0.02;2025.10.13 19:49:00;4112.47;-0.14;;3.34
2025.10.13 19:23:00;Buy;0.02;XAUUSD;4112.4;0.02;2025.10.13 19:49:00;4112.45;-0.14;;0.1
2025.10.10 23:30:00;Buy;0.02;XAUUSD;4012.85;0.02;2025.10.10 23:45:02;4012.52;-0.14;;-0.66
2025.10.10 23:33:00;Buy;0.02;XAUUSD;4010.29;0.02;2025.10.10 23:45:00;4012.62;-0.14;;4.66
2025.10.09 23:00:00;Sell;0.02;XAUUSD;3973.21;0.02;2025.10.09 23:43:00;3973.95;-0.14;;-1.48
2025.10.09 23:05:00;Sell;0.02;XAUUSD;3977.21;0.02;2025.10.09 23:43:00;3973.87;-0.14;;6.68
2025.10.08 03:30:00;Buy;0.02;XAUUSD;3998.58;0.02;2025.10.08 03:51:02;3997;-0.14;;-3.16
2025.10.08 03:31:01;Buy;0.02;XAUUSD;3993.38;0.02;2025.10.08 03:51:00;3997.26;-0.14;;7.76
2025.10.08 03:15:00;Buy;0.02;XAUUSD;3997.19;0.02;2025.10.08 03:19:00;3997.7;-0.14;;1.02
2025.10.08 03:00:00;Buy;0.02;XAUUSD;3994.42;0.02;2025.10.08 03:01:00;3995.45;-0.14;;2.06
2025.10.06 03:01:01;Buy;0.02;XAUUSD;3907.9;0.02;2025.10.06 04:09:01;3905.6;-0.14;;-4.6
2025.10.06 03:00:00;Buy;0.02;XAUUSD;3909.82;0.02;2025.10.06 04:09:01;3905.82;-0.14;;-8
2025.10.06 04:01:00;Buy;0.02;XAUUSD;3900.04;0.02;2025.10.06 04:09:01;3905.82;-0.14;;11.56
2025.10.06 03:13:00;Buy;0.02;XAUUSD;3901.53;0.02;2025.10.06 04:09:01;3905.83;-0.14;;8.6
2025.10.06 03:12:00;Buy;0.02;XAUUSD;3903.1;0.02;2025.10.06 04:09:01;3905.82;-0.14;;5.44
2025.10.06 03:03:00;Buy;0.02;XAUUSD;3905.81;0.02;2025.10.06 04:09:00;3905.87;-0.14;;0.12
2025.10.02 23:23:01;Buy;0.02;XAUUSD;3856.46;0.02;2025.10.03 01:08:00;3857.59;-0.14;-1.1;2.26
2025.10.02 23:12:00;Buy;0.02;XAUUSD;3858.01;0.02;2025.10.03 01:08:00;3857.66;-0.14;-1.1;-0.7
2025.10.02 22:57:00;Buy;0.02;XAUUSD;3854.15;0.02;2025.10.02 23:07:00;3856.95;-0.14;;5.6
2025.10.02 22:54:00;Buy;0.02;XAUUSD;3856.54;0.02;2025.10.02 23:07:00;3857.2;-0.14;;1.32
2025.10.02 22:48:00;Buy;0.02;XAUUSD;3856.29;0.02;2025.10.02 22:50:00;3857.02;-0.14;;1.46
2025.09.30 23:01:00;Buy;0.02;XAUUSD;3855.77;0.02;2025.09.30 23:30:01;3855.46;-0.14;;-0.62
2025.09.30 23:00:00;Buy;0.02;XAUUSD;3859.05;0.02;2025.09.30 23:30:01;3855.46;-0.14;;-7.18
2025.09.30 23:06:00;Buy;0.02;XAUUSD;3851.04;0.02;2025.09.30 23:30:01;3855.46;-0.14;;8.84
2025.09.30 23:04:00;Buy;0.02;XAUUSD;3853.67;0.02;2025.09.30 23:30:01;3855.38;-0.14;;3.42
2025.09.30 22:54:00;Buy;0.02;XAUUSD;3859.5;0.02;2025.09.30 22:56:00;3860.68;-0.14;;2.36
2025.09.30 22:42:00;Buy;0.02;XAUUSD;3855.42;0.02;2025.09.30 22:52:00;3857.02;-0.14;;3.2
2025.09.30 22:36:00;Buy;0.02;XAUUSD;3854.58;0.02;2025.09.30 22:40:00;3855.2;-0.14;;1.24
2025.09.30 22:30:00;Buy;0.02;XAUUSD;3853.38;0.02;2025.09.30 22:31:00;3854.04;-0.14;;1.32
2025.09.26 22:00:00;Buy;0.02;XAUUSD;3778.66;0.02;2025.09.29 01:38:26;3769.15;-0.14;-1.19;-19.02
2025.09.26 22:04:00;Buy;0.02;XAUUSD;3775.1;0.02;2025.09.29 01:38:24;3769.37;-0.14;-1.19;-11.46
2025.09.26 22:53:00;Buy;0.02;XAUUSD;3765.86;0.02;2025.09.29 01:38:21;3769.72;-0.14;-1.19;7.72
2025.09.29 01:02:00;Buy;0.02;XAUUSD;3763.65;0.02;2025.09.29 01:38:18;3769.7;-0.14;;12.1
2025.09.26 22:08:00;Buy;0.02;XAUUSD;3773.27;0.02;2025.09.29 01:38:15;3769.74;-0.14;-1.19;-7.06
2025.09.26 22:33:00;Buy;0.02;XAUUSD;3770.72;0.02;2025.09.29 01:38:12;3769.68;-0.14;-1.19;-2.08
2025.09.26 22:38:00;Buy;0.02;XAUUSD;3768.47;0.02;2025.09.29 01:38:09;3769.33;-0.14;-1.19;1.72
2025.09.28 20:29:11;Balance;;;;;;;;;580
2025.09.26 19:45:00;Buy;0.02;XAUUSD;3777.56;0.02;2025.09.26 20:04:00;3776.3;-0.14;;-2.52
2025.09.26 19:52:00;Buy;0.02;XAUUSD;3774.45;0.02;2025.09.26 20:04:00;3776.41;-0.14;;3.92
2025.09.26 19:49:00;Buy;0.02;XAUUSD;3775.98;0.02;2025.09.26 20:04:00;3776.69;-0.14;;1.42
2025.09.26 19:30:00;Buy;0.02;XAUUSD;3774.01;0.02;2025.09.26 19:31:00;3774.6;-0.14;;1.18
2025.09.26 19:15:00;Buy;0.02;XAUUSD;3775.16;0.02;2025.09.26 19:16:00;3775.68;-0.14;;1.04
2025.09.26 19:02:00;Buy;0.02;XAUUSD;3779.1;0.02;2025.09.26 19:04:00;3780.87;-0.14;;3.54
2025.09.26 19:00:00;Buy;0.02;XAUUSD;3780.51;0.02;2025.09.26 19:04:00;3780.85;-0.14;;0.68
2025.09.25 22:18:00;Buy;0.02;XAUUSD;3753.93;0.02;2025.09.25 22:19:00;3754.45;-0.14;;1.04
2025.09.25 22:12:00;Buy;0.02;XAUUSD;3754.68;0.02;2025.09.25 22:15:00;3755.25;-0.14;;1.1400000000000001
2025.09.25 22:06:00;Buy;0.02;XAUUSD;3755.06;0.02;2025.09.25 22:09:00;3755.9;-0.14;;1.6800000000000002
2025.09.25 22:00:00;Buy;0.02;XAUUSD;3755.46;0.02;2025.09.25 22:04:00;3754.74;-0.14;;-1.44
2025.09.25 22:01:00;Buy;0.02;XAUUSD;3753.18;0.02;2025.09.25 22:04:00;3755.04;-0.14;;3.7199999999999998
2025.09.25 01:02:00;Sell;0.02;XAUUSD;3739.33;0.02;2025.09.25 04:39:01;3739.66;-0.14;;-0.66
2025.09.24 23:35:00;Sell;0.02;XAUUSD;3733.31;0.02;2025.09.25 04:39:01;3739.76;-0.14;1.7;-12.9
2025.09.24 23:00:00;Sell;0.02;XAUUSD;3730.13;0.02;2025.09.25 04:39:01;3739.76;-0.14;1.7;-19.26
2025.09.25 03:15:00;Sell;0.02;XAUUSD;3750.05;0.02;2025.09.25 04:39:00;3739.78;-0.14;;20.54
2025.09.25 03:05:00;Sell;0.02;XAUUSD;3746.16;0.02;2025.09.25 04:39:00;3739.76;-0.14;;12.8
2025.09.25 01:21:00;Sell;0.02;XAUUSD;3742.92;0.02;2025.09.25 04:39:00;3739.58;-0.14;;6.68
2025.09.22 22:06:00;Buy;0.02;XAUUSD;3748.1;0.02;2025.09.22 22:39:00;3746.22;-0.14;;-3.76
2025.09.22 22:29:00;Buy;0.02;XAUUSD;3743.99;0.02;2025.09.22 22:39:00;3746.47;-0.14;;4.96
2025.09.22 22:23:00;Buy;0.02;XAUUSD;3746.06;0.02;2025.09.22 22:39:00;3746.64;-0.14;;1.16
2025.09.22 22:00:00;Buy;0.02;XAUUSD;3747.71;0.02;2025.09.22 22:02:00;3748.25;-0.14;;1.08
2025.09.22 22:00:00;Buy;0.02;XAUUSD;3747.74;0.02;2025.09.22 22:02:00;3748.34;-0.14;;1.2
2025.09.22 03:56:00;Buy;0.02;XAUUSD;3688.25;0.02;2025.09.22 04:00:03;3690.8;-0.14;;5.1
2025.09.22 03:45:01;Buy;0.02;XAUUSD;3689.73;0.02;2025.09.22 04:00:00;3690.64;-0.14;;1.8199999999999998
2025.09.22 03:15:00;Buy;0.02;XAUUSD;3690.75;0.02;2025.09.22 03:33:01;3690.73;-0.14;;-0.04
2025.09.22 03:23:00;Buy;0.02;XAUUSD;3688.96;0.02;2025.09.22 03:33:00;3690.66;-0.14;;3.4
2025.09.19 22:30:00;Buy;0.02;XAUUSD;3683.83;0.02;2025.09.19 22:48:00;3683.6;-0.14;;-0.46
2025.09.19 22:35:00;Buy;0.02;XAUUSD;3681.83;0.02;2025.09.19 22:48:00;3683.6;-0.14;;3.54
2025.09.19 22:30:00;Buy;0.02;XAUUSD;3683.9;0.02;2025.09.19 22:48:00;3683.53;-0.14;;-0.74
2025.09.19 22:31:00;Buy;0.02;XAUUSD;3682.25;0.02;2025.09.19 22:48:00;3683.55;-0.14;;2.6
2025.09.19 22:15:00;Buy;0.02;XAUUSD;3683.63;0.02;2025.09.19 22:24:06;3684.19;-0.14;;1.12
2025.09.19 22:00:00;Buy;0.02;XAUUSD;3683.75;0.02;2025.09.19 22:13:00;3684.33;-0.14;;1.16
2025.09.19 22:00:00;Buy;0.02;XAUUSD;3683.77;0.02;2025.09.19 22:13:00;3684.34;-0.14;;1.1400000000000001
2025.09.18 23:33:00;Buy;0.02;XAUUSD;3644.85;0.02;2025.09.19 04:05:00;3644.21;-0.14;-1.1;-1.28
2025.09.18 23:00:00;Buy;0.02;XAUUSD;3646.95;0.02;2025.09.19 04:05:00;3644.12;-0.14;-1.1;-5.66
2025.09.19 03:35:00;Buy;0.02;XAUUSD;3637.01;0.02;2025.09.19 04:05:00;3644;-0.14;;13.98
2025.09.19 02:33:00;Buy;0.02;XAUUSD;3638.58;0.02;2025.09.19 04:05:00;3644.12;-0.14;;11.08
2025.09.19 01:57:00;Buy;0.02;XAUUSD;3640.04;0.02;2025.09.19 04:05:00;3644.04;-0.14;;8
2025.09.19 01:28:00;Buy;0.02;XAUUSD;3641.88;0.02;2025.09.19 04:05:00;3644.02;-0.14;;4.28
2025.09.19 01:05:00;Buy;0.02;XAUUSD;3643.49;0.02;2025.09.19 04:05:00;3644.04;-0.14;;1.1
2025.09.15 22:45:04;Buy;0.02;XAUUSD;3682.02;0.02;2025.09.15 22:50:02;3682.48;-0.14;;0.92
2025.09.15 22:15:01;Buy;0.02;XAUUSD;3680.13;0.02;2025.09.15 22:35:04;3680.9;-0.14;;1.54
2025.09.15 22:00:06;Buy;0.02;XAUUSD;3676.95;0.02;2025.09.15 22:04:00;3677.81;-0.14;;1.72
2025.09.15 19:45:00;Buy;0.02;XAUUSD;3679.02;0.02;2025.09.15 19:49:00;3678.65;-0.14;;-0.74
2025.09.15 19:46:00;Buy;0.02;XAUUSD;3676.62;0.02;2025.09.15 19:49:00;3678.5;-0.14;;3.76
2025.09.15 19:30:02;Buy;0.02;XAUUSD;3684.27;0.02;2025.09.15 19:34:00;3685.17;-0.14;;1.8
2025.09.15 19:15:00;Buy;0.02;XAUUSD;3681.03;0.02;2025.09.15 19:21:00;3681.73;-0.14;;1.4
2025.09.15 19:00:00;Buy;0.02;XAUUSD;3680.53;0.02;2025.09.15 19:06:03;3680.48;-0.14;;-0.1
2025.09.15 19:01:01;Buy;0.02;XAUUSD;3677.89;0.02;2025.09.15 19:06:01;3680.49;-0.14;;5.2
2025.09.05 19:30:00;Buy;0.02;XAUUSD;3599.93;0.02;2025.09.05 19:51:00;3597.51;-0.14;;-4.84
2025.09.05 19:40:00;Buy;0.02;XAUUSD;3594.24;0.02;2025.09.05 19:51:00;3597.45;-0.14;;6.42
2025.09.05 19:36:00;Buy;0.02;XAUUSD;3596.84;0.02;2025.09.05 19:51:00;3597.52;-0.14;;1.3599999999999999
2025.09.05 19:15:00;Buy;0.02;XAUUSD;3597.4;0.02;2025.09.05 19:19:00;3597.94;-0.14;;1.08
2025.09.05 19:00:00;Buy;0.02;XAUUSD;3592.27;0.02;2025.09.05 19:03:00;3592.9;-0.14;;1.26
2025.09.03 19:00:00;Buy;0.02;XAUUSD;3564.17;0.02;2025.09.03 19:08:00;3564.91;-0.14;;1.48
2025.09.02 22:54:00;Buy;0.02;XAUUSD;3534.7;0.02;2025.09.03 03:20:00;3534.13;-0.14;-1.1;-1.1400000000000001
2025.09.02 22:53:00;Buy;0.02;XAUUSD;3538.43;0.02;2025.09.03 03:20:00;3534.14;-0.14;-1.1;-8.58
2025.09.02 22:42:00;Buy;0.02;XAUUSD;3539.76;0.02;2025.09.03 03:20:00;3534.19;-0.14;-1.1;-11.14
2025.09.03 02:37:00;Buy;0.02;XAUUSD;3527.16;0.02;2025.09.03 03:20:00;3534.14;-0.14;;13.96
2025.09.03 02:13:00;Buy;0.02;XAUUSD;3528.7;0.02;2025.09.03 03:20:00;3534.15;-0.14;;10.9
2025.09.03 01:37:00;Buy;0.02;XAUUSD;3530.8;0.02;2025.09.03 03:20:00;3534.21;-0.14;;6.82
2025.09.03 01:02:00;Buy;0.02;XAUUSD;3532.24;0.02;2025.09.03 03:20:00;3534.2;-0.14;;3.92
2025.09.02 22:36:00;Buy;0.02;XAUUSD;3538.22;0.02;2025.09.02 22:37:00;3539.23;-0.14;;2.02
2025.09.02 22:30:00;Buy;0.02;XAUUSD;3536.78;0.02;2025.09.02 22:32:00;3537.56;-0.14;;1.56
2025.09.02 22:30:00;Buy;0.02;XAUUSD;3536.67;0.02;2025.09.02 22:32:00;3537.32;-0.14;;1.3
2025.09.02 22:15:00;Buy;0.02;XAUUSD;3535.98;0.02;2025.09.02 22:17:00;3536.62;-0.14;;1.28
2025.09.02 22:00:00;Buy;0.02;XAUUSD;3528.76;0.02;2025.09.02 22:03:00;3529.92;-0.14;;2.32
2025.09.02 19:45:00;Buy;0.02;XAUUSD;3526.31;0.02;2025.09.02 19:48:00;3526.82;-0.14;;1.02
2025.09.02 19:30:00;Buy;0.02;XAUUSD;3525.09;0.02;2025.09.02 19:33:00;3525.72;-0.14;;1.26
2025.09.02 19:16:00;Buy;0.02;XAUUSD;3524.99;0.02;2025.09.02 19:27:00;3524.65;-0.14;;-0.68
2025.09.02 19:15:00;Buy;0.02;XAUUSD;3526.43;0.02;2025.09.02 19:27:00;3524.72;-0.14;;-3.42
2025.09.02 19:21:00;Buy;0.02;XAUUSD;3521.25;0.02;2025.09.02 19:27:00;3524.67;-0.14;;6.84
2025.09.02 19:17:00;Buy;0.02;XAUUSD;3523.19;0.02;2025.09.02 19:27:00;3524.72;-0.14;;3.06
2025.08.29 22:30:00;Buy;0.02;XAUUSD;3444.27;0.02;2025.08.29 22:34:00;3445.26;-0.14;;1.98
2025.08.29 22:15:00;Buy;0.02;XAUUSD;3444.24;0.02;2025.08.29 22:18:00;3444.98;-0.14;;1.48
2025.08.29 22:00:00;Buy;0.02;XAUUSD;3443.23;0.02;2025.08.29 22:06:00;3443.82;-0.14;;1.18
2025.08.29 19:45:00;Buy;0.02;XAUUSD;3447.32;0.02;2025.08.29 19:55:00;3448.08;-0.14;;1.52
2025.08.29 19:30:00;Buy;0.02;XAUUSD;3445.84;0.02;2025.08.29 19:31:00;3446.36;-0.14;;1.04
2025.08.29 19:20:00;Buy;0.02;XAUUSD;3442.7;0.02;2025.08.29 19:21:00;3444.82;-0.14;;4.24
2025.08.29 19:15:00;Buy;0.02;XAUUSD;3444.53;0.02;2025.08.29 19:21:00;3444.55;-0.14;;0.04
2025.08.29 19:00:00;Buy;0.02;XAUUSD;3445.82;0.02;2025.08.29 19:02:00;3446.31;-0.14;;0.98
2025.08.28 22:30:00;Buy;0.02;XAUUSD;3419.59;0.02;2025.08.28 22:47:00;3420.16;-0.14;;1.1400000000000001
2025.08.27 22:00:00;Buy;0.02;XAUUSD;3394.66;0.02;2025.08.27 22:05:00;3395.41;-0.14;;1.5
2025.08.26 23:54:00;Buy;0.02;XAUUSD;3392.85;0.02;2025.08.27 01:34:00;3391.59;-0.14;-1.06;-2.52
2025.08.27 01:16:00;Buy;0.02;XAUUSD;3389.19;0.02;2025.08.27 01:34:00;3391.59;-0.14;;4.8
2025.08.27 01:05:00;Buy;0.02;XAUUSD;3390.87;0.02;2025.08.27 01:34:00;3391.59;-0.14;;1.44
2025.08.26 23:48:00;Buy;0.02;XAUUSD;3391.43;0.02;2025.08.26 23:53:01;3393.02;-0.14;;3.18
2025.08.26 23:30:00;Buy;0.02;XAUUSD;3390.53;0.02;2025.08.26 23:45:00;3391.14;-0.14;;1.22
2025.08.26 22:54:00;Buy;0.02;XAUUSD;3390.09;0.02;2025.08.26 23:07:00;3390.59;-0.14;;1
2025.08.26 22:45:00;Buy;0.02;XAUUSD;3389.27;0.02;2025.08.26 22:48:00;3389.98;-0.14;;1.42
2025.08.26 22:30:00;Buy;0.02;XAUUSD;3388.59;0.02;2025.08.26 22:43:00;3389.27;-0.14;;1.3599999999999999
2025.08.26 22:30:00;Buy;0.02;XAUUSD;3388.59;0.02;2025.08.26 22:43:00;3389.3;-0.14;;1.42
2025.08.22 22:00:00;Buy;0.02;XAUUSD;3373;0.02;2025.08.22 22:54:00;3371.66;-0.14;;-2.68
2025.08.22 22:25:00;Buy;0.02;XAUUSD;3369.75;0.02;2025.08.22 22:54:00;3371.68;-0.14;;3.86
2025.08.22 22:11:00;Buy;0.02;XAUUSD;3371.39;0.02;2025.08.22 22:54:00;3371.74;-0.14;;0.7
2025.08.22 19:54:00;Buy;0.02;XAUUSD;3369.4;0.02;2025.08.22 20:01:00;3371.57;-0.14;;4.34
2025.08.22 19:45:00;Buy;0.02;XAUUSD;3371.02;0.02;2025.08.22 20:01:00;3371.55;-0.14;;1.06
2025.08.22 19:30:00;Buy;0.02;XAUUSD;3369.03;0.02;2025.08.22 19:31:00;3370.52;-0.14;;2.98
2025.08.22 19:15:00;Buy;0.02;XAUUSD;3371.64;0.02;2025.08.22 19:17:00;3372.7;-0.14;;2.12
2025.08.22 19:00:00;Buy;0.02;XAUUSD;3368.17;0.02;2025.08.22 19:01:00;3369.49;-0.14;;2.64
2025.08.20 23:36:00;Buy;0.02;XAUUSD;3348.7;0.02;2025.08.21 01:02:00;3350.53;-0.14;-3.17;3.66
2025.08.20 22:54:00;Buy;0.02;XAUUSD;3348.72;0.02;2025.08.20 23:31:00;3349.08;-0.14;;0.72
2025.08.20 19:45:00;Buy;0.02;XAUUSD;3345.78;0.02;2025.08.20 20:50:00;3346.4;-0.14;;1.24
2025.08.20 19:30:00;Buy;0.02;XAUUSD;3343.9;0.02;2025.08.20 19:33:00;3344.45;-0.14;;1.1
2025.08.20 19:15:00;Buy;0.02;XAUUSD;3343.46;0.02;2025.08.20 19:17:00;3344.5;-0.14;;2.08
2025.08.20 19:00:00;Buy;0.02;XAUUSD;3341.02;0.02;2025.08.20 19:02:00;3342.58;-0.14;;3.12
2025.08.14 03:45:00;Buy;0.02;XAUUSD;3371.3;0.02;2025.08.14 03:46:00;3371.77;-0.14;;0.94
2025.08.04 03:24:00;Buy;0.01;XAUUSD;3355.39;0.01;2025.08.04 05:27:01;3355.16;-0.08;;-0.23
2025.08.04 03:04:00;Buy;0.01;XAUUSD;3356.93;0.01;2025.08.04 05:27:01;3355.05;-0.08;;-1.88
2025.08.04 03:02:00;Buy;0.01;XAUUSD;3360.4;0.01;2025.08.04 05:27:01;3355.07;-0.08;;-5.33
2025.08.04 03:00:00;Buy;0.01;XAUUSD;3362.27;0.01;2025.08.04 05:27:00;3355.15;-0.08;;-7.12
2025.08.04 04:24:00;Buy;0.01;XAUUSD;3347.24;0.01;2025.08.04 05:27:00;3355.17;-0.08;;7.93
2025.08.04 04:21:00;Buy;0.01;XAUUSD;3349.04;0.01;2025.08.04 05:27:00;3355.22;-0.08;;6.18
2025.08.04 03:58:00;Buy;0.01;XAUUSD;3351.16;0.01;2025.08.04 05:27:00;3354.96;-0.08;;3.8
2025.08.04 03:42:00;Buy;0.01;XAUUSD;3352.86;0.01;2025.08.04 05:27:00;3355.07;-0.08;;2.21
2025.08.01 23:36:00;Buy;0.01;XAUUSD;3361.96;0.01;2025.08.01 23:45:01;3362.44;-0.08;;0.48
2025.08.01 23:18:00;Buy;0.01;XAUUSD;3360.71;0.01;2025.08.01 23:33:00;3361.48;-0.08;;0.77
2025.08.01 19:00:00;Buy;0.01;XAUUSD;3348.77;0.01;2025.08.01 19:57:00;3347.79;-0.08;;-0.98
2025.08.01 19:21:00;Buy;0.01;XAUUSD;3342.36;0.01;2025.08.01 19:57:00;3347.57;-0.08;;5.21
2025.08.01 19:18:00;Buy;0.01;XAUUSD;3344.56;0.01;2025.08.01 19:57:00;3347.73;-0.08;;3.17
2025.08.01 19:05:00;Buy;0.01;XAUUSD;3346.31;0.01;2025.08.01 19:57:00;3347.73;-0.08;;1.42
2025.07.30 23:00:00;Sell;0.01;XAUUSD;3268.96;0.01;2025.07.30 23:28:00;3270.05;-0.08;;-1.09
2025.07.30 23:01:00;Sell;0.01;XAUUSD;3272.81;0.01;2025.07.30 23:28:00;3270.05;-0.08;;2.76
2025.07.28 19:01:10;Balance;;;;;;;;;-637
2025.07.25 22:48:00;Buy;0.01;XAUUSD;3338.2;0.01;2025.07.25 22:55:00;3338.74;-0.08;;0.54
2025.07.23 23:30:00;Sell;0.01;XAUUSD;3388.28;0.01;2025.07.23 23:58:00;3387.16;-0.08;;1.12
2025.07.22 22:48:00;Buy;0.01;XAUUSD;3432.41;0.01;2025.07.23 01:03:00;3431.33;-0.08;-0.52;-1.08
2025.07.22 23:38:00;Buy;0.01;XAUUSD;3429.08;0.01;2025.07.23 01:03:00;3431.33;-0.08;-0.52;2.25
2025.07.22 23:15:00;Buy;0.01;XAUUSD;3430.78;0.01;2025.07.23 01:03:00;3431.24;-0.08;-0.52;0.46
2025.07.22 22:00:00;Buy;0.01;XAUUSD;3429.77;0.01;2025.07.22 22:16:00;3430.31;-0.08;;0.54
2025.07.22 19:45:00;Buy;0.01;XAUUSD;3429.67;0.01;2025.07.22 19:49:00;3430.37;-0.08;;0.7
2025.07.22 19:30:00;Buy;0.01;XAUUSD;3427.93;0.01;2025.07.22 19:31:00;3428.47;-0.08;;0.54
2025.07.22 19:15:00;Buy;0.01;XAUUSD;3429.57;0.01;2025.07.22 19:26:00;3429.27;-0.08;;-0.3
2025.07.22 19:20:00;Buy;0.01;XAUUSD;3427.99;0.01;2025.07.22 19:26:00;3429.3;-0.08;;1.31
2025.07.22 19:00:00;Buy;0.01;XAUUSD;3426.82;0.01;2025.07.22 19:08:00;3427.95;-0.08;;1.13
2025.07.21 19:45:00;Buy;0.01;XAUUSD;3396.08;0.01;2025.07.21 21:09:00;3394.89;-0.08;;-1.19
2025.07.21 20:14:00;Buy;0.01;XAUUSD;3393.12;0.01;2025.07.21 21:09:00;3394.9;-0.08;;1.78
2025.07.21 19:52:00;Buy;0.01;XAUUSD;3394.54;0.01;2025.07.21 21:09:00;3395.08;-0.08;;0.54
2025.07.21 19:15:00;Buy;0.01;XAUUSD;3397.95;0.01;2025.07.21 19:36:00;3398.67;-0.08;;0.72
2025.07.21 19:00:00;Buy;0.01;XAUUSD;3398.13;0.01;2025.07.21 19:04:00;3398.54;-0.08;;0.41
2025.07.17 23:15:00;Buy;0.01;XAUUSD;3339.14;0.01;2025.07.18 01:02:00;3340.95;-0.08;-0.52;1.81
2025.07.17 22:45:00;Buy;0.01;XAUUSD;3340.66;0.01;2025.07.18 01:02:00;3340.95;-0.08;-0.52;0.29
2025.07.17 22:30:00;Buy;0.01;XAUUSD;3339.81;0.01;2025.07.17 22:35:00;3340.34;-0.08;;0.53
2025.07.17 22:15:00;Buy;0.01;XAUUSD;3339.53;0.01;2025.07.17 22:21:00;3340.04;-0.08;;0.51
2025.07.15 23:10:00;Sell;0.01;XAUUSD;3330.27;0.01;2025.07.15 23:17:00;3329.61;-0.08;;0.66
2025.07.14 04:07:01;Buy;0.01;XAUUSD;3365.6;0.01;2025.07.14 09:48:03;3363.53;-0.08;;-2.07
2025.07.14 03:51:00;Buy;0.01;XAUUSD;3367.88;0.01;2025.07.14 09:48:03;3363.53;-0.08;;-4.35
2025.07.14 03:48:00;Buy;0.01;XAUUSD;3370.49;0.01;2025.07.14 09:48:03;3363.53;-0.08;;-6.96
2025.07.14 03:45:00;Buy;0.01;XAUUSD;3372.44;0.01;2025.07.14 09:48:02;3363.53;-0.08;;-8.91
2025.07.14 05:42:01;Buy;0.01;XAUUSD;3354.39;0.01;2025.07.14 09:48:02;3363.53;-0.08;;9.14
2025.07.14 05:09:00;Buy;0.01;XAUUSD;3355.91;0.01;2025.07.14 09:48:02;3363.53;-0.08;;7.62
2025.07.14 04:48:00;Buy;0.01;XAUUSD;3357.79;0.01;2025.07.14 09:48:02;3363.47;-0.08;;5.68
2025.07.14 04:38:00;Buy;0.01;XAUUSD;3359.47;0.01;2025.07.14 09:48:01;3363.47;-0.08;;4
2025.07.14 04:27:00;Buy;0.01;XAUUSD;3361.55;0.01;2025.07.14 09:48:00;3363.47;-0.08;;1.92
2025.07.14 04:10:00;Buy;0.01;XAUUSD;3363.08;0.01;2025.07.14 09:48:00;3363.47;-0.08;;0.39
2025.07.11 03:55:00;Buy;0.01;XAUUSD;3332.46;0.01;2025.07.11 05:18:00;3332.16;-0.08;;-0.3
2025.07.11 03:47:00;Buy;0.01;XAUUSD;3334.57;0.01;2025.07.11 05:18:00;3331.86;-0.08;;-2.71
2025.07.11 03:45:00;Buy;0.01;XAUUSD;3336.14;0.01;2025.07.11 05:18:00;3331.87;-0.08;;-4.27
2025.07.11 04:10:00;Buy;0.01;XAUUSD;3327.4;0.01;2025.07.11 05:18:00;3332.16;-0.08;;4.76
2025.07.11 04:03:00;Buy;0.01;XAUUSD;3328.97;0.01;2025.07.11 05:18:00;3331.88;-0.08;;2.91
2025.07.11 04:00:00;Buy;0.01;XAUUSD;3330.6;0.01;2025.07.11 05:18:00;3332.16;-0.08;;1.56
2025.07.09 22:45:00;Buy;0.01;XAUUSD;3316;0.01;2025.07.09 22:59:00;3315.62;-0.08;;-0.38
2025.07.09 22:56:00;Buy;0.01;XAUUSD;3314.31;0.01;2025.07.09 22:59:00;3315.61;-0.08;;1.3
2025.07.09 22:29:00;Buy;0.01;XAUUSD;3314.61;0.01;2025.07.09 22:37:00;3316.49;-0.08;;1.88
2025.07.09 22:15:00;Buy;0.01;XAUUSD;3316.3;0.01;2025.07.09 22:37:00;3316.49;-0.08;;0.19
2025.07.07 23:11:00;Buy;0.01;XAUUSD;3336.63;0.01;2025.07.08 01:02:00;3340.44;-0.08;-0.52;3.81
2025.07.07 22:56:00;Buy;0.01;XAUUSD;3338.12;0.01;2025.07.08 01:02:00;3340.43;-0.08;-0.52;2.31
2025.07.07 22:45:00;Buy;0.01;XAUUSD;3339.95;0.01;2025.07.08 01:02:00;3340.41;-0.08;-0.52;0.46
2025.07.07 22:30:00;Buy;0.01;XAUUSD;3338.59;0.01;2025.07.07 22:35:00;3339.66;-0.08;;1.07
2025.07.07 22:15:00;Buy;0.01;XAUUSD;3338.28;0.01;2025.07.07 22:28:00;3338.93;-0.08;;0.65
2025.07.07 22:00:00;Buy;0.01;XAUUSD;3334.53;0.01;2025.07.07 22:01:00;3335.13;-0.08;;0.6
2025.07.02 23:12:00;Buy;0.01;XAUUSD;3359.37;0.01;2025.07.03 01:16:00;3362.33;-0.08;-1.56;2.96
2025.07.02 23:00:00;Buy;0.01;XAUUSD;3358.54;0.01;2025.07.02 23:08:00;3359.17;-0.08;;0.63
2025.07.02 22:54:00;Buy;0.01;XAUUSD;3357.82;0.01;2025.07.02 22:57:00;3358.66;-0.08;;0.84
2025.07.02 22:06:00;Buy;0.01;XAUUSD;3356.5;0.01;2025.07.02 22:53:00;3357.53;-0.08;;1.03
2025.07.02 22:00:00;Buy;0.01;XAUUSD;3355.11;0.01;2025.07.02 22:04:00;3355.72;-0.08;;0.61
2025.06.30 23:30:00;Buy;0.01;XAUUSD;3307.07;0.01;2025.07.01 01:26:01;3306.77;-0.08;-0.52;-0.3
2025.06.30 23:00:00;Buy;0.01;XAUUSD;3308.91;0.01;2025.07.01 01:26:00;3306.72;-0.08;-0.52;-2.19
2025.07.01 01:02:00;Buy;0.01;XAUUSD;3303.21;0.01;2025.07.01 01:26:00;3306.73;-0.08;;3.52
2025.06.30 23:35:00;Buy;0.01;XAUUSD;3305.36;0.01;2025.07.01 01:26:00;3306.87;-0.08;-0.52;1.51
2025.06.30 22:54:00;Buy;0.01;XAUUSD;3307;0.01;2025.06.30 22:55:00;3307.56;-0.08;;0.56
2025.06.30 22:36:00;Buy;0.01;XAUUSD;3307.71;0.01;2025.06.30 22:52:00;3307.49;-0.08;;-0.22
2025.06.30 22:45:00;Buy;0.01;XAUUSD;3306.1;0.01;2025.06.30 22:52:00;3307.49;-0.08;;1.3900000000000001
2025.06.30 22:30:00;Buy;0.01;XAUUSD;3306.34;0.01;2025.06.30 22:35:00;3306.88;-0.08;;0.54
2025.06.30 22:30:00;Buy;0.01;XAUUSD;3306.2;0.01;2025.06.30 22:33:00;3306.66;-0.08;;0.46
2025.06.30 22:24:00;Buy;0.01;XAUUSD;3305.37;0.01;2025.06.30 22:28:00;3306.84;-0.08;;1.47
2025.06.30 22:18:00;Buy;0.01;XAUUSD;3304.11;0.01;2025.06.30 22:19:00;3306.44;-0.08;;2.33
2025.06.30 22:15:00;Buy;0.01;XAUUSD;3303.31;0.01;2025.06.30 22:17:00;3303.82;-0.08;;0.51
2025.06.26 03:00:00;Buy;0.01;XAUUSD;3339.31;0.01;2025.06.26 04:09:01;3335.89;-0.08;;-3.42
2025.06.26 04:01:00;Buy;0.01;XAUUSD;3332.42;0.01;2025.06.26 04:09:01;3335.89;-0.08;;3.4699999999999998
2025.06.26 03:28:00;Buy;0.01;XAUUSD;3333.85;0.01;2025.06.26 04:09:01;3335.9;-0.08;;2.05
2025.06.26 03:02:00;Buy;0.01;XAUUSD;3335.48;0.01;2025.06.26 04:09:01;3335.9;-0.08;;0.42
2025.06.25 03:00:00;Buy;0.01;XAUUSD;3324.08;0.01;2025.06.25 03:01:02;3325.13;-0.08;;1.05
2025.06.24 22:48:00;Buy;0.01;XAUUSD;3323.96;0.01;2025.06.25 02:20:00;3323.86;-0.08;-0.52;-0.1
2025.06.25 01:08:00;Buy;0.01;XAUUSD;3322.53;0.01;2025.06.25 02:20:00;3323.86;-0.08;;1.33
2025.06.20 22:35:00;Buy;0.01;XAUUSD;3368.34;0.01;2025.06.20 23:22:00;3368.24;-0.08;;-0.1
2025.06.20 22:15:00;Buy;0.01;XAUUSD;3370.37;0.01;2025.06.20 23:22:00;3368.24;-0.08;;-2.13
2025.06.20 22:49:00;Buy;0.01;XAUUSD;3365.06;0.01;2025.06.20 23:22:00;3368.24;-0.08;;3.18
2025.06.20 22:41:00;Buy;0.01;XAUUSD;3366.52;0.01;2025.06.20 23:22:00;3368.13;-0.08;;1.6099999999999999
2025.06.20 20:18:00;Buy;0.01;XAUUSD;3370.16;0.01;2025.06.20 22:10:00;3369.96;-0.08;;-0.2
2025.06.20 19:49:00;Buy;0.01;XAUUSD;3371.75;0.01;2025.06.20 22:10:00;3369.96;-0.08;;-1.79
2025.06.20 19:45:00;Buy;0.01;XAUUSD;3373.27;0.01;2025.06.20 22:10:00;3369.96;-0.08;;-3.31
2025.06.20 21:19:00;Buy;0.01;XAUUSD;3365.07;0.01;2025.06.20 22:10:00;3369.96;-0.08;;4.89
2025.06.20 20:57:00;Buy;0.01;XAUUSD;3366.84;0.01;2025.06.20 22:10:00;3369.96;-0.08;;3.12
2025.06.20 20:35:00;Buy;0.01;XAUUSD;3368.36;0.01;2025.06.20 22:10:00;3369.96;-0.08;;1.6
2025.06.20 19:30:00;Buy;0.01;XAUUSD;3369.72;0.01;2025.06.20 19:35:00;3370.88;-0.08;;1.16
2025.06.16 23:20:01;Sell;0.01;XAUUSD;3384.82;0.01;2025.06.16 23:44:00;3384.32;-0.08;;0.5
2025.06.16 23:10:00;Sell;0.01;XAUUSD;3384.3;0.01;2025.06.16 23:13:00;3383.84;-0.08;;0.46
2025.06.13 03:45:00;Buy;0.02;XAUUSD;3406.79;0.02;2025.06.13 03:46:00;3407.77;-0.14;;1.96
2025.06.12 03:45:00;Buy;0.02;XAUUSD;3367.21;0.02;2025.06.12 03:47:00;3370.16;-0.14;;5.9
2025.06.12 03:30:00;Buy;0.02;XAUUSD;3367.5;0.02;2025.06.12 03:40:00;3369.4;-0.14;;3.8
2025.06.12 03:15:00;Buy;0.02;XAUUSD;3365.33;0.02;2025.06.12 03:20:00;3366.82;-0.14;;2.98
2025.06.12 03:00:00;Buy;0.02;XAUUSD;3365.96;0.02;2025.06.12 03:01:00;3366.31;-0.14;;0.7
2025.06.11 23:36:00;Buy;0.02;XAUUSD;3355.17;0.02;2025.06.11 23:57:00;3354.66;-0.14;;-1.02
2025.06.11 23:38:00;Buy;0.02;XAUUSD;3352.57;0.02;2025.06.11 23:57:00;3354.66;-0.14;;4.18
2025.06.11 23:30:00;Buy;0.02;XAUUSD;3353.1;0.02;2025.06.11 23:35:00;3353.54;-0.14;;0.88
2025.06.06 23:20:01;Sell;0.02;XAUUSD;3309.78;0.02;2025.06.09 01:42:00;3312.51;-0.14;0.55;-5.46
2025.06.09 01:02:00;Sell;0.02;XAUUSD;3317.95;0.02;2025.06.09 01:42:00;3312.32;-0.14;;11.26
2025.06.04 22:00:00;Buy;0.02;XAUUSD;3376.27;0.02;2025.06.04 23:36:01;3374.87;-0.14;;-2.8
2025.06.04 22:21:00;Buy;0.02;XAUUSD;3372.19;0.02;2025.06.04 23:36:00;3374.87;-0.14;;5.36
2025.06.04 22:05:00;Buy;0.02;XAUUSD;3374.5;0.02;2025.06.04 23:36:00;3374.87;-0.14;;0.74
2025.06.02 22:54:00;Buy;0.02;XAUUSD;3382.33;0.02;2025.06.02 23:18:01;3381.41;-0.14;;-1.8399999999999999
2025.06.02 23:07:00;Buy;0.02;XAUUSD;3378.88;0.02;2025.06.02 23:18:00;3381.43;-0.14;;5.1
2025.06.02 23:02:00;Buy;0.02;XAUUSD;3380.71;0.02;2025.06.02 23:18:00;3381.43;-0.14;;1.44
2025.06.02 22:45:00;Buy;0.02;XAUUSD;3380.69;0.02;2025.06.02 22:53:00;3382.16;-0.14;;2.94
2025.06.02 22:30:00;Buy;0.02;XAUUSD;3379.03;0.02;2025.06.02 22:34:00;3379.64;-0.14;;1.22
2025.06.02 03:32:01;Buy;0.02;XAUUSD;3310.74;0.02;2025.06.02 03:47:02;3309.76;-0.14;;-1.96
2025.06.02 03:30:00;Buy;0.02;XAUUSD;3313.31;0.02;2025.06.02 03:47:02;3309.76;-0.14;;-7.1
2025.06.02 03:41:01;Buy;0.02;XAUUSD;3304.74;0.02;2025.06.02 03:47:01;3309.76;-0.14;;10.04
2025.06.02 03:40:00;Buy;0.02;XAUUSD;3306.79;0.02;2025.06.02 03:47:01;3309.88;-0.14;;6.18
2025.06.02 03:39:00;Buy;0.02;XAUUSD;3308.56;0.02;2025.06.02 03:47:00;3309.86;-0.14;;2.6
2025.06.02 03:15:01;Buy;0.02;XAUUSD;3313.31;0.02;2025.06.02 03:19:00;3314.41;-0.14;;2.2
2025.06.02 03:00:01;Buy;0.02;XAUUSD;3310.26;0.02;2025.06.02 03:01:04;3311.47;-0.14;;2.42
2025.05.29 19:49:00;Buy;0.02;XAUUSD;3324.75;0.02;2025.05.29 20:46:02;3323.39;-0.14;;-2.7199999999999998
2025.05.29 19:45:00;Buy;0.02;XAUUSD;3326.39;0.02;2025.05.29 20:46:01;3323.37;-0.14;;-6.04
2025.05.29 20:30:00;Buy;0.02;XAUUSD;3319.26;0.02;2025.05.29 20:46:01;3323.37;-0.14;;8.22
2025.05.29 20:10:00;Buy;0.02;XAUUSD;3320.85;0.02;2025.05.29 20:46:01;3323.38;-0.14;;5.06
2025.05.29 19:52:00;Buy;0.02;XAUUSD;3322.9;0.02;2025.05.29 20:46:00;3323.38;-0.14;;0.96
2025.05.29 19:40:00;Buy;0.02;XAUUSD;3324.95;0.02;2025.05.29 19:44:01;3326.89;-0.14;;3.88
2025.05.29 19:30:00;Buy;0.02;XAUUSD;3326.51;0.02;2025.05.29 19:44:00;3326.89;-0.14;;0.76
2025.05.29 19:15:00;Buy;0.02;XAUUSD;3329.68;0.02;2025.05.29 19:16:00;3330.32;-0.14;;1.28
2025.05.29 19:00:00;Buy;0.02;XAUUSD;3321.98;0.02;2025.05.29 19:04:00;3321.84;-0.14;;-0.28
2025.05.29 19:02:00;Buy;0.02;XAUUSD;3320.27;0.02;2025.05.29 19:04:00;3321.84;-0.14;;3.14
2025.05.27 22:48:00;Buy;0.02;XAUUSD;3307.26;0.02;2025.05.28 01:06:02;3304.68;-0.14;-1.02;-5.16
2025.05.27 23:53:01;Buy;0.02;XAUUSD;3300.47;0.02;2025.05.28 01:06:01;3304.78;-0.14;-1.02;8.62
2025.05.27 23:51:00;Buy;0.02;XAUUSD;3302.11;0.02;2025.05.28 01:06:01;3304.78;-0.14;-1.02;5.34
2025.05.27 23:10:00;Buy;0.02;XAUUSD;3303.66;0.02;2025.05.28 01:06:00;3304.76;-0.14;-1.02;2.2
2025.05.27 22:58:00;Buy;0.02;XAUUSD;3305.16;0.02;2025.05.28 01:06:00;3304.76;-0.14;-1.02;-0.8
2025.05.27 03:21:00;Buy;0.02;XAUUSD;3344.56;0.02;2025.05.27 05:46:03;3343.08;-0.14;;-2.96
2025.05.27 03:19:00;Buy;0.02;XAUUSD;3347.29;0.02;2025.05.27 05:46:02;3343.08;-0.14;;-8.42
2025.05.27 03:15:01;Buy;0.02;XAUUSD;3349.55;0.02;2025.05.27 05:46:02;3343.08;-0.14;;-12.94
2025.05.27 04:44:00;Buy;0.02;XAUUSD;3333.72;0.02;2025.05.27 05:46:02;3343.08;-0.14;;18.72
2025.05.27 04:40:01;Buy;0.02;XAUUSD;3335.26;0.02;2025.05.27 05:46:01;3343.12;-0.14;;15.72
2025.05.27 04:25:00;Buy;0.02;XAUUSD;3338.94;0.02;2025.05.27 05:46:01;3343.09;-0.14;;8.3
2025.05.27 04:20:01;Buy;0.02;XAUUSD;3340.76;0.02;2025.05.27 05:46:00;3343.04;-0.14;;4.5600000000000005
2025.05.27 04:05:00;Buy;0.02;XAUUSD;3342.56;0.02;2025.05.27 05:46:00;3342.91;-0.14;;0.7
2025.05.23 19:45:42;Balance;;;;;;;;;-478
2025.05.20 23:12:00;Buy;0.03;XAUUSD;3295.58;0.03;2025.05.21 01:06:01;3295.09;-0.22;-1.58;-1.47
2025.05.20 23:35:00;Buy;0.03;XAUUSD;3289.91;0.03;2025.05.21 01:06:01;3294.93;-0.22;-1.58;15.06
2025.05.20 23:26:00;Buy;0.03;XAUUSD;3291.22;0.03;2025.05.21 01:06:00;3294.92;-0.22;-1.58;11.1
2025.05.20 23:24:05;Buy;0.03;XAUUSD;3294.05;0.03;2025.05.21 01:06:00;3294.89;-0.22;-1.58;2.52
2025.05.20 23:00:00;Buy;0.03;XAUUSD;3294.52;0.03;2025.05.20 23:10:00;3295.26;-0.22;;2.22
2025.05.20 22:54:00;Buy;0.03;XAUUSD;3292.89;0.03;2025.05.20 22:56:01;3295.04;-0.22;;6.45
2025.05.20 22:48:00;Buy;0.03;XAUUSD;3293.24;0.03;2025.05.20 22:49:00;3294.04;-0.22;;2.4
2025.05.20 22:42:00;Buy;0.03;XAUUSD;3291.3;0.03;2025.05.20 22:47:00;3291.91;-0.22;;1.83
2025.05.20 22:30:00;Buy;0.03;XAUUSD;3290.02;0.03;2025.05.20 22:41:01;3290.56;-0.22;;1.62
2025.05.20 22:30:00;Buy;0.03;XAUUSD;3290.02;0.03;2025.05.20 22:41:01;3290.48;-0.22;;1.38
2025.05.20 22:24:00;Buy;0.03;XAUUSD;3289.68;0.03;2025.05.20 22:25:00;3290.44;-0.22;;2.2800000000000002
2025.05.20 22:15:00;Buy;0.03;XAUUSD;3288.41;0.03;2025.05.20 22:19:00;3289.25;-0.22;;2.52
2025.05.20 22:00:00;Buy;0.03;XAUUSD;3287.81;0.03;2025.05.20 22:02:00;3288.52;-0.22;;2.13
2025.05.20 19:45:00;Buy;0.03;XAUUSD;3279.9;0.03;2025.05.20 19:55:00;3279.78;-0.22;;-0.36
2025.05.20 19:48:00;Buy;0.03;XAUUSD;3278.15;0.03;2025.05.20 19:55:00;3279.78;-0.22;;4.89
2025.05.20 19:36:00;Buy;0.03;XAUUSD;3277.08;0.03;2025.05.20 19:43:00;3278.87;-0.22;;5.37
2025.05.20 19:30:00;Buy;0.03;XAUUSD;3278.57;0.03;2025.05.20 19:43:00;3279.1;-0.22;;1.5899999999999999
2025.05.20 19:15:00;Buy;0.03;XAUUSD;3281.14;0.03;2025.05.20 19:16:00;3281.8;-0.22;;1.98
2025.05.20 19:00:00;Buy;0.03;XAUUSD;3277.47;0.03;2025.05.20 19:01:00;3278.23;-0.22;;2.2800000000000002
2025.05.19 03:45:01;Buy;0.03;XAUUSD;3245.97;0.03;2025.05.19 03:47:00;3247.23;-0.22;;3.7800000000000002
2025.05.19 03:30:00;Buy;0.03;XAUUSD;3247.78;0.03;2025.05.19 03:34:00;3248.84;-0.22;;3.18
2025.05.19 03:15:00;Buy;0.03;XAUUSD;3245.77;0.03;2025.05.19 03:16:01;3246.98;-0.22;;3.63
2025.05.19 03:00:01;Buy;0.03;XAUUSD;3235.07;0.03;2025.05.19 03:01:01;3236.25;-0.22;;3.54
2025.05.16 23:29:00;Buy;0.03;XAUUSD;3195.72;0.03;2025.05.16 23:46:01;3201.01;-0.22;;15.87
2025.05.16 23:28:00;Buy;0.03;XAUUSD;3197.25;0.03;2025.05.16 23:46:01;3201.01;-0.22;;11.28
2025.05.16 23:25:00;Buy;0.03;XAUUSD;3199.01;0.03;2025.05.16 23:46:01;3201.01;-0.22;;6
2025.05.16 23:06:00;Buy;0.03;XAUUSD;3200.84;0.03;2025.05.16 23:46:00;3201.01;-0.22;;0.51
2025.05.15 23:54:05;Buy;0.03;XAUUSD;3239.36;0.03;2025.05.15 23:56:00;3239.92;-0.22;;1.6800000000000002
2025.05.15 23:37:00;Buy;0.03;XAUUSD;3237.07;0.03;2025.05.15 23:52:01;3238.78;-0.22;;5.13
2025.05.15 23:30:00;Buy;0.03;XAUUSD;3238.66;0.03;2025.05.15 23:52:01;3238.92;-0.22;;0.78
2025.05.15 23:24:01;Buy;0.03;XAUUSD;3237.87;0.03;2025.05.15 23:26:01;3239.27;-0.22;;4.2
2025.05.15 23:06:00;Buy;0.03;XAUUSD;3234.96;0.03;2025.05.15 23:18:00;3236.26;-0.22;;3.9
2025.05.15 23:00:00;Buy;0.03;XAUUSD;3232.01;0.03;2025.05.15 23:03:00;3233.49;-0.22;;4.44
2025.05.15 22:54:00;Buy;0.03;XAUUSD;3230.86;0.03;2025.05.15 22:58:00;3231.42;-0.22;;1.6800000000000002
2025.05.15 22:45:00;Buy;0.03;XAUUSD;3230.78;0.03;2025.05.15 22:53:00;3231.4;-0.22;;1.8599999999999999
2025.05.15 22:42:01;Buy;0.03;XAUUSD;3230.01;0.03;2025.05.15 22:43:00;3230.64;-0.22;;1.8900000000000001
2025.05.15 22:33:01;Buy;0.03;XAUUSD;3228.27;0.03;2025.05.15 22:40:02;3230.4;-0.22;;6.39
2025.05.15 22:30:00;Buy;0.03;XAUUSD;3230.28;0.03;2025.05.15 22:40:01;3230.4;-0.22;;0.36
2025.05.15 22:33:00;Buy;0.03;XAUUSD;3228.27;0.03;2025.05.15 22:40:01;3230.4;-0.22;;6.39
2025.05.15 22:30:00;Buy;0.03;XAUUSD;3230.3;0.03;2025.05.15 22:40:00;3230.39;-0.22;;0.27
2025.05.15 22:15:00;Buy;0.03;XAUUSD;3224.82;0.03;2025.05.15 22:18:00;3225.41;-0.22;;1.77
2025.05.15 22:00:00;Buy;0.03;XAUUSD;3223.55;0.03;2025.05.15 22:02:00;3224.25;-0.22;;2.1
2025.05.15 19:48:00;Buy;0.03;XAUUSD;3220.24;0.03;2025.05.15 19:54:01;3221.88;-0.22;;4.92
2025.05.15 19:45:00;Buy;0.03;XAUUSD;3221.81;0.03;2025.05.15 19:54:00;3221.9;-0.22;;0.27
2025.05.15 19:30:00;Buy;0.03;XAUUSD;3219.19;0.03;2025.05.15 19:33:00;3221.45;-0.22;;6.78
2025.05.15 19:00:00;Buy;0.03;XAUUSD;3219.99;0.03;2025.05.15 19:18:00;3220.04;-0.22;;0.15
2025.05.15 19:05:00;Buy;0.03;XAUUSD;3217.78;0.03;2025.05.15 19:18:00;3219.94;-0.22;;6.48
2025.05.08 23:30:00;Sell;0.03;XAUUSD;3309.98;0.03;2025.05.08 23:31:01;3309.43;-0.22;;1.65
2025.05.08 23:20:00;Sell;0.03;XAUUSD;3308.91;0.03;2025.05.08 23:22:01;3307.63;-0.22;;3.84
2025.05.08 23:10:00;Sell;0.03;XAUUSD;3307.64;0.03;2025.05.08 23:14:01;3306.36;-0.22;;3.84
2025.05.08 23:00:00;Sell;0.03;XAUUSD;3306.94;0.03;2025.05.08 23:04:00;3305.93;-0.22;;3.03
2025.05.06 23:54:00;Buy;0.03;XAUUSD;3431.78;0.03;2025.05.06 23:55:00;3434.5;-0.22;;8.16
2025.05.06 23:48:00;Buy;0.03;XAUUSD;3429.28;0.03;2025.05.06 23:49:01;3430.77;-0.22;;4.47
2025.05.06 23:12:00;Buy;0.03;XAUUSD;3424.06;0.03;2025.05.06 23:29:01;3423.02;-0.22;;-3.12
2025.05.06 23:23:01;Buy;0.03;XAUUSD;3420.9;0.03;2025.05.06 23:29:01;3423.06;-0.22;;6.48
2025.05.06 23:14:00;Buy;0.03;XAUUSD;3422.49;0.03;2025.05.06 23:29:00;3423.06;-0.22;;1.71
2025.05.06 23:00:00;Buy;0.03;XAUUSD;3423.23;0.03;2025.05.06 23:07:00;3424.28;-0.22;;3.15
2025.05.06 22:54:00;Buy;0.03;XAUUSD;3422.98;0.03;2025.05.06 22:56:00;3424.08;-0.22;;3.3
2025.05.05 22:48:00;Buy;0.03;XAUUSD;3336.4;0.03;2025.05.05 23:56:01;3334.19;-0.22;;-6.63
2025.05.05 22:58:00;Buy;0.03;XAUUSD;3328.68;0.03;2025.05.05 23:56:01;3334.19;-0.22;;16.53
2025.05.05 22:54:00;Buy;0.03;XAUUSD;3332.07;0.03;2025.05.05 23:56:01;3334.28;-0.22;;6.63
2025.05.05 22:50:00;Buy;0.03;XAUUSD;3334.16;0.03;2025.05.05 23:56:00;3334.28;-0.22;;0.36
2025.05.05 22:42:00;Buy;0.03;XAUUSD;3336.22;0.03;2025.05.05 22:46:00;3336.36;-0.22;;0.42
2025.05.05 22:44:00;Buy;0.03;XAUUSD;3334.62;0.03;2025.05.05 22:46:00;3336.26;-0.22;;4.92
2025.05.05 22:30:00;Buy;0.03;XAUUSD;3336.41;0.03;2025.05.05 22:37:00;3336.39;-0.22;;-0.06
2025.05.05 22:32:00;Buy;0.03;XAUUSD;3334.9;0.03;2025.05.05 22:37:00;3336.39;-0.22;;4.47
2025.05.05 22:24:00;Buy;0.03;XAUUSD;3329.47;0.03;2025.05.05 22:25:00;3330.25;-0.22;;2.34
2025.05.05 22:18:00;Buy;0.03;XAUUSD;3328.38;0.03;2025.05.05 22:22:00;3329.04;-0.22;;1.98
2025.05.01 23:53:00;Buy;0.03;XAUUSD;3236.01;0.03;2025.05.02 01:03:00;3240.27;-0.22;-1.53;12.78
2025.05.01 23:44:01;Buy;0.02;XAUUSD;3238.8;0.02;2025.05.02 01:03:00;3240.29;-0.14;-1.02;2.98
2025.05.01 23:40:03;Buy;0.02;XAUUSD;3236.13;0.02;2025.05.01 23:41:02;3237.03;-0.14;;1.8
2025.05.01 23:16:01;Buy;0.02;XAUUSD;3236.66;0.02;2025.05.01 23:40:01;3235.64;-0.14;;-2.04
2025.05.01 23:26:01;Buy;0.04;XAUUSD;3232.19;0.04;2025.05.01 23:40:01;3235.65;-0.28;;13.84
2025.05.01 23:17:00;Buy;0.03;XAUUSD;3234.28;0.03;2025.05.01 23:40:00;3235.28;-0.22;;3
2025.05.01 23:12:00;Buy;0.02;XAUUSD;3232.92;0.02;2025.05.01 23:14:00;3233.92;-0.14;;2
2025.05.01 23:08:00;Buy;0.02;XAUUSD;3231.03;0.02;2025.05.01 23:10:00;3232.01;-0.14;;1.96
2025.05.01 23:04:00;Buy;0.02;XAUUSD;3230.51;0.02;2025.05.01 23:05:00;3231.47;-0.14;;1.92
2025.04.28 22:04:00;Buy;0.02;XAUUSD;3351.42;0.02;2025.04.28 22:20:00;3350.18;-0.14;;-2.48
2025.04.28 22:16:00;Buy;0.03;XAUUSD;3347.23;0.03;2025.04.28 22:20:00;3350.18;-0.22;;8.85
2025.04.28 22:00:01;Buy;0.02;XAUUSD;3349.42;0.02;2025.04.28 22:03:00;3350.24;-0.14;;1.6400000000000001
2025.04.25 23:56:01;Buy;0.02;XAUUSD;3318.58;0.02;2025.04.28 01:03:00;3324.19;-0.14;-1.02;11.22
2025.04.25 23:54:07;Buy;0.02;XAUUSD;3315.97;0.02;2025.04.25 23:56:00;3318;-0.14;;4.06
2025.04.25 23:48:00;Buy;0.02;XAUUSD;3314.43;0.02;2025.04.25 23:54:00;3315.58;-0.14;;2.3
2025.04.25 23:44:00;Buy;0.02;XAUUSD;3312.8;0.02;2025.04.25 23:45:00;3314.82;-0.14;;4.04
2025.04.25 23:40:01;Buy;0.02;XAUUSD;3310.17;0.02;2025.04.25 23:43:01;3312.36;-0.14;;4.38
2025.04.25 23:24:01;Buy;0.02;XAUUSD;3310.36;0.02;2025.04.25 23:40:00;3309.84;-0.14;;-1.04
2025.04.25 23:29:01;Buy;0.03;XAUUSD;3306.81;0.03;2025.04.25 23:40:00;3309.84;-0.22;;9.09
2025.04.25 22:52:00;Buy;0.02;XAUUSD;3311.47;0.02;2025.04.25 23:24:01;3310.24;-0.14;;-2.46
2025.04.25 23:00:00;Buy;0.04;XAUUSD;3305.59;0.04;2025.04.25 23:24:00;3310.21;-0.28;;18.48
2025.04.25 22:54:00;Buy;0.03;XAUUSD;3308.89;0.03;2025.04.25 23:24:00;3310.21;-0.22;;3.96
2025.04.25 22:50:01;Buy;0.02;XAUUSD;3308.52;0.02;2025.04.25 22:51:00;3310.64;-0.14;;4.24
2025.04.25 22:44:00;Buy;0.02;XAUUSD;3308.39;0.02;2025.04.25 22:50:00;3308.1;-0.14;;-0.58
2025.04.25 22:47:00;Buy;0.03;XAUUSD;3304.84;0.03;2025.04.25 22:50:00;3307.75;-0.22;;8.73
2025.04.25 22:40:00;Buy;0.02;XAUUSD;3304;0.02;2025.04.25 22:41:00;3305.94;-0.14;;3.88
2025.04.25 22:36:00;Buy;0.02;XAUUSD;3300.16;0.02;2025.04.25 22:38:00;3301.07;-0.14;;1.8199999999999998
2025.04.25 22:28:00;Buy;0.02;XAUUSD;3294.92;0.02;2025.04.25 22:31:00;3295.74;-0.14;;1.6400000000000001
2025.04.25 22:24:00;Buy;0.02;XAUUSD;3293.74;0.02;2025.04.25 22:25:00;3294.92;-0.14;;2.36
2025.04.25 18:40:00;Sell;0.02;XAUUSD;3276.93;0.02;2025.04.25 18:42:00;3275.27;-0.14;;3.32
2025.04.25 18:20:00;Sell;0.02;XAUUSD;3273.7;0.02;2025.04.25 18:22:00;3271.99;-0.14;;3.42
2025.04.25 18:00:00;Sell;0.02;XAUUSD;3278.03;0.02;2025.04.25 18:10:00;3274.93;-0.14;;6.2
2025.04.23 18:00:00;Sell;0.02;XAUUSD;3287.8;0.02;2025.04.23 18:14:00;3284.06;-0.14;;7.48
2025.04.22 23:00:00;Sell;0.02;XAUUSD;3375.04;0.02;2025.04.23 01:03:00;3340.8;-0.14;0.55;68.48
2025.04.22 22:30:00;Sell;0.02;XAUUSD;3375.51;0.02;2025.04.22 22:32:01;3372.42;-0.14;;6.18
2025.04.22 18:40:00;Sell;0.02;XAUUSD;3425.75;0.02;2025.04.22 18:50:00;3422.38;-0.14;;6.74
2025.04.16 22:24:01;Buy;0.02;XAUUSD;3340.44;0.02;2025.04.16 22:49:03;3339.52;-0.14;;-1.8399999999999999
2025.04.16 22:43:00;Buy;0.03;XAUUSD;3337.64;0.03;2025.04.16 22:49:02;3339.53;-0.22;;5.67
2025.04.16 22:20:00;Buy;0.02;XAUUSD;3339.12;0.02;2025.04.16 22:22:00;3339.86;-0.14;;1.48
2025.04.16 11:00:01;Buy;0.02;XAUUSD;3300.18;0.02;2025.04.16 11:04:01;3305.12;-0.14;;9.88
2025.04.16 10:30:11;Buy;0.02;XAUUSD;3296.3;0.02;2025.04.16 10:51:01;3299.32;-0.14;;6.04
2025.04.11 11:42:00;Buy;0.02;XAUUSD;3215.02;0.02;2025.04.11 11:47:00;3222.68;-0.14;;15.32
2025.04.11 11:30:00;Buy;0.02;XAUUSD;3219.42;0.02;2025.04.11 11:47:00;3222.64;-0.14;;6.44
2025.04.09 11:51:14;Balance;;;;;;;;;-592
2025.04.09 10:12:00;Buy;0.03;XAUUSD;3051.08;0.03;2025.04.09 11:17:01;3047.92;-0.22;;-9.48
2025.04.09 11:04:00;Buy;0.03;XAUUSD;3038.58;0.03;2025.04.09 11:17:00;3047.92;-0.22;;28.02
2025.04.09 10:14:00;Buy;0.03;XAUUSD;3044.03;0.03;2025.04.09 11:17:00;3047.92;-0.22;;11.67
2025.04.08 01:34:00;Sell;0.03;XAUUSD;2986.87;0.03;2025.04.08 07:36:02;2991.28;-0.22;;-13.23
2025.04.07 22:38:00;Sell;0.02;XAUUSD;2979.6;0.02;2025.04.08 07:36:02;2991.28;-0.14;0.44;-23.36
2025.04.07 22:06:00;Sell;0.02;XAUUSD;2972.32;0.02;2025.04.08 07:36:01;2991.26;-0.14;0.44;-37.88
2025.04.07 22:00:00;Sell;0.02;XAUUSD;2965.98;0.02;2025.04.08 07:36:01;2991.17;-0.14;0.44;-50.38
2025.04.08 05:07:01;Sell;0.16;XAUUSD;3003.94;0.16;2025.04.08 07:36:00;2991.15;-1.12;;204.64
2025.04.08 04:10:00;Sell;0.09;XAUUSD;2997.06;0.09;2025.04.08 07:36:00;2991.15;-0.64;;53.19
2025.04.08 03:40:00;Sell;0.05;XAUUSD;2992.26;0.05;2025.04.08 07:36:00;2991.15;-0.36;;5.55
2025.04.07 21:30:00;Sell;0.02;XAUUSD;2969.88;0.02;2025.04.07 21:52:00;2967;-0.14;;5.76
2025.03.31 23:36:01;Buy;0.02;XAUUSD;3123.75;0.02;2025.03.31 23:43:00;3124.11;-0.14;;0.72
2025.03.31 11:00:00;Buy;0.02;XAUUSD;3123.9;0.02;2025.03.31 11:08:00;3126.73;-0.14;;5.66
2025.03.28 10:35:01;Buy;0.02;XAUUSD;3080.86;0.02;2025.03.28 15:36:18;3079.87;-0.14;;-1.98
2025.03.28 10:29:00;Buy;0.02;XAUUSD;3082.48;0.02;2025.03.28 15:36:18;3080.08;-0.14;;-4.8
2025.03.28 10:00:01;Buy;0.02;XAUUSD;3084.83;0.02;2025.03.28 15:36:17;3080.08;-0.14;;-9.5
2025.03.28 11:26:01;Buy;0.02;XAUUSD;3068.47;0.02;2025.03.28 15:36:17;3079.96;-0.14;;22.98
2025.03.28 11:19:00;Buy;0.02;XAUUSD;3072.91;0.02;2025.03.28 15:36:15;3079.91;-0.14;;14
2025.03.28 11:12:01;Buy;0.02;XAUUSD;3074.71;0.02;2025.03.28 15:36:08;3080.39;-0.14;;11.36
2025.03.28 11:06:00;Buy;0.02;XAUUSD;3077.23;0.02;2025.03.28 15:36:02;3080.52;-0.14;;6.58
2025.03.28 10:50:00;Buy;0.02;XAUUSD;3079.2;0.02;2025.03.28 15:36:00;3080.09;-0.14;;1.78
2025.03.28 09:30:00;Buy;0.02;XAUUSD;3082.05;0.02;2025.03.28 09:48:00;3084.09;-0.14;;4.08
2025.03.28 09:00:00;Buy;0.02;XAUUSD;3077.21;0.02;2025.03.28 09:02:00;3079.19;-0.14;;3.96
2025.03.19 22:12:00;Buy;0.02;XAUUSD;3047.58;0.02;2025.03.19 22:34:01;3045.71;-0.14;;-3.74
2025.03.19 22:23:00;Buy;0.04;XAUUSD;3041.92;0.04;2025.03.19 22:34:00;3045.69;-0.28;;15.08
2025.03.19 22:20:00;Buy;0.03;XAUUSD;3045.1;0.03;2025.03.19 22:34:00;3045.73;-0.22;;1.8900000000000001
2025.03.14 11:31:00;Buy;0.02;XAUUSD;2990.49;0.02;2025.03.14 11:59:00;2993.29;-0.14;;5.6
2025.03.14 11:30:00;Buy;0.02;XAUUSD;2992.56;0.02;2025.03.14 11:59:00;2993.23;-0.14;;1.34
2025.03.10 21:30:00;Sell;0.02;XAUUSD;2883.8;0.02;2025.03.10 22:03:01;2884.66;-0.14;;-1.72
2025.03.10 21:49:00;Sell;0.02;XAUUSD;2889.58;0.02;2025.03.10 22:03:00;2884.66;-0.14;;9.84
2025.03.10 21:00:00;Sell;0.02;XAUUSD;2885.73;0.02;2025.03.10 21:02:00;2883.05;-0.14;;5.36
2025.03.04 10:47:00;Buy;0.02;XAUUSD;2911.84;0.02;2025.03.04 11:28:01;2918.96;-0.14;;14.24
2025.03.04 10:41:00;Buy;0.02;XAUUSD;2915.33;0.02;2025.03.04 11:28:01;2919.07;-0.14;;7.48
2025.03.04 10:40:01;Buy;0.02;XAUUSD;2918.35;0.02;2025.03.04 11:28:00;2919.07;-0.14;;1.44
2025.03.04 10:38:01;Buy;0.02;XAUUSD;2916.64;0.02;2025.03.04 10:40:00;2918.26;-0.14;;3.24
2025.03.04 10:30:00;Buy;0.02;XAUUSD;2914.15;0.02;2025.03.04 10:38:00;2916.54;-0.14;;4.78
2025.02.27 18:00:00;Sell;0.02;XAUUSD;2871.98;0.02;2025.02.27 21:35:01;2878.43;-0.14;;-12.9
2025.02.27 20:04:00;Sell;0.02;XAUUSD;2885.2;0.02;2025.02.27 21:35:01;2878.52;-0.14;;13.36
2025.02.27 19:28:00;Sell;0.02;XAUUSD;2880.72;0.02;2025.02.27 21:35:00;2878.25;-0.14;;4.9399999999999995
2025.02.25 23:16:02;Buy;0.02;XAUUSD;2916.65;0.02;2025.02.26 01:05:02;2916.19;-0.14;-0.79;-0.92
2025.02.25 23:43:00;Buy;0.04;XAUUSD;2914.65;0.04;2025.02.26 01:05:01;2915.96;-0.28;-1.5899999999999999;5.24
2025.02.25 23:42:01;Buy;0.03;XAUUSD;2915.7;0.03;2025.02.26 01:05:01;2915.96;-0.22;-1.19;0.78
2025.02.25 23:12:00;Buy;0.02;XAUUSD;2915.73;0.02;2025.02.25 23:13:00;2917.1;-0.14;;2.74
2025.02.25 23:09:01;Buy;0.02;XAUUSD;2915.12;0.02;2025.02.25 23:10:00;2915.69;-0.14;;1.1400000000000001
2025.02.25 23:05:00;Buy;0.03;XAUUSD;2913.88;0.03;2025.02.25 23:09:00;2915.13;-0.22;;3.75
2025.02.25 23:04:00;Buy;0.02;XAUUSD;2915.04;0.02;2025.02.25 23:09:00;2915.13;-0.14;;0.18
2025.02.25 18:40:01;Sell;0.02;XAUUSD;2898.4;0.02;2025.02.25 18:44:00;2896.23;-0.14;;4.34
2025.02.25 18:20:00;Sell;0.02;XAUUSD;2899.59;0.02;2025.02.25 18:26:00;2895.17;-0.14;;8.84
2025.02.14 23:30:00;Sell;0.02;XAUUSD;2882.93;0.02;2025.02.17 01:27:00;2884.08;-0.14;-0.13;-2.3
2025.02.17 01:04:00;Sell;0.02;XAUUSD;2890.27;0.02;2025.02.17 01:27:00;2884.11;-0.14;;12.32
2025.02.14 23:00:00;Sell;0.02;XAUUSD;2885.42;0.02;2025.02.14 23:05:00;2884.24;-0.14;;2.36
2025.02.14 22:34:01;Sell;0.02;XAUUSD;2880.1;0.02;2025.02.14 22:38:00;2879.05;-0.14;;2.1
2025.02.14 22:29:00;Sell;0.02;XAUUSD;2883;0.02;2025.02.14 22:34:00;2880.38;-0.14;;5.24
2025.02.14 22:00:00;Sell;0.02;XAUUSD;2880.64;0.02;2025.02.14 22:34:00;2880.32;-0.14;;0.64
2025.02.14 21:30:00;Sell;0.02;XAUUSD;2883.21;0.02;2025.02.14 21:37:00;2882.12;-0.14;;2.18
2025.02.14 21:00:00;Sell;0.02;XAUUSD;2884.02;0.02;2025.02.14 21:28:00;2882.56;-0.14;;2.92
2025.02.14 18:40:00;Sell;0.02;XAUUSD;2895.66;0.02;2025.02.14 18:44:00;2892.81;-0.14;;5.7
2025.02.10 09:36:02;Buy;0.02;XAUUSD;2895.25;0.02;2025.02.10 09:54:00;2895.02;-0.14;;-0.46
2025.02.10 09:41:00;Buy;0.02;XAUUSD;2893.24;0.02;2025.02.10 09:54:00;2895.02;-0.14;;3.56
2025.02.05 11:09:00;Buy;0.02;XAUUSD;2866.24;0.02;2025.02.05 11:24:01;2869.29;-0.14;;6.1
2025.02.05 11:00:00;Buy;0.02;XAUUSD;2867.7;0.02;2025.02.05 11:24:00;2869.3;-0.14;;3.2
2025.02.05 10:30:00;Buy;0.02;XAUUSD;2865.74;0.02;2025.02.05 10:42:00;2867.14;-0.14;;2.8
2025.02.05 08:30:00;Buy;0.02;XAUUSD;2861.26;0.02;2025.02.05 09:50:01;2860.73;-0.14;;-1.06
2025.02.05 09:03:00;Buy;0.02;XAUUSD;2856.3;0.02;2025.02.05 09:50:01;2860.68;-0.14;;8.76
2025.02.05 09:01:00;Buy;0.02;XAUUSD;2858.22;0.02;2025.02.05 09:50:00;2860.67;-0.14;;4.9
2025.02.05 08:59:00;Buy;0.02;XAUUSD;2859.72;0.02;2025.02.05 09:50:00;2860.65;-0.14;;1.8599999999999999
2025.02.05 08:04:00;Buy;0.02;XAUUSD;2857.88;0.02;2025.02.05 08:24:00;2860.12;-0.14;;4.48
2025.02.05 08:00:00;Buy;0.02;XAUUSD;2859.36;0.02;2025.02.05 08:24:00;2860.12;-0.14;;1.52
2025.01.29 21:30:00;Sell;0.02;XAUUSD;2745.76;0.02;2025.01.29 21:36:00;2746.37;-0.14;;-1.22
2025.01.29 21:33:00;Sell;0.02;XAUUSD;2750.78;0.02;2025.01.29 21:36:00;2746.29;-0.14;;8.98
2025.01.29 21:00:01;Sell;0.02;XAUUSD;2751.19;0.02;2025.01.29 21:01:00;2746.92;-0.14;;8.54
2025.01.29 11:00:00;Buy;0.02;XAUUSD;2764.19;0.02;2025.01.29 11:42:01;2763.88;-0.14;;-0.62
2025.01.29 11:11:00;Buy;0.02;XAUUSD;2760.84;0.02;2025.01.29 11:42:00;2763.9;-0.14;;6.12
2025.01.29 11:04:00;Buy;0.02;XAUUSD;2762.85;0.02;2025.01.29 11:42:00;2763.87;-0.14;;2.04
2025.01.24 11:30:01;Buy;0.02;XAUUSD;2776.98;0.02;2025.01.24 13:02:02;2776.42;-0.14;;-1.12
2025.01.24 11:37:00;Buy;0.02;XAUUSD;2772.31;0.02;2025.01.24 13:02:01;2776.35;-0.14;;8.08
2025.01.24 11:33:00;Buy;0.02;XAUUSD;2774.79;0.02;2025.01.24 13:02:01;2776.34;-0.14;;3.1
2025.01.22 11:30:00;Buy;0.02;XAUUSD;2761.83;0.02;2025.01.22 12:11:04;2761.55;-0.14;;-0.56
2025.01.22 11:57:00;Buy;0.02;XAUUSD;2758.37;0.02;2025.01.22 12:11:03;2761.46;-0.14;;6.18
2025.01.22 11:39:00;Buy;0.02;XAUUSD;2759.87;0.02;2025.01.22 12:11:02;2761.65;-0.14;;3.56
2025.01.22 11:06:04;Buy;0.02;XAUUSD;2755.96;0.02;2025.01.22 11:21:00;2758.18;-0.14;;4.44
2025.01.22 08:02:00;Buy;0.02;XAUUSD;2756.41;0.02;2025.01.22 11:06:03;2755.85;-0.14;;-1.12
2025.01.22 08:00:01;Buy;0.02;XAUUSD;2758.17;0.02;2025.01.22 11:06:02;2755.84;-0.14;;-4.66
2025.01.22 08:26:00;Buy;0.02;XAUUSD;2747.28;0.02;2025.01.22 11:06:02;2755.84;-0.14;;17.12
2025.01.22 08:21:00;Buy;0.02;XAUUSD;2748.83;0.02;2025.01.22 11:06:02;2755.85;-0.14;;14.04
2025.01.22 08:18:00;Buy;0.02;XAUUSD;2750.77;0.02;2025.01.22 11:06:01;2755.9;-0.14;;10.26
2025.01.22 08:14:01;Buy;0.02;XAUUSD;2752.4;0.02;2025.01.22 11:06:01;2756.01;-0.14;;7.22
2025.01.22 08:09:00;Buy;0.02;XAUUSD;2753.85;0.02;2025.01.22 11:06:01;2755.89;-0.14;;4.08
2025.01.22 08:04:00;Buy;0.02;XAUUSD;2755.37;0.02;2025.01.22 11:06:00;2755.89;-0.14;;1.04
2025.01.14 02:45:00;Sell;0.16;XAUUSD;2670.61;0.16;2025.01.14 07:23:03;2671.19;-1.12;;-9.28
2025.01.14 01:49:04;Sell;0.09;XAUUSD;2668.7;0.09;2025.01.14 07:23:03;2671.19;-0.64;;-22.41
2025.01.14 01:31:01;Sell;0.05;XAUUSD;2666.64;0.05;2025.01.14 07:23:02;2671.53;-0.36;;-24.45
2025.01.14 01:07:03;Sell;0.03;XAUUSD;2664.75;0.03;2025.01.14 07:23:02;2671.19;-0.22;;-19.32
2025.01.13 23:31:00;Sell;0.02;XAUUSD;2662.91;0.02;2025.01.14 07:23:01;2671.4;-0.14;0.42;-16.98
2025.01.13 22:35:00;Sell;0.02;XAUUSD;2660.85;0.02;2025.01.14 07:23:01;2671.23;-0.14;0.42;-20.76
2025.01.13 21:30:00;Sell;0.02;XAUUSD;2658.68;0.02;2025.01.14 07:23:01;2671.79;-0.14;0.42;-26.22
2025.01.14 07:03:01;Sell;0.5;XAUUSD;2674.88;0.5;2025.01.14 07:23:00;2671.25;-3.5;;181.5
2025.01.14 06:53:00;Sell;0.28;XAUUSD;2672.72;0.28;2025.01.14 07:23:00;2671.43;-1.96;;36.12
2025.01.13 21:00:01;Sell;0.02;XAUUSD;2659.29;0.02;2025.01.13 21:02:02;2658.29;-0.14;;2
2025.01.13 18:56:01;Sell;0.02;XAUUSD;2663.32;0.02;2025.01.13 18:59:00;2661.89;-0.14;;2.86
2025.01.13 18:00:00;Sell;0.02;XAUUSD;2661.93;0.02;2025.01.13 18:56:00;2663.58;-0.14;;-3.3
2025.01.13 18:28:00;Sell;0.02;XAUUSD;2667.29;0.02;2025.01.13 18:56:00;2663.39;-0.14;;7.8
2024.12.18 23:30:00;Sell;0.02;XAUUSD;2589.92;0.02;2024.12.18 23:36:00;2587.55;-0.14;;4.74
2024.12.18 23:00:00;Sell;0.02;XAUUSD;2592.9;0.02;2024.12.18 23:30:00;2590.11;-0.14;;5.58
2024.12.18 22:41:22;Balance;;;;;;;;;-926
2024.12.18 22:30:00;Sell;0.04;XAUUSD;2596;0.04;2024.12.18 22:34:00;2592.3;-0.28;;14.8
2024.12.18 22:00:00;Sell;0.04;XAUUSD;2604.48;0.04;2024.12.18 22:28:00;2600.22;-0.28;;17.04
2024.12.18 21:30:00;Sell;0.03;XAUUSD;2619.63;0.03;2024.12.18 21:39:00;2615.36;-0.22;;12.81
2024.12.16 01:42:00;Sell;0.03;XAUUSD;2651.9;0.03;2024.12.16 02:40:02;2648.81;-0.22;;9.27
2024.12.13 23:30:01;Sell;0.03;XAUUSD;2649.17;0.03;2024.12.16 02:40:02;2648.81;-0.22;0.62;1.08
2024.12.13 23:00:00;Sell;0.03;XAUUSD;2647.52;0.03;2024.12.13 23:11:01;2646.78;-0.22;;2.22
2024.12.13 22:30:00;Sell;0.03;XAUUSD;2651.97;0.03;2024.12.13 22:32:00;2651.15;-0.22;;2.46
2024.12.13 22:00:00;Sell;0.03;XAUUSD;2653.04;0.03;2024.12.13 22:01:00;2652.14;-0.22;;2.7
2024.12.12 18:00:00;Sell;0.03;XAUUSD;2679.12;0.03;2024.12.12 22:06:00;2682.15;-0.22;;-9.09
2024.12.12 20:02:00;Sell;0.03;XAUUSD;2686.93;0.03;2024.12.12 22:06:00;2682.1;-0.22;;14.49
2024.11.25 21:00:00;Sell;0.03;XAUUSD;2618.9;0.03;2024.11.26 01:36:00;2622.05;-0.22;0.62;-9.45
2024.11.25 22:16:00;Sell;0.03;XAUUSD;2627.69;0.03;2024.11.26 01:36:00;2622.27;-0.22;0.62;16.26
2024.11.25 21:32:00;Sell;0.03;XAUUSD;2624.13;0.03;2024.11.26 01:36:00;2622.17;-0.22;0.62;5.88
2024.11.25 18:55:00;Sell;0.03;XAUUSD;2630.98;0.03;2024.11.25 19:16:00;2628.26;-0.22;;8.16
2024.11.25 18:00:00;Sell;0.03;XAUUSD;2628.39;0.03;2024.11.25 18:55:00;2631.1;-0.22;;-8.13
2024.11.25 18:35:00;Sell;0.03;XAUUSD;2636.44;0.03;2024.11.25 18:55:00;2631.11;-0.22;;15.99
2024.11.21 10:30:00;Buy;0.03;XAUUSD;2666.95;0.03;2024.11.21 10:32:00;2668.63;-0.22;;5.04
2024.11.21 10:20:00;Buy;0.03;XAUUSD;2664.84;0.03;2024.11.21 10:23:00;2666.39;-0.22;;4.65
2024.11.21 10:12:00;Buy;0.03;XAUUSD;2662.15;0.03;2024.11.21 10:20:00;2664.62;-0.22;;7.41
2024.11.21 09:30:00;Buy;0.03;XAUUSD;2663.48;0.03;2024.11.21 10:20:00;2664.63;-0.22;;3.45
2024.11.21 09:18:00;Buy;0.03;XAUUSD;2660.29;0.03;2024.11.21 09:24:02;2662.49;-0.22;;6.6
2024.11.21 09:00:00;Buy;0.03;XAUUSD;2661.48;0.03;2024.11.21 09:24:02;2662.55;-0.22;;3.21
2024.11.21 08:35:00;Buy;0.03;XAUUSD;2659.3;0.03;2024.11.21 08:44:00;2662.1;-0.22;;8.4
2024.11.21 08:30:00;Buy;0.03;XAUUSD;2660.6;0.03;2024.11.21 08:44:00;2662.19;-0.22;;4.77
2024.11.19 11:30:00;Buy;0.03;XAUUSD;2630.63;0.03;2024.11.19 11:35:00;2633.17;-0.22;;7.62
2024.11.19 11:00:00;Buy;0.03;XAUUSD;2626.28;0.03;2024.11.19 11:18:00;2628.04;-0.22;;5.28
2024.11.19 09:00:00;Buy;0.03;XAUUSD;2625.23;0.03;2024.11.19 10:42:00;2623.68;-0.22;;-4.65
2024.11.19 09:14:00;Buy;0.03;XAUUSD;2618.66;0.03;2024.11.19 10:42:00;2623.68;-0.22;;15.06
2024.11.19 09:08:00;Buy;0.03;XAUUSD;2620.13;0.03;2024.11.19 10:42:00;2623.68;-0.22;;10.65
2024.11.19 09:07:00;Buy;0.03;XAUUSD;2621.9;0.03;2024.11.19 10:42:00;2623.68;-0.22;;5.34
2024.11.19 09:03:00;Buy;0.03;XAUUSD;2623.51;0.03;2024.11.19 10:42:00;2623.67;-0.22;;0.48
2024.11.13 23:47:02;Sell;0.03;XAUUSD;2574.33;0.03;2024.11.13 23:57:00;2573.36;-0.22;;2.91
2024.11.13 23:00:00;Sell;0.03;XAUUSD;2573.89;0.03;2024.11.13 23:47:02;2574.45;-0.22;;-1.6800000000000002
2024.11.13 23:10:01;Sell;0.03;XAUUSD;2576.98;0.03;2024.11.13 23:47:02;2574.45;-0.22;;7.59
2024.11.13 22:30:00;Sell;0.03;XAUUSD;2575.88;0.03;2024.11.13 22:31:00;2574.48;-0.22;;4.2
2024.11.13 22:00:00;Sell;0.03;XAUUSD;2580.78;0.03;2024.11.13 22:03:00;2578.31;-0.22;;7.41
2024.11.11 23:00:00;Buy;0.06;XAUUSD;2622.06;0.06;2024.11.12 01:21:01;2621.95;-0.42;-1.97;-0.66
2024.11.11 22:56:00;Buy;0.04;XAUUSD;2623.11;0.04;2024.11.12 01:21:01;2621.95;-0.28;-1.31;-4.64
2024.11.11 22:53:00;Buy;0.03;XAUUSD;2624.39;0.03;2024.11.12 01:21:01;2621.95;-0.22;-0.99;-7.32
2024.11.11 22:48:00;Buy;0.02;XAUUSD;2626.04;0.02;2024.11.12 01:21:01;2621.95;-0.14;-0.66;-8.18
2024.11.11 23:45:00;Buy;0.14;XAUUSD;2620;0.14;2024.11.12 01:21:01;2621.95;-0.98;-4.6;27.3
2024.11.11 23:44:00;Buy;0.09;XAUUSD;2620.81;0.09;2024.11.12 01:21:01;2621.95;-0.64;-2.96;10.26
2024.11.12 00:11:04;Balance;;;;;;;;;730
2024.11.11 18:20:00;Sell;0.02;XAUUSD;2615.07;0.02;2024.11.11 19:08:00;2614.05;-0.14;;2.04
2024.11.11 18:00:00;Sell;0.02;XAUUSD;2614.61;0.02;2024.11.11 18:09:00;2613.47;-0.14;;2.2800000000000002
2024.11.11 13:02:43;Balance;;;;;;;;;-1300
2024.11.06 18:40:00;Sell;0.04;XAUUSD;2669.74;0.04;2024.11.06 18:41:00;2668.06;-0.28;;6.72
2024.11.06 18:20:00;Sell;0.04;XAUUSD;2665.95;0.04;2024.11.06 18:21:00;2663.35;-0.28;;10.4
2024.11.06 18:00:00;Sell;0.04;XAUUSD;2676;0.04;2024.11.06 18:05:00;2673.77;-0.28;;8.92
2024.10.31 22:11:00;Sell;0.03;XAUUSD;2748.77;0.03;2024.11.01 10:34:00;2749.12;-0.22;0.62;-1.05
2024.10.31 21:34:00;Sell;0.03;XAUUSD;2745.26;0.03;2024.11.01 10:34:00;2749.08;-0.22;0.62;-11.46
2024.10.31 18:40:00;Sell;0.03;XAUUSD;2736.71;0.03;2024.11.01 10:34:00;2749.07;-0.22;0.62;-37.08
2024.11.01 09:04:00;Sell;0.05;XAUUSD;2756.49;0.05;2024.11.01 10:34:00;2749.09;-0.36;;37
2024.11.01 08:54:00;Sell;0.03;XAUUSD;2754.47;0.03;2024.11.01 10:34:00;2749.11;-0.22;;16.08
2024.11.01 07:46:00;Sell;0.03;XAUUSD;2752.79;0.03;2024.11.01 10:34:00;2749.15;-0.22;;10.92
2024.11.01 09:03:00;Balance;;;;;;;;;1000
2024.10.31 18:20:00;Sell;0.03;XAUUSD;2738.83;0.03;2024.10.31 18:33:00;2737.04;-0.22;;5.37
2024.10.31 18:00:00;Sell;0.03;XAUUSD;2734.67;0.03;2024.10.31 18:06:00;2732.83;-0.22;;5.52
2024.10.30 09:30:01;Buy;0.03;XAUUSD;2786.48;0.03;2024.10.30 09:40:00;2788.21;-0.22;;5.19
2024.10.30 09:03:00;Buy;0.03;XAUUSD;2781.74;0.03;2024.10.30 09:09:00;2784.32;-0.22;;7.74
2024.10.30 09:00:00;Buy;0.03;XAUUSD;2783.26;0.03;2024.10.30 09:09:00;2784.32;-0.22;;3.18
2024.10.29 10:01:00;Buy;0.02;XAUUSD;2754.62;0.02;2024.10.29 11:51:01;2753.59;-0.14;;-2.06
2024.10.29 10:00:00;Buy;0.02;XAUUSD;2755.87;0.02;2024.10.29 11:51:01;2753.59;-0.14;;-4.5600000000000005
2024.10.29 11:27:00;Buy;0.02;XAUUSD;2746.87;0.02;2024.10.29 11:51:01;2753.59;-0.14;;13.44
2024.10.29 11:22:00;Buy;0.02;XAUUSD;2749.2;0.02;2024.10.29 11:51:01;2753.59;-0.14;;8.78
2024.10.29 11:16:00;Buy;0.02;XAUUSD;2750.67;0.02;2024.10.29 11:51:00;2753.59;-0.14;;5.84
2024.10.29 11:01:00;Buy;0.02;XAUUSD;2752;0.02;2024.10.29 11:51:00;2753.59;-0.14;;3.18
2024.10.29 10:28:00;Buy;0.02;XAUUSD;2753.26;0.02;2024.10.29 11:51:00;2753.52;-0.14;;0.52
2024.10.24 22:00:00;Buy;0.02;XAUUSD;2735.67;0.02;2024.10.24 22:09:00;2735.5;-0.14;;-0.34
2024.10.24 22:01:00;Buy;0.03;XAUUSD;2734.77;0.03;2024.10.24 22:09:00;2735.49;-0.22;;2.16
2024.10.23 21:00:00;Sell;0.02;XAUUSD;2716.72;0.02;2024.10.23 21:01:00;2715.5;-0.14;;2.44
2024.10.23 18:40:00;Sell;0.02;XAUUSD;2718.58;0.02;2024.10.23 20:21:00;2715.81;-0.14;;5.54
2024.10.23 18:20:00;Sell;0.02;XAUUSD;2713.56;0.02;2024.10.23 18:21:00;2711.8;-0.14;;3.52
2024.10.02 23:32:02;Buy;0.02;XAUUSD;2659.61;0.02;2024.10.03 01:15:00;2659.59;-0.14;-1.97;-0.04
2024.10.02 23:50:00;Buy;0.03;XAUUSD;2658.97;0.03;2024.10.03 01:15:00;2659.59;-0.22;-2.96;1.8599999999999999
2024.10.02 23:26:01;Buy;0.03;XAUUSD;2658.73;0.03;2024.10.02 23:32:00;2659.55;-0.22;;2.46
2024.10.02 23:16:00;Buy;0.02;XAUUSD;2659.41;0.02;2024.10.02 23:32:00;2659.55;-0.14;;0.28
2024.10.02 23:13:01;Buy;0.02;XAUUSD;2659.19;0.02;2024.10.02 23:14:00;2659.53;-0.14;;0.68
2024.10.02 23:01:00;Buy;0.02;XAUUSD;2658.8;0.02;2024.10.02 23:13:00;2659.15;-0.14;;0.7
2024.10.02 22:44:00;Buy;0.02;XAUUSD;2658.39;0.02;2024.10.02 23:01:00;2658.75;-0.14;;0.72
2024.10.02 22:40:00;Buy;0.02;XAUUSD;2657.59;0.02;2024.10.02 22:42:00;2657.99;-0.14;;0.8
2024.10.02 22:36:00;Buy;0.02;XAUUSD;2656.8;0.02;2024.10.02 22:40:00;2657.51;-0.14;;1.42
2024.09.24 23:35:01;Buy;0.04;XAUUSD;2662.13;0.04;2024.09.25 04:00:00;2661;-0.28;-1.31;-4.52
2024.09.24 23:01:00;Buy;0.03;XAUUSD;2663.36;0.03;2024.09.25 04:00:00;2661.06;-0.22;-0.99;-6.9
2024.09.24 23:46:01;Buy;0.09;XAUUSD;2657.56;0.09;2024.09.25 04:00:00;2660.89;-0.64;-2.96;29.97
2024.09.24 23:37:00;Buy;0.06;XAUUSD;2659.3;0.06;2024.09.25 04:00:00;2660.9;-0.42;-1.97;9.6
2024.09.24 22:44:00;Buy;0.03;XAUUSD;2664.12;0.03;2024.09.24 23:01:00;2663.29;-0.22;;-2.49
2024.09.24 22:52:00;Buy;0.06;XAUUSD;2661.46;0.06;2024.09.24 23:01:00;2663.29;-0.42;;10.98
2024.09.24 22:46:00;Buy;0.04;XAUUSD;2662.6;0.04;2024.09.24 23:01:00;2663.31;-0.28;;2.84
2024.09.24 22:40:00;Buy;0.03;XAUUSD;2662.37;0.03;2024.09.24 22:41:00;2663.08;-0.22;;2.13
2024.09.24 22:15:00;Buy;0.03;XAUUSD;2658.12;0.03;2024.09.24 22:16:00;2659.2;-0.22;;3.24
2024.09.24 22:00:00;Buy;0.03;XAUUSD;2657.38;0.03;2024.09.24 22:15:00;2658.08;-0.22;;2.1
2024.09.24 08:30:00;Buy;0.03;XAUUSD;2638.04;0.03;2024.09.24 08:31:01;2639.15;-0.22;;3.33
2024.09.20 10:12:00;Buy;0.03;XAUUSD;2608.98;0.03;2024.09.20 10:23:00;2608.61;-0.22;;-1.11
2024.09.20 10:22:00;Buy;0.03;XAUUSD;2606.76;0.03;2024.09.20 10:23:00;2608.6;-0.22;;5.52
2024.09.20 10:09:00;Buy;0.03;XAUUSD;2608.05;0.03;2024.09.20 10:11:00;2608.9;-0.22;;2.55
2024.09.20 09:55:00;Buy;0.03;XAUUSD;2605.93;0.03;2024.09.20 09:58:00;2605.66;-0.22;;-0.81
2024.09.20 09:56:00;Buy;0.03;XAUUSD;2603.65;0.03;2024.09.20 09:58:00;2605.65;-0.22;;6
2024.09.20 09:51:00;Buy;0.03;XAUUSD;2605.25;0.03;2024.09.20 09:55:00;2605.88;-0.22;;1.8900000000000001
2024.09.13 08:33:00;Buy;0.03;XAUUSD;2569.19;0.03;2024.09.13 10:05:00;2568.43;-0.22;;-2.2800000000000002
2024.09.13 08:30:00;Buy;0.03;XAUUSD;2569.98;0.03;2024.09.13 10:05:00;2568.38;-0.22;;-4.8
2024.09.13 09:17:00;Buy;0.03;XAUUSD;2563.69;0.03;2024.09.13 10:05:00;2568.38;-0.22;;14.07
2024.09.13 09:12:00;Buy;0.03;XAUUSD;2564.9;0.03;2024.09.13 10:05:00;2568.33;-0.22;;10.29
2024.09.13 08:49:00;Buy;0.03;XAUUSD;2566.84;0.03;2024.09.13 10:05:00;2568.34;-0.22;;4.5
2024.09.13 08:46:00;Buy;0.03;XAUUSD;2568.12;0.03;2024.09.13 10:05:00;2568.48;-0.22;;1.08
2024.09.13 08:01:00;Buy;0.03;XAUUSD;2568.15;0.03;2024.09.13 08:24:00;2569.51;-0.22;;4.08
2024.09.13 08:00:00;Buy;0.03;XAUUSD;2568.91;0.03;2024.09.13 08:24:00;2569.51;-0.22;;1.8
2024.09.12 23:50:00;Buy;0.04;XAUUSD;2559.35;0.04;2024.09.13 01:30:00;2558.91;-0.28;-1.31;-1.76
2024.09.12 23:46:00;Buy;0.03;XAUUSD;2560.08;0.03;2024.09.13 01:30:00;2558.92;-0.22;-0.99;-3.48
2024.09.13 01:12:00;Buy;0.09;XAUUSD;2557.69;0.09;2024.09.13 01:30:00;2558.93;-0.64;;11.16
2024.09.12 23:57:00;Buy;0.06;XAUUSD;2558.56;0.06;2024.09.13 01:30:00;2558.93;-0.42;-1.97;2.22
2024.09.12 23:40:00;Buy;0.03;XAUUSD;2559.56;0.03;2024.09.12 23:46:00;2559.98;-0.22;;1.26
2024.09.12 23:36:02;Buy;0.03;XAUUSD;2559.42;0.03;2024.09.12 23:39:00;2559.81;-0.22;;1.17
2024.09.11 10:08:00;Buy;0.03;XAUUSD;2524.89;0.03;2024.09.11 10:27:00;2527.29;-0.22;;7.2
2024.09.11 10:00:00;Buy;0.03;XAUUSD;2526.69;0.03;2024.09.11 10:27:00;2527.29;-0.22;;1.8
2024.09.11 09:30:00;Buy;0.03;XAUUSD;2524.97;0.03;2024.09.11 09:38:00;2526.31;-0.22;;4.02
2024.09.09 23:45:00;Buy;0.03;XAUUSD;2507.08;0.03;2024.09.10 01:04:03;2506.81;-0.22;-0.99;-0.81
2024.09.09 23:53:00;Buy;0.06;XAUUSD;2505.72;0.06;2024.09.10 01:04:03;2506.81;-0.42;-1.97;6.54
2024.09.09 23:51:00;Buy;0.04;XAUUSD;2506.42;0.04;2024.09.10 01:04:03;2506.81;-0.28;-1.31;1.56
2024.09.09 23:40:00;Buy;0.03;XAUUSD;2506.58;0.03;2024.09.09 23:45:00;2506.95;-0.22;;1.11
2024.09.09 23:36:06;Buy;0.03;XAUUSD;2506.38;0.03;2024.09.09 23:39:01;2507.06;-0.22;;2.04
2024.09.09 23:32:03;Buy;0.03;XAUUSD;2505.87;0.03;2024.09.09 23:33:02;2506.38;-0.22;;1.53
2024.09.09 23:28:00;Buy;0.03;XAUUSD;2505.54;0.03;2024.09.09 23:32:02;2505.81;-0.22;;0.81
2024.09.05 22:42:00;Buy;0.04;XAUUSD;2515.1;0.04;2024.09.05 23:00:00;2514.96;-0.28;;-0.56
2024.09.05 22:36:00;Buy;0.03;XAUUSD;2515.92;0.03;2024.09.05 23:00:00;2514.94;-0.22;;-2.94
2024.09.05 22:52:00;Buy;0.09;XAUUSD;2514.11;0.09;2024.09.05 23:00:00;2514.94;-0.64;;7.47
2024.09.05 22:45:00;Buy;0.06;XAUUSD;2514.61;0.06;2024.09.05 23:00:00;2514.92;-0.42;;1.8599999999999999
2024.09.05 11:30:00;Buy;0.03;XAUUSD;2514.29;0.03;2024.09.05 11:40:00;2515.9;-0.22;;4.83
2024.09.05 09:29:00;Buy;0.03;XAUUSD;2506.18;0.03;2024.09.05 10:16:00;2505.18;-0.22;;-3
2024.09.05 09:40:00;Buy;0.03;XAUUSD;2503.06;0.03;2024.09.05 10:16:00;2505.18;-0.22;;6.36
2024.09.05 09:33:00;Buy;0.03;XAUUSD;2504.57;0.03;2024.09.05 10:16:00;2505.18;-0.22;;1.83
2024.09.05 09:21:00;Buy;0.03;XAUUSD;2505.42;0.03;2024.09.05 09:29:00;2506.14;-0.22;;2.16
2024.09.05 09:18:00;Buy;0.03;XAUUSD;2504.5;0.03;2024.09.05 09:21:00;2505.35;-0.22;;2.55
2024.09.05 09:12:00;Buy;0.03;XAUUSD;2504.06;0.03;2024.09.05 09:13:00;2504.58;-0.22;;1.56
2024.09.05 09:00:00;Buy;0.03;XAUUSD;2502.1;0.03;2024.09.05 09:11:00;2504.01;-0.22;;5.73
2024.09.03 22:28:00;Buy;0.03;XAUUSD;2493.48;0.03;2024.09.03 22:30:00;2493.98;-0.22;;1.5
2024.09.03 22:24:00;Buy;0.03;XAUUSD;2493.1;0.03;2024.09.03 22:25:00;2493.76;-0.22;;1.98
2024.08.27 22:47:00;Buy;0.03;XAUUSD;2525.47;0.03;2024.08.27 23:13:01;2525.22;-0.22;;-0.75
2024.08.27 23:02:00;Buy;0.04;XAUUSD;2524.35;0.04;2024.08.27 23:13:01;2525.22;-0.28;;3.48
2024.08.27 22:17:00;Buy;0.04;XAUUSD;2523.59;0.04;2024.08.27 22:47:00;2525.42;-0.28;;7.32
2024.08.27 22:04:01;Buy;0.03;XAUUSD;2525.23;0.03;2024.08.27 22:47:00;2525.4;-0.22;;0.51
2024.08.27 22:00:00;Buy;0.03;XAUUSD;2524.56;0.03;2024.08.27 22:04:00;2525.17;-0.22;;1.83
2024.08.21 22:00:00;Buy;0.03;XAUUSD;2516.18;0.03;2024.08.21 22:43:00;2514.56;-0.22;;-4.86
2024.08.21 22:06:00;Buy;0.06;XAUUSD;2512.14;0.06;2024.08.21 22:43:00;2514.54;-0.42;;14.4
2024.08.21 22:02:00;Buy;0.04;XAUUSD;2513.69;0.04;2024.08.21 22:43:00;2514.49;-0.28;;3.2
2024.08.20 23:51:01;Buy;0.04;XAUUSD;2515.8;0.04;2024.08.21 01:19:00;2515.08;-0.28;-1.31;-2.88
2024.08.20 23:36:03;Buy;0.03;XAUUSD;2516.39;0.03;2024.08.21 01:19:00;2515.08;-0.22;-0.99;-3.93
2024.08.21 01:06:01;Buy;0.09;XAUUSD;2513.79;0.09;2024.08.21 01:19:00;2515.08;-0.64;;11.61
2024.08.20 23:54:00;Buy;0.06;XAUUSD;2514.47;0.06;2024.08.21 01:19:00;2515.08;-0.42;-1.97;3.66
2024.08.16 23:22:00;Buy;0.04;XAUUSD;2508.59;0.04;2024.08.16 23:37:00;2507.79;-0.28;;-3.2
2024.08.16 23:14:01;Buy;0.03;XAUUSD;2509.78;0.03;2024.08.16 23:37:00;2507.79;-0.22;;-5.97
2024.08.16 23:32:00;Buy;0.09;XAUUSD;2506.03;0.09;2024.08.16 23:37:00;2507.79;-0.64;;15.84
2024.08.16 23:24:00;Buy;0.06;XAUUSD;2507.3;0.06;2024.08.16 23:37:00;2507.79;-0.42;;2.94
2024.08.16 23:04:01;Buy;0.03;XAUUSD;2509.22;0.03;2024.08.16 23:14:00;2509.72;-0.22;;1.5
2024.08.16 22:58:00;Buy;0.03;XAUUSD;2508.47;0.03;2024.08.16 23:04:00;2509.16;-0.22;;2.07
2024.08.16 22:54:00;Buy;0.03;XAUUSD;2507.17;0.03;2024.08.16 22:58:00;2508.37;-0.22;;3.6
2024.08.16 22:50:00;Buy;0.03;XAUUSD;2506.26;0.03;2024.08.16 22:54:00;2507.11;-0.22;;2.55
2024.08.16 22:40:00;Buy;0.03;XAUUSD;2505.27;0.03;2024.08.16 22:50:00;2506.17;-0.22;;2.7
2024.08.12 23:32:06;Buy;0.03;XAUUSD;2472.31;0.03;2024.08.12 23:55:00;2472.23;-0.22;;-0.24
2024.08.12 23:38:01;Buy;0.04;XAUUSD;2471.65;0.04;2024.08.12 23:55:00;2472.23;-0.28;;2.32
2024.08.12 23:04:01;Buy;0.03;XAUUSD;2471.84;0.03;2024.08.12 23:31:00;2472.2;-0.22;;1.08
2024.08.12 23:00:00;Buy;0.03;XAUUSD;2470.57;0.03;2024.08.12 23:01:00;2471.11;-0.22;;1.62
2024.08.12 22:56:00;Buy;0.03;XAUUSD;2470.74;0.03;2024.08.12 22:59:00;2471.15;-0.22;;1.23
2024.08.12 22:52:00;Buy;0.03;XAUUSD;2470.46;0.03;2024.08.12 22:55:00;2470.91;-0.22;;1.35
2024.08.12 22:42:00;Buy;0.04;XAUUSD;2470.77;0.04;2024.08.12 22:46:00;2471.67;-0.28;;3.6
2024.08.12 22:40:00;Buy;0.03;XAUUSD;2471.65;0.03;2024.08.12 22:46:00;2471.67;-0.22;;0.06
2024.08.08 22:32:00;Buy;0.03;XAUUSD;2423.28;0.03;2024.08.08 22:42:00;2423.14;-0.22;;-0.42
2024.08.08 22:35:00;Buy;0.04;XAUUSD;2421.86;0.04;2024.08.08 22:42:00;2423.14;-0.28;;5.12
2024.07.31 23:00:00;Buy;0.03;XAUUSD;2450.21;0.03;2024.08.01 03:46:00;2448.71;-0.22;-2.96;-4.5
2024.08.01 02:26:00;Buy;0.03;XAUUSD;2445.21;0.03;2024.08.01 03:46:00;2448.71;-0.22;;10.5
2024.07.31 23:26:00;Buy;0.03;XAUUSD;2447.58;0.03;2024.08.01 03:46:00;2448.71;-0.22;-2.96;3.39
2024.07.31 22:43:00;Buy;0.03;XAUUSD;2447.13;0.03;2024.07.31 22:59:00;2450.15;-0.22;;9.06
2024.07.31 22:40:00;Buy;0.03;XAUUSD;2449.81;0.03;2024.07.31 22:59:00;2450.13;-0.22;;0.96
2024.07.31 22:36:00;Buy;0.03;XAUUSD;2446.59;0.03;2024.07.31 22:38:00;2447.81;-0.22;;3.66
2024.07.31 22:32:00;Buy;0.03;XAUUSD;2443.15;0.03;2024.07.31 22:34:00;2444.91;-0.22;;5.28
2024.07.31 22:28:00;Buy;0.03;XAUUSD;2441.7;0.03;2024.07.31 22:29:00;2443.03;-0.22;;3.99
2024.07.31 22:24:00;Buy;0.03;XAUUSD;2438.73;0.03;2024.07.31 22:26:00;2441.36;-0.22;;7.89
2024.07.31 12:44:20;Balance;;;;;;;;;-1350
2024.07.31 03:09:00;Buy;0.08;XAUUSD;2408.41;0.08;2024.07.31 04:28:00;2408.04;-0.56;;-2.96
2024.07.31 01:08:00;Buy;0.08;XAUUSD;2409.59;0.08;2024.07.31 04:28:00;2408.04;-0.56;;-12.4
2024.07.30 23:48:00;Buy;0.08;XAUUSD;2411.13;0.08;2024.07.31 04:28:00;2408.04;-0.56;-2.63;-24.72
2024.07.31 04:06:00;Buy;0.08;XAUUSD;2404.89;0.08;2024.07.31 04:28:00;2408.04;-0.56;;25.2
2024.07.31 04:05:00;Buy;0.08;XAUUSD;2405.79;0.08;2024.07.31 04:28:00;2408.04;-0.56;;18
2024.07.31 04:03:00;Buy;0.08;XAUUSD;2406.68;0.08;2024.07.31 04:28:00;2408.04;-0.56;;10.88
2024.07.31 04:02:00;Buy;0.08;XAUUSD;2407.38;0.08;2024.07.31 04:28:00;2408.04;-0.56;;5.28
2024.07.30 23:44:04;Buy;0.08;XAUUSD;2410.39;0.08;2024.07.30 23:47:00;2411.18;-0.56;;6.32
2024.07.30 23:32:00;Buy;0.08;XAUUSD;2409.55;0.08;2024.07.30 23:40:00;2410.18;-0.56;;5.04
2024.07.30 23:27:00;Buy;0.08;XAUUSD;2410.24;0.08;2024.07.30 23:28:00;2411.63;-0.56;;11.12
2024.07.30 23:24:00;Buy;0.08;XAUUSD;2411.49;0.08;2024.07.30 23:28:00;2411.63;-0.56;;1.12
2024.07.30 23:16:00;Buy;0.08;XAUUSD;2410.23;0.08;2024.07.30 23:21:00;2411.27;-0.56;;8.32
2024.07.30 22:36:00;Buy;0.08;XAUUSD;2406.08;0.08;2024.07.30 22:49:00;2407.73;-0.56;;13.2
2024.07.30 22:28:00;Buy;0.08;XAUUSD;2407.42;0.08;2024.07.30 22:49:00;2407.73;-0.56;;2.48
2024.07.30 22:24:00;Buy;0.08;XAUUSD;2406.39;0.08;2024.07.30 22:27:00;2406.91;-0.56;;4.16
2024.07.25 21:30:00;Sell;0.08;XAUUSD;2358.16;0.08;2024.07.25 22:04:00;2356.37;-0.56;;14.32
2024.07.25 21:00:00;Sell;0.08;XAUUSD;2356.21;0.08;2024.07.25 21:09:00;2354.42;-0.56;;14.32
2024.07.22 19:34:00;Sell;0.07;XAUUSD;2391.01;0.07;2024.07.23 08:24:00;2394.6;-0.5;1.45;-25.13
2024.07.22 18:40:00;Sell;0.07;XAUUSD;2385.36;0.07;2024.07.23 08:24:00;2394.64;-0.5;1.45;-64.96
2024.07.23 04:22:00;Sell;0.07;XAUUSD;2402.13;0.07;2024.07.23 08:24:00;2394.64;-0.5;;52.43
2024.07.22 22:53:00;Sell;0.07;XAUUSD;2399.95;0.07;2024.07.23 08:24:00;2394.64;-0.5;1.45;37.17
2024.07.22 22:41:00;Sell;0.07;XAUUSD;2398.11;0.07;2024.07.23 08:24:00;2394.64;-0.5;1.45;24.29
2024.07.22 20:20:00;Sell;0.07;XAUUSD;2395.2;0.07;2024.07.23 08:24:00;2394.64;-0.5;1.45;3.92
2024.07.22 23:37:01;Buy;0.07;XAUUSD;2398.09;0.07;2024.07.23 03:31:00;2397.8;-0.5;-2.3;-2.03
2024.07.22 23:20:00;Buy;0.07;XAUUSD;2398.64;0.07;2024.07.23 03:31:00;2397.8;-0.5;-2.3;-5.88
2024.07.22 23:08:00;Buy;0.07;XAUUSD;2399.29;0.07;2024.07.23 03:31:00;2397.8;-0.5;-2.3;-10.43
2024.07.23 02:16:02;Buy;0.07;XAUUSD;2395.27;0.07;2024.07.23 03:31:00;2397.8;-0.5;;17.71
2024.07.23 01:49:00;Buy;0.07;XAUUSD;2395.8;0.07;2024.07.23 03:31:00;2397.8;-0.5;;14
2024.07.22 23:52:00;Buy;0.07;XAUUSD;2396.4;0.07;2024.07.23 03:31:00;2397.8;-0.5;-2.3;9.8
2024.07.22 23:45:00;Buy;0.07;XAUUSD;2396.96;0.07;2024.07.23 03:31:00;2397.8;-0.5;-2.3;5.88
2024.07.22 23:43:04;Buy;0.07;XAUUSD;2397.56;0.07;2024.07.23 03:31:00;2397.8;-0.5;-2.3;1.6800000000000002
2024.07.22 23:04:01;Buy;0.07;XAUUSD;2398.53;0.07;2024.07.22 23:07:00;2399.12;-0.5;;4.13
2024.07.22 22:00:00;Buy;0.07;XAUUSD;2395.81;0.07;2024.07.22 22:07:00;2396.14;-0.5;;2.31
2024.07.22 18:00:00;Sell;0.07;XAUUSD;2387.26;0.07;2024.07.22 18:23:00;2386.16;-0.5;;7.7
2024.07.19 23:30:00;Sell;0.07;XAUUSD;2399.93;0.07;2024.07.19 23:34:05;2399.16;-0.5;;5.39
2024.07.19 23:00:00;Sell;0.07;XAUUSD;2398.85;0.07;2024.07.19 23:08:00;2397.99;-0.5;;6.02
2024.07.19 22:30:00;Sell;0.07;XAUUSD;2398.37;0.07;2024.07.19 22:32:00;2397.67;-0.5;;4.9
2024.07.19 18:00:00;Sell;0.07;XAUUSD;2398.07;0.07;2024.07.19 19:54:00;2399.77;-0.5;;-11.9
2024.07.19 18:07:00;Sell;0.07;XAUUSD;2404.14;0.07;2024.07.19 19:54:00;2399.77;-0.5;;30.59
2024.07.18 23:00:00;Sell;0.07;XAUUSD;2443.08;0.07;2024.07.18 23:08:01;2441.76;-0.5;;9.24
2024.07.09 02:32:01;Sell;0.04;XAUUSD;2361.3;0.04;2024.07.09 10:19:00;2361.85;-0.28;;-2.2
2024.07.09 02:07:00;Sell;0.04;XAUUSD;2360.42;0.04;2024.07.09 10:19:00;2361.85;-0.28;;-5.72
2024.07.08 22:43:00;Sell;0.04;XAUUSD;2358.64;0.04;2024.07.09 10:19:00;2361.85;-0.28;0.83;-12.84
2024.07.08 22:00:00;Sell;0.04;XAUUSD;2356.69;0.04;2024.07.09 10:19:00;2361.85;-0.28;0.83;-20.64
2024.07.09 07:19:00;Sell;0.07;XAUUSD;2368.67;0.07;2024.07.09 10:19:00;2361.85;-0.5;;47.74
2024.07.09 05:46:00;Sell;0.04;XAUUSD;2366.3;0.04;2024.07.09 10:19:00;2361.85;-0.28;;17.8
2024.07.09 04:11:00;Sell;0.04;XAUUSD;2364;0.04;2024.07.09 10:19:00;2361.85;-0.28;;8.6
2024.07.09 03:01:00;Sell;0.04;XAUUSD;2362.92;0.04;2024.07.09 10:19:00;2361.85;-0.28;;4.28
2024.07.09 02:57:00;Sell;0.04;XAUUSD;2362;0.04;2024.07.09 10:19:00;2361.85;-0.28;;0.6
2024.07.09 05:47:59;Balance;;;;;;;;;1000
2024.07.08 21:30:00;Sell;0.04;XAUUSD;2356.27;0.04;2024.07.08 21:46:00;2355.28;-0.28;;3.96
2024.07.08 21:00:00;Sell;0.04;XAUUSD;2357.15;0.04;2024.07.08 21:22:00;2356.24;-0.28;;3.64
2024.07.02 23:36:12;Buy;0.04;XAUUSD;2329.86;0.04;2024.07.03 01:03:00;2330.67;-0.28;-1.31;3.24
2024.06.24 01:35:00;Sell;0.04;XAUUSD;2321.86;0.04;2024.06.24 02:03:02;2321.21;-0.28;;2.6
2024.06.21 21:30:00;Sell;0.04;XAUUSD;2321.83;0.04;2024.06.24 02:03:01;2321.21;-0.28;0.83;2.48
2024.06.21 21:00:00;Sell;0.04;XAUUSD;2319.35;0.04;2024.06.21 21:02:00;2317.58;-0.28;;7.08
2024.06.21 18:20:00;Sell;0.04;XAUUSD;2325.05;0.04;2024.06.21 20:04:00;2323.29;-0.28;;7.04
2024.06.21 18:00:00;Sell;0.04;XAUUSD;2330.08;0.04;2024.06.21 18:17:00;2328.07;-0.28;;8.04
2024.06.21 11:35:00;Buy;0.04;XAUUSD;2366.16;0.04;2024.06.21 14:13:00;2365.8;-0.28;;-1.44
2024.06.21 11:30:03;Buy;0.04;XAUUSD;2367.89;0.04;2024.06.21 14:13:00;2365.8;-0.28;;-8.36
2024.06.21 13:06:00;Buy;0.04;XAUUSD;2362.42;0.04;2024.06.21 14:13:00;2365.8;-0.28;;13.52
2024.06.21 12:38:00;Buy;0.04;XAUUSD;2363.43;0.04;2024.06.21 14:13:00;2365.82;-0.28;;9.56
2024.06.21 12:25:00;Buy;0.04;XAUUSD;2364.6;0.04;2024.06.21 14:13:00;2365.82;-0.28;;4.88
2024.06.21 09:10:00;Buy;0.03;XAUUSD;2362.48;0.03;2024.06.21 10:49:00;2362.12;-0.22;;-1.08
2024.06.21 09:01:00;Buy;0.03;XAUUSD;2363.74;0.03;2024.06.21 10:49:00;2362.13;-0.22;;-4.83
2024.06.21 09:00:00;Buy;0.03;XAUUSD;2364.53;0.03;2024.06.21 10:49:00;2362.15;-0.22;;-7.14
2024.06.21 10:22:00;Buy;0.03;XAUUSD;2355.81;0.03;2024.06.21 10:49:00;2362.14;-0.22;;18.99
2024.06.21 10:05:00;Buy;0.03;XAUUSD;2357.21;0.03;2024.06.21 10:49:00;2362.14;-0.22;;14.79
2024.06.21 09:42:00;Buy;0.03;XAUUSD;2358.91;0.03;2024.06.21 10:49:00;2362.14;-0.22;;9.69
2024.06.21 09:35:00;Buy;0.03;XAUUSD;2360.52;0.03;2024.06.21 10:49:00;2362.14;-0.22;;4.86
2024.06.21 09:23:00;Buy;0.03;XAUUSD;2361.58;0.03;2024.06.21 10:49:00;2362.22;-0.22;;1.92
2024.06.21 08:31:00;Buy;0.03;XAUUSD;2362.85;0.03;2024.06.21 08:39:00;2364;-0.22;;3.45
2024.06.21 08:30:00;Buy;0.03;XAUUSD;2363.56;0.03;2024.06.21 08:39:00;2364;-0.22;;1.32
2024.06.19 12:07:00;Buy;0.03;XAUUSD;2330.93;0.03;2024.06.19 14:51:00;2330.91;-0.22;;-0.06
2024.06.19 11:47:00;Buy;0.03;XAUUSD;2332.11;0.03;2024.06.19 14:51:00;2330.91;-0.22;;-3.6
2024.06.19 11:37:00;Buy;0.03;XAUUSD;2333.11;0.03;2024.06.19 14:51:00;2330.91;-0.22;;-6.6
2024.06.19 11:30:00;Buy;0.03;XAUUSD;2333.94;0.03;2024.06.19 14:51:00;2330.91;-0.22;;-9.09
2024.06.19 14:06:00;Buy;0.03;XAUUSD;2326.43;0.03;2024.06.19 14:51:00;2330.91;-0.22;;13.44
2024.06.19 14:03:00;Buy;0.03;XAUUSD;2327.36;0.03;2024.06.19 14:51:00;2330.91;-0.22;;10.65
2024.06.19 12:39:00;Buy;0.03;XAUUSD;2328.12;0.03;2024.06.19 14:51:00;2330.91;-0.22;;8.37
2024.06.19 12:31:00;Buy;0.03;XAUUSD;2329.14;0.03;2024.06.19 14:51:00;2330.91;-0.22;;5.31
2024.06.19 12:10:00;Buy;0.03;XAUUSD;2330.03;0.03;2024.06.19 14:51:00;2330.91;-0.22;;2.64
2024.06.19 10:30:00;Buy;0.02;XAUUSD;2331.25;0.02;2024.06.19 11:00:00;2332.22;-0.14;;1.94
2024.06.17 23:20:00;Buy;0.02;XAUUSD;2320.05;0.02;2024.06.17 23:40:00;2319.54;-0.14;;-1.02
2024.06.17 23:33:05;Buy;0.02;XAUUSD;2318.65;0.02;2024.06.17 23:40:00;2319.54;-0.14;;1.78
2024.06.17 23:30:00;Buy;0.02;XAUUSD;2319.25;0.02;2024.06.17 23:40:00;2319.65;-0.14;;0.8
2024.06.17 23:12:01;Buy;0.02;XAUUSD;2320.1;0.02;2024.06.17 23:18:00;2320.43;-0.14;;0.66
2024.06.07 23:23:00;Sell;0.04;XAUUSD;2292.03;0.04;2024.06.10 07:07:00;2293.06;-0.28;0.83;-4.12
2024.06.07 23:00:00;Sell;0.04;XAUUSD;2288.1;0.04;2024.06.10 07:07:00;2293.06;-0.28;0.83;-19.84
2024.06.10 02:39:00;Sell;0.04;XAUUSD;2299.67;0.04;2024.06.10 07:07:00;2293.06;-0.28;;26.44
2024.06.10 01:44:00;Sell;0.04;XAUUSD;2296.15;0.04;2024.06.10 07:07:00;2293.08;-0.28;;12.28
2024.06.08 00:04:14;Balance;;;;;;;;;700
2024.06.07 22:30:00;Sell;0.04;XAUUSD;2295.22;0.04;2024.06.07 22:33:00;2293.99;-0.28;;4.92
2024.06.07 22:00:00;Sell;0.04;XAUUSD;2301.54;0.04;2024.06.07 22:01:00;2300.12;-0.28;;5.68
2024.06.07 21:30:00;Sell;0.04;XAUUSD;2305.06;0.04;2024.06.07 21:33:00;2303.56;-0.28;;6
2024.06.07 18:40:00;Sell;0.04;XAUUSD;2309.24;0.04;2024.06.07 18:50:00;2307.84;-0.28;;5.6
2024.06.07 18:00:00;Sell;0.04;XAUUSD;2313.41;0.04;2024.06.07 18:22:00;2311.85;-0.28;;6.24
2024.05.29 12:28:45;Balance;;;;;;;;;-800
2024.05.23 21:00:00;Sell;0.02;XAUUSD;2332.28;0.02;2024.05.23 23:32:02;2330.4;-0.14;;3.76
2024.05.22 23:30:00;Sell;0.02;XAUUSD;2379.09;0.02;2024.05.22 23:31:00;2378.25;-0.14;;1.6800000000000002
2024.05.22 23:00:00;Sell;0.02;XAUUSD;2379.58;0.02;2024.05.22 23:18:00;2378.53;-0.14;;2.1
2024.05.22 22:30:00;Sell;0.02;XAUUSD;2379.42;0.02;2024.05.22 22:41:01;2377.72;-0.14;;3.4
2024.05.22 18:00:00;Sell;0.02;XAUUSD;2388.54;0.02;2024.05.22 21:03:00;2385.65;-0.14;;5.78
2024.05.22 21:00:00;Sell;0.02;XAUUSD;2388.3;0.02;2024.05.22 21:02:00;2387.04;-0.14;;2.52
2024.05.20 09:05:00;Buy;0.02;XAUUSD;2445.81;0.02;2024.05.20 12:10:00;2445.54;-0.14;;-0.54
2024.05.20 09:00:00;Buy;0.02;XAUUSD;2449.79;0.02;2024.05.20 12:10:00;2445.54;-0.14;;-8.5
2024.05.20 09:38:00;Buy;0.02;XAUUSD;2434.06;0.02;2024.05.20 12:10:00;2445.54;-0.14;;22.96
2024.05.20 09:33:00;Buy;0.02;XAUUSD;2438.82;0.02;2024.05.20 12:10:00;2445.54;-0.14;;13.44
2024.05.20 09:22:00;Buy;0.02;XAUUSD;2441.64;0.02;2024.05.20 12:10:00;2445.54;-0.14;;7.8
2024.05.20 09:34:36;Balance;;;;;;;;;500
2024.05.20 09:23:30;Balance;;;;;;;;;200
2024.05.20 09:20:46;Balance;;;;;;;;;100
2024.05.20 09:05:05;Balance;;;;;;;;;100
2024.05.13 10:40:27;Balance;;;;;;;;;-100
2024.05.10 10:22:03;Buy;0.01;XAUUSD;2366.59;0.01;2024.05.10 11:54:00;2369.85;-0.08;;3.26
2024.05.10 10:00:00;Buy;0.01;XAUUSD;2368.63;0.01;2024.05.10 11:54:00;2369.85;-0.08;;1.22
2024.05.10 09:30:00;Buy;0.01;XAUUSD;2362.71;0.01;2024.05.10 09:43:00;2364.94;-0.08;;2.23
2024.05.10 09:00:00;Buy;0.01;XAUUSD;2357.11;0.01;2024.05.10 09:03:00;2358.74;-0.08;;1.63
2024.05.10 08:34:00;Buy;0.01;XAUUSD;2354.85;0.01;2024.05.10 08:43:00;2356.36;-0.08;;1.51
2024.05.10 08:30:00;Buy;0.01;XAUUSD;2355.81;0.01;2024.05.10 08:43:00;2356.36;-0.08;;0.55
2024.05.09 23:20:00;Buy;0.01;XAUUSD;2347.26;0.01;2024.05.10 01:03:00;2346.62;-0.08;-0.33;-0.64
2024.05.09 23:30:00;Buy;0.01;XAUUSD;2344.43;0.01;2024.05.10 01:03:00;2346.58;-0.08;-0.33;2.15
2024.05.09 23:23:00;Buy;0.01;XAUUSD;2345.78;0.01;2024.05.10 01:03:00;2346.58;-0.08;-0.33;0.8
2024.05.09 23:31:19;Balance;;;;;;;;;100
2024.05.09 23:16:00;Buy;0.01;XAUUSD;2345.89;0.01;2024.05.09 23:18:00;2346.55;-0.08;;0.66
2024.05.09 23:12:00;Buy;0.01;XAUUSD;2345.58;0.01;2024.05.09 23:15:00;2346.68;-0.08;;1.1
2024.04.30 23:30:00;Sell;0.01;XAUUSD;2290.83;0.01;2024.04.30 23:33:04;2288.45;-0.08;;2.38
2024.04.30 22:30:00;Sell;0.01;XAUUSD;2292.78;0.01;2024.04.30 22:57:00;2291.8;-0.08;;0.98
2024.04.30 21:00:00;Sell;0.01;XAUUSD;2295.96;0.01;2024.04.30 21:35:00;2294.74;-0.08;;1.22
2024.04.30 18:20:00;Sell;0.01;XAUUSD;2296.85;0.01;2024.04.30 18:45:00;2295.09;-0.08;;1.76
2024.04.29 12:35:01;Balance;;;;;;;;;100
